condition,mode,clip_id,truth,predicted,quality_accepted,confidence,drive,lob,topspin
angles_control,gru,Beginner3_Drive_001,drive,topspin,True,0.8136836290359497,0.18358328938484192,0.0027330641169101,0.8136836290359497
angles_control,gru,Beginner3_Drive_002,drive,topspin,True,0.7109045386314392,0.2863769829273224,0.002718438161537051,0.7109045386314392
angles_control,gru,Beginner3_Drive_003,drive,drive,True,0.5839735269546509,0.5839735269546509,0.003052706364542246,0.4129738211631775
angles_control,gru,Beginner3_Drive_004,drive,drive,True,0.8769294619560242,0.8769294619560242,0.0035705335903912783,0.11949996650218964
angles_control,gru,Beginner3_Drive_005,drive,topspin,True,0.5265602469444275,0.47017616033554077,0.00326354056596756,0.5265602469444275
angles_control,gru,Beginner3_Drive_006,drive,drive,True,0.6394578218460083,0.6394578218460083,0.004394136369228363,0.3561480641365051
angles_control,gru,Beginner3_Drive_007,drive,drive,True,0.9443422555923462,0.9443422555923462,0.0018283206736668944,0.05382947996258736
angles_control,gru,Beginner3_Drive_008,drive,drive,True,0.5631468296051025,0.5631468296051025,0.002984133781865239,0.43386906385421753
angles_control,gru,Beginner3_Drive_009,drive,drive,True,0.7840139269828796,0.7840139269828796,0.00306701404042542,0.21291899681091309
angles_control,gru,Beginner3_Drive_010,drive,drive,True,0.6619834303855896,0.6619834303855896,0.004667981062084436,0.3333485722541809
angles_control,gru,Beginner3_Drive_011,drive,topspin,True,0.607922375202179,0.38058504462242126,0.011492556892335415,0.607922375202179
angles_control,gru,Beginner3_Drive_012,drive,drive,True,0.8103537559509277,0.8103537559509277,0.004660998936742544,0.1849851757287979
angles_control,gru,Beginner3_Drive_013,drive,drive,True,0.6140357255935669,0.6140357255935669,0.007042103447020054,0.3789222240447998
angles_control,gru,Beginner3_Drive_014,drive,drive,True,0.8030874133110046,0.8030874133110046,0.004049253650009632,0.192863330245018
angles_control,gru,Beginner3_Drive_015,drive,drive,True,0.6225574612617493,0.6225574612617493,0.004172871820628643,0.373269647359848
angles_control,gru,Beginner3_Drive_016,drive,drive,True,0.9215957522392273,0.9215957522392273,0.0030772711616009474,0.07532687485218048
angles_control,gru,Beginner3_Drive_017,drive,topspin,True,0.8221161961555481,0.17402419447898865,0.00385962869040668,0.8221161961555481
angles_control,gru,Beginner3_Drive_018,drive,drive,True,0.8683544397354126,0.8683544397354126,0.0008372624288313091,0.1308082640171051
angles_control,gru,Beginner3_Drive_019,drive,unavailable,False,0.9748042821884155,0.9748042821884155,0.002784213051199913,0.02241150662302971
angles_control,gru,Beginner3_Drive_020,drive,drive,True,0.9339834451675415,0.9339834451675415,0.035267725586891174,0.030748823657631874
angles_control,gru,Beginner3_Drive_021,drive,drive,True,0.9579175710678101,0.9579175710678101,0.008822965435683727,0.033259548246860504
angles_control,gru,Beginner3_Drive_022,drive,lob,True,0.39663442969322205,0.36387014389038086,0.39663442969322205,0.2394953966140747
angles_control,gru,Beginner3_Drive_023,drive,drive,True,0.5991334915161133,0.5991334915161133,0.0030104450415819883,0.39785608649253845
angles_control,gru,Beginner3_Drive_024,drive,drive,True,0.9849621057510376,0.9849621057510376,0.0017026460263878107,0.013335335068404675
angles_control,gru,Beginner3_Drive_025,drive,drive,True,0.6506952047348022,0.6506952047348022,0.005484812892973423,0.3438199460506439
angles_control,gru,Beginner3_Drive_026,drive,topspin,True,0.42260727286338806,0.18185476958751678,0.3955379128456116,0.42260727286338806
angles_control,gru,Beginner3_Drive_027,drive,drive,True,0.5090461373329163,0.5090461373329163,0.002286485629156232,0.48866739869117737
angles_control,gru,Beginner3_Drive_028,drive,drive,True,0.9793373346328735,0.9793373346328735,0.0009102693875320256,0.019752386957406998
angles_control,gru,Beginner3_Drive_029,drive,drive,True,0.6672643423080444,0.6672643423080444,0.0037550448905676603,0.32898053526878357
angles_control,gru,Beginner3_Drive_030,drive,drive,True,0.8157594799995422,0.8157594799995422,0.0046031298115849495,0.17963740229606628
angles_control,gru,Beginner3_Drive_031,drive,topspin,True,0.5391727089881897,0.45553454756736755,0.005292798858135939,0.5391727089881897
angles_control,gru,Beginner3_Lob_001,lob,drive,True,0.6195691823959351,0.6195691823959351,0.006543118506669998,0.37388765811920166
angles_control,gru,Beginner3_Lob_002,lob,drive,True,0.986297607421875,0.986297607421875,0.0013605344574898481,0.01234189048409462
angles_control,gru,Beginner3_Lob_003,lob,drive,True,0.7126060128211975,0.7126060128211975,0.06639818102121353,0.22099585831165314
angles_control,gru,Beginner3_Lob_004,lob,topspin,True,0.8289567828178406,0.16772149503231049,0.0033216855954378843,0.8289567828178406
angles_control,gru,Beginner3_Lob_005,lob,drive,True,0.6552352905273438,0.6552352905273438,0.1704312413930893,0.17433345317840576
angles_control,gru,Beginner3_Lob_006,lob,drive,True,0.722610592842102,0.722610592842102,0.13123010098934174,0.1461593359708786
angles_control,gru,Beginner3_Lob_007,lob,drive,True,0.7404953837394714,0.7404953837394714,0.02999342419207096,0.22951118648052216
angles_control,gru,Beginner3_Lob_008,lob,drive,True,0.7857538461685181,0.7857538461685181,0.03207389637827873,0.1821722686290741
angles_control,gru,Beginner3_Lob_009,lob,drive,True,0.7631131410598755,0.7631131410598755,0.02130359783768654,0.21558323502540588
angles_control,gru,Beginner3_Lob_010,lob,drive,True,0.6169472932815552,0.6169472932815552,0.005560821853578091,0.37749189138412476
angles_control,gru,Beginner3_Lob_011,lob,drive,True,0.9770932197570801,0.9770932197570801,0.0018096256535500288,0.02109719254076481
angles_control,gru,Beginner3_Lob_012,lob,drive,True,0.5456477999687195,0.5456477999687195,0.005653651896864176,0.4486985206604004
angles_control,gru,Beginner3_Lob_013,lob,drive,True,0.865325927734375,0.865325927734375,0.06317226588726044,0.0715017318725586
angles_control,gru,Beginner3_Lob_014,lob,drive,True,0.8078135251998901,0.8078135251998901,0.0021074984688311815,0.19007901847362518
angles_control,gru,Beginner3_Lob_015,lob,drive,True,0.7517216205596924,0.7517216205596924,0.0031131557188928127,0.24516522884368896
angles_control,gru,Beginner3_Lob_016,lob,drive,True,0.5480742454528809,0.5480742454528809,0.04144194349646568,0.41048377752304077
angles_control,gru,Beginner3_Lob_017,lob,drive,True,0.6715494990348816,0.6715494990348816,0.007873645052313805,0.32057687640190125
angles_control,gru,Beginner3_Lob_018,lob,drive,True,0.5896978378295898,0.5896978378295898,0.005015382077544928,0.4052867293357849
angles_control,gru,Beginner3_Lob_019,lob,topspin,True,0.573152482509613,0.41751256585121155,0.009334934875369072,0.573152482509613
angles_control,gru,Beginner3_Lob_020,lob,topspin,True,0.614248514175415,0.3774380385875702,0.008313420228660107,0.614248514175415
angles_control,gru,Beginner3_Lob_021,lob,topspin,True,0.6108335852622986,0.379681259393692,0.009485175833106041,0.6108335852622986
angles_control,gru,Beginner3_Lob_022,lob,topspin,True,0.749216616153717,0.24756595492362976,0.0032174517400562763,0.749216616153717
angles_control,gru,Beginner3_Lob_023,lob,drive,True,0.5805373787879944,0.5805373787879944,0.005816646385937929,0.41364604234695435
angles_control,gru,Beginner3_Lob_024,lob,drive,True,0.5707334280014038,0.5707334280014038,0.0125249233096838,0.41674166917800903
angles_control,gru,Beginner3_Lob_025,lob,drive,True,0.6243544816970825,0.6243544816970825,0.007923441007733345,0.36772218346595764
angles_control,gru,Beginner3_Lob_026,lob,drive,True,0.551876425743103,0.551876425743103,0.007473172154277563,0.44065040349960327
angles_control,gru,Beginner3_Lob_027,lob,topspin,True,0.9199041128158569,0.075450100004673,0.004645825829356909,0.9199041128158569
angles_control,gru,Beginner3_Lob_028,lob,topspin,True,0.5491105318069458,0.442091166973114,0.008798263967037201,0.5491105318069458
angles_control,gru,Beginner3_Topsin_001,topspin,drive,True,0.5876472592353821,0.5876472592353821,0.0038690969813615084,0.4084835946559906
angles_control,gru,Beginner3_Topsin_002,topspin,drive,True,0.606117844581604,0.606117844581604,0.007714954670518637,0.3861672282218933
angles_control,gru,Beginner3_Topsin_003,topspin,drive,True,0.6146025061607361,0.6146025061607361,0.0013406208017840981,0.3840568959712982
angles_control,gru,Beginner3_Topsin_004,topspin,topspin,True,0.7466586828231812,0.2499741017818451,0.0033671599812805653,0.7466586828231812
angles_control,gru,Beginner3_Topsin_005,topspin,drive,True,0.6700562834739685,0.6700562834739685,0.0028491499833762646,0.32709458470344543
angles_control,gru,Beginner3_Topsin_006,topspin,drive,True,0.6298902034759521,0.6298902034759521,0.00232112524099648,0.367788702249527
angles_control,gru,Beginner3_Topsin_007,topspin,topspin,True,0.7988044619560242,0.19856475293636322,0.0026307268999516964,0.7988044619560242
angles_control,gru,Beginner3_Topsin_008,topspin,drive,True,0.9350225329399109,0.9350225329399109,0.0033929210621863604,0.06158447265625
angles_control,gru,Beginner3_Topsin_009,topspin,drive,True,0.8561142086982727,0.8561142086982727,0.0041926829144358635,0.1396932154893875
angles_control,gru,Beginner3_Topsin_010,topspin,drive,True,0.6754405498504639,0.6754405498504639,0.00680872518569231,0.3177507519721985
angles_control,gru,Beginner3_Topsin_011,topspin,topspin,True,0.7640134692192078,0.23200485110282898,0.003981674090027809,0.7640134692192078
angles_control,gru,Beginner3_Topsin_012,topspin,topspin,True,0.8241764903068542,0.16149693727493286,0.014326682314276695,0.8241764903068542
angles_control,gru,Beginner3_Topsin_013,topspin,drive,True,0.7592898607254028,0.7592898607254028,0.0016744246240705252,0.2390357255935669
angles_control,gru,Beginner3_Topsin_014,topspin,drive,True,0.6569391489028931,0.6569391489028931,0.0075764888897538185,0.3354843556880951
angles_control,gru,Beginner3_Topsin_015,topspin,topspin,True,0.6409319043159485,0.35070353746414185,0.008364607580006123,0.6409319043159485
angles_control,gru,Beginner3_Topsin_016,topspin,topspin,True,0.8161212801933289,0.17446967959403992,0.009409059770405293,0.8161212801933289
angles_control,gru,Beginner3_Topsin_017,topspin,topspin,True,0.8235944509506226,0.17170415818691254,0.004701382014900446,0.8235944509506226
angles_control,gru,Beginner3_Topsin_018,topspin,drive,True,0.935835063457489,0.935835063457489,0.003975220024585724,0.06018964573740959
angles_control,gru,Beginner3_Topsin_019,topspin,topspin,True,0.6141839027404785,0.3774769604206085,0.008339202031493187,0.6141839027404785
angles_control,gru,Beginner3_Topsin_020,topspin,topspin,True,0.8360012769699097,0.15031751990318298,0.013681242242455482,0.8360012769699097
angles_control,gru,Beginner3_Topsin_021,topspin,topspin,True,0.701890766620636,0.2932226061820984,0.004886585287749767,0.701890766620636
angles_control,gru,Beginner3_Topsin_022,topspin,drive,True,0.5169143676757812,0.5169143676757812,0.0048529524356126785,0.4782326817512512
angles_control,gru,Beginner3_Topsin_023,topspin,topspin,True,0.7888516187667847,0.20417869091033936,0.006969712674617767,0.7888516187667847
angles_control,gru,Beginner3_Topsin_024,topspin,topspin,True,0.6354008316993713,0.3565358519554138,0.008063350804150105,0.6354008316993713
angles_control,gru,Beginner3_Topsin_025,topspin,topspin,True,0.8124613761901855,0.1822923719882965,0.005246216431260109,0.8124613761901855
angles_control,gru,Beginner3_Topsin_026,topspin,drive,True,0.7269570231437683,0.7269570231437683,0.1962146759033203,0.0768282562494278
angles_control,gru,Nested Sequence 341,drive,topspin,True,0.8361390829086304,0.15978741645812988,0.004073473624885082,0.8361390829086304
angles_control,gru,Nested Sequence 342,drive,topspin,True,0.9191438555717468,0.07514958828687668,0.005706563591957092,0.9191438555717468
angles_control,gru,Nested Sequence 343,drive,topspin,True,0.7955855131149292,0.19922807812690735,0.005186411086469889,0.7955855131149292
angles_control,gru,Nested Sequence 344,drive,drive,True,0.8808438181877136,0.8808438181877136,0.0015483229653909802,0.11760783195495605
angles_control,gru,Nested Sequence 345,drive,topspin,True,0.5840522050857544,0.4087674021720886,0.007180489599704742,0.5840522050857544
angles_control,gru,Nested Sequence 346,drive,topspin,True,0.6882839798927307,0.3080311417579651,0.0036848965100944042,0.6882839798927307
angles_control,gru,Nested Sequence 347,drive,drive,True,0.6994743943214417,0.6994743943214417,0.0023842700757086277,0.2981414198875427
angles_control,gru,Nested Sequence 348,drive,drive,True,0.9257451295852661,0.9257451295852661,0.003824797924607992,0.07043008506298065
angles_control,gru,Nested Sequence 349,drive,drive,True,0.6444231867790222,0.6444231867790222,0.004587277304381132,0.35098952054977417
angles_control,gru,Nested Sequence 350,drive,topspin,True,0.6409584283828735,0.35227638483047485,0.00676517840474844,0.6409584283828735
angles_control,gru,Nested Sequence 351,drive,drive,True,0.9507166147232056,0.9507166147232056,0.0025860292371362448,0.04669744521379471
angles_control,gru,Nested Sequence 352,drive,drive,True,0.8565468788146973,0.8565468788146973,0.003758670063689351,0.13969451189041138
angles_control,gru,Nested Sequence 353,drive,topspin,True,0.6402255892753601,0.3552456498146057,0.004528750665485859,0.6402255892753601
angles_control,gru,Nested Sequence 354,drive,drive,True,0.891800045967102,0.891800045967102,0.0031515308655798435,0.1050485149025917
angles_control,gru,Nested Sequence 355,drive,topspin,True,0.5394910573959351,0.4547792375087738,0.005729646887630224,0.5394910573959351
angles_control,gru,Nested Sequence 356,drive,topspin,True,0.6799100637435913,0.3149826228618622,0.0051073310896754265,0.6799100637435913
angles_control,gru,Nested Sequence 357,drive,drive,True,0.646031379699707,0.646031379699707,0.006140260957181454,0.34782832860946655
angles_control,gru,Nested Sequence 358,drive,drive,True,0.5325236916542053,0.5325236916542053,0.004917480051517487,0.4625588357448578
angles_control,gru,Nested Sequence 359,drive,drive,True,0.984322190284729,0.984322190284729,0.0008020278182812035,0.014875849708914757
angles_control,gru,Nested Sequence 360,drive,drive,True,0.8820127248764038,0.8820127248764038,0.0036420586984604597,0.11434515565633774
angles_control,gru,Nested Sequence 361,drive,drive,True,0.7368870973587036,0.7368870973587036,0.005609166342765093,0.2575036883354187
angles_control,gru,Nested Sequence 362,drive,drive,True,0.8708540797233582,0.8708540797233582,0.0039389124140143394,0.1252070814371109
angles_control,gru,Nested Sequence 363,drive,drive,True,0.5664061307907104,0.5664061307907104,0.006104772910475731,0.42748910188674927
angles_control,gru,Nested Sequence 364,drive,topspin,True,0.684339165687561,0.31045252084732056,0.005208334885537624,0.684339165687561
angles_control,gru,Nested Sequence 365,drive,drive,True,0.847638726234436,0.847638726234436,0.003822007682174444,0.1485392451286316
angles_control,gru,Nested Sequence 366,drive,drive,True,0.5889578461647034,0.5889578461647034,0.004355937242507935,0.4066862165927887
angles_control,gru,Nested Sequence 367,drive,drive,True,0.7266387939453125,0.7266387939453125,0.00429098354652524,0.26907020807266235
angles_control,gru,Nested Sequence 368,drive,drive,True,0.7467226386070251,0.7467226386070251,0.004814941436052322,0.2484624683856964
angles_control,gru,Nested Sequence 369,drive,drive,True,0.9136083722114563,0.9136083722114563,0.002612385433167219,0.08377920091152191
angles_control,gru,Nested Sequence 370,drive,drive,True,0.8261722326278687,0.8261722326278687,0.004501823335886002,0.1693258285522461
angles_control,gru,Nested Sequence 311,lob,lob,True,0.8302578926086426,0.1456742137670517,0.8302578926086426,0.024067889899015427
angles_control,gru,Nested Sequence 312,lob,topspin,True,0.8581178784370422,0.04529733210802078,0.09658478200435638,0.8581178784370422
angles_control,gru,Nested Sequence 313,lob,topspin,True,0.655551552772522,0.2079547941684723,0.13649366796016693,0.655551552772522
angles_control,gru,Nested Sequence 314,lob,lob,True,0.526578426361084,0.24645575881004333,0.526578426361084,0.22696582973003387
angles_control,gru,Nested Sequence 315,lob,topspin,True,0.7589607238769531,0.1434307098388672,0.0976085215806961,0.7589607238769531
angles_control,gru,Nested Sequence 316,lob,drive,True,0.5625029802322388,0.5625029802322388,0.3999277949333191,0.03756914660334587
angles_control,gru,Nested Sequence 317,lob,drive,True,0.5331570506095886,0.5331570506095886,0.44678688049316406,0.02005603164434433
angles_control,gru,Nested Sequence 318,lob,drive,True,0.5036330223083496,0.5036330223083496,0.47315359115600586,0.023213375359773636
angles_control,gru,Nested Sequence 319,lob,lob,True,0.39513835310935974,0.3346084654331207,0.39513835310935974,0.27025318145751953
angles_control,gru,Nested Sequence 320,lob,drive,True,0.5051040649414062,0.5051040649414062,0.46200495958328247,0.032890938222408295
angles_control,gru,Nested Sequence 321,lob,lob,True,0.5039423108100891,0.4681052565574646,0.5039423108100891,0.02795236185193062
angles_control,gru,Nested Sequence 322,lob,lob,True,0.5870350003242493,0.23941414058208466,0.5870350003242493,0.17355088889598846
angles_control,gru,Nested Sequence 323,lob,lob,True,0.5878637433052063,0.36930838227272034,0.5878637433052063,0.04282785952091217
angles_control,gru,Nested Sequence 324,lob,lob,True,0.579512357711792,0.2001817673444748,0.579512357711792,0.22030583024024963
angles_control,gru,Nested Sequence 325,lob,lob,True,0.9090844988822937,0.0033174417912960052,0.9090844988822937,0.0875980406999588
angles_control,gru,Nested Sequence 326,lob,topspin,True,0.3701331615447998,0.26525187492370605,0.36461490392684937,0.3701331615447998
angles_control,gru,Nested Sequence 327,lob,drive,True,0.7626277804374695,0.7626277804374695,0.1987299621105194,0.03864220529794693
angles_control,gru,Nested Sequence 328,lob,topspin,True,0.6673294305801392,0.32924866676330566,0.00342189590446651,0.6673294305801392
angles_control,gru,Nested Sequence 329,lob,lob,True,0.7937320470809937,0.010236077941954136,0.7937320470809937,0.19603189826011658
angles_control,gru,Nested Sequence 330,lob,lob,True,0.6015037298202515,0.3804824650287628,0.6015037298202515,0.018013816326856613
angles_control,gru,Nested Sequence 331,lob,topspin,True,0.7192047238349915,0.07717856764793396,0.203616663813591,0.7192047238349915
angles_control,gru,Nested Sequence 332,lob,topspin,True,0.4675987660884857,0.3114998936653137,0.22090137004852295,0.4675987660884857
angles_control,gru,Nested Sequence 333,lob,drive,True,0.9253860712051392,0.9253860712051392,0.000880187377333641,0.07373367995023727
angles_control,gru,Nested Sequence 334,lob,topspin,True,0.8413665890693665,0.15235504508018494,0.006278337445110083,0.8413665890693665
angles_control,gru,Nested Sequence 335,lob,lob,True,0.6166622638702393,0.3716704845428467,0.6166622638702393,0.011667189188301563
angles_control,gru,Nested Sequence 336,lob,topspin,True,0.5470963716506958,0.2365272045135498,0.21637646853923798,0.5470963716506958
angles_control,gru,Nested Sequence 337,lob,drive,True,0.6944887638092041,0.6944887638092041,0.0014979891711845994,0.30401328206062317
angles_control,gru,Nested Sequence 338,lob,drive,True,0.8943015933036804,0.8943015933036804,0.0009696975466795266,0.10472865402698517
angles_control,gru,Nested Sequence 339,lob,topspin,True,0.7096048593521118,0.2859324812889099,0.0044627138413488865,0.7096048593521118
angles_control,gru,Nested Sequence 340,lob,drive,True,0.6763867139816284,0.6763867139816284,0.003080155700445175,0.3205330967903137
angles_control,gru,Nested Sequence 371,topspin,topspin,True,0.9611110687255859,0.032862238585948944,0.00602669408544898,0.9611110687255859
angles_control,gru,Nested Sequence 372,topspin,topspin,True,0.9438614845275879,0.0426359623670578,0.013502540066838264,0.9438614845275879
angles_control,gru,Nested Sequence 373,topspin,drive,True,0.7637138962745667,0.7637138962745667,0.0035180666018277407,0.2327680140733719
angles_control,gru,Nested Sequence 374,topspin,drive,True,0.875346302986145,0.875346302986145,0.0004871695418842137,0.12416652590036392
angles_control,gru,Nested Sequence 375,topspin,drive,True,0.985505223274231,0.985505223274231,0.0008850187878124416,0.013609816320240498
angles_control,gru,Nested Sequence 376,topspin,drive,True,0.780735433101654,0.780735433101654,0.0009769845055416226,0.21828758716583252
angles_control,gru,Nested Sequence 377,topspin,topspin,True,0.9827617406845093,0.012491226196289062,0.00474698469042778,0.9827617406845093
angles_control,gru,Nested Sequence 378,topspin,drive,True,0.509663462638855,0.509663462638855,0.005566173233091831,0.4847702383995056
angles_control,gru,Nested Sequence 379,topspin,topspin,True,0.6948353052139282,0.3010149300098419,0.004149813670665026,0.6948353052139282
angles_control,gru,Nested Sequence 380,topspin,topspin,True,0.7662380933761597,0.23084065318107605,0.002921242732554674,0.7662380933761597
angles_control,gru,Nested Sequence 381,topspin,drive,True,0.9711416363716125,0.9711416363716125,0.0015986263751983643,0.027259815484285355
angles_control,gru,Nested Sequence 382,topspin,drive,True,0.7355445623397827,0.7355445623397827,0.0035064727999269962,0.2609490156173706
angles_control,gru,Nested Sequence 383,topspin,topspin,True,0.7939094305038452,0.19965828955173492,0.006432286463677883,0.7939094305038452
angles_control,gru,Nested Sequence 384,topspin,topspin,True,0.6300534009933472,0.36459386348724365,0.0053527685813605785,0.6300534009933472
angles_control,gru,Nested Sequence 385,topspin,drive,True,0.7789210081100464,0.7789210081100464,0.0015298031503334641,0.21954920887947083
angles_control,gru,Nested Sequence 386,topspin,topspin,True,0.7694782614707947,0.22464211285114288,0.005879661533981562,0.7694782614707947
angles_control,gru,Nested Sequence 387,topspin,drive,True,0.9766715168952942,0.9766715168952942,0.0009636135073378682,0.02236485481262207
angles_control,gru,Nested Sequence 388,topspin,drive,True,0.5890084505081177,0.5890084505081177,0.0052511137910187244,0.4057404398918152
angles_control,gru,Nested Sequence 389,topspin,topspin,True,0.670351505279541,0.3255809545516968,0.004067582543939352,0.670351505279541
angles_control,gru,Nested Sequence 390,topspin,topspin,True,0.6338006854057312,0.36044514179229736,0.005754250101745129,0.6338006854057312
angles_control,gru,Nested Sequence 391,topspin,topspin,True,0.810735821723938,0.18504789471626282,0.004216309636831284,0.810735821723938
angles_control,gru,Nested Sequence 392,topspin,drive,True,0.5740320086479187,0.5740320086479187,0.0008487625746056437,0.42511922121047974
angles_control,gru,Nested Sequence 393,topspin,topspin,True,0.8525282144546509,0.14019116759300232,0.007280645426362753,0.8525282144546509
angles_control,gru,Nested Sequence 394,topspin,drive,True,0.6398308873176575,0.6398308873176575,0.00538093876093626,0.35478824377059937
angles_control,gru,Nested Sequence 395,topspin,topspin,True,0.6995872855186462,0.29560691118240356,0.00480582844465971,0.6995872855186462
angles_control,gru,Nested Sequence 396,topspin,drive,True,0.8561004400253296,0.8561004400253296,0.005405946634709835,0.1384936273097992
angles_control,gru,Nested Sequence 397,topspin,drive,True,0.5587764978408813,0.5587764978408813,0.008264599367976189,0.4329589307308197
angles_control,gru,Nested Sequence 398,topspin,drive,True,0.7639015913009644,0.7639015913009644,0.0026772315613925457,0.2334212362766266
angles_control,gru,Nested Sequence 399,topspin,topspin,True,0.6090609431266785,0.3846500813961029,0.006288935896009207,0.6090609431266785
angles_control,gru,Nested Sequence 400,topspin,topspin,True,0.946240246295929,0.05154065415263176,0.002219142159447074,0.946240246295929
angles_control,hybrid,Beginner3_Drive_001,drive,topspin,True,0.6102139925471035,0.38841946666329236,0.00136653205845505,0.6102139925471035
angles_control,hybrid,Beginner3_Drive_002,drive,topspin,True,0.6577674657759744,0.3408732950034063,0.0013592190807685256,0.6577674657759744
angles_control,hybrid,Beginner3_Drive_003,drive,drive,True,0.7919867634773254,0.7919867634773254,0.001526353182271123,0.20648691058158875
angles_control,hybrid,Beginner3_Drive_004,drive,drive,True,0.9384647309780121,0.9384647309780121,0.0017852667951956391,0.05974998325109482
angles_control,hybrid,Beginner3_Drive_005,drive,drive,True,0.6378444274099606,0.6378444274099606,0.00163177028298378,0.3605237762300234
angles_control,hybrid,Beginner3_Drive_006,drive,drive,True,0.720073066309352,0.720073066309352,0.0021970681846141815,0.27772987668190463
angles_control,hybrid,Beginner3_Drive_007,drive,drive,True,0.9721711277961731,0.9721711277961731,0.0009141603368334472,0.02691473998129368
angles_control,hybrid,Beginner3_Drive_008,drive,drive,True,0.6790822771246198,0.6790822771246198,0.0014920668909326196,0.3194256696050403
angles_control,hybrid,Beginner3_Drive_009,drive,drive,True,0.7925881264104201,0.7925881264104201,0.00153350702021271,0.20587833548647633
angles_control,hybrid,Beginner3_Drive_010,drive,drive,True,0.7293167088733622,0.7293167088733622,0.002333990531042218,0.26834929244652306
angles_control,hybrid,Beginner3_Drive_011,drive,topspin,True,0.6022690969255299,0.19029252231121063,0.20743836912172733,0.6022690969255299
angles_control,hybrid,Beginner3_Drive_012,drive,drive,True,0.9051768779754639,0.9051768779754639,0.002330499468371272,0.09249258786439896
angles_control,hybrid,Beginner3_Drive_013,drive,drive,True,0.703689132962275,0.703689132962275,0.003521051723510027,0.2927898418569084
angles_control,hybrid,Beginner3_Drive_014,drive,drive,True,0.9015437066555023,0.9015437066555023,0.002024626825004816,0.096431665122509
angles_control,hybrid,Beginner3_Drive_015,drive,drive,True,0.8112787306308746,0.8112787306308746,0.0020864359103143215,0.186634823679924
angles_control,hybrid,Beginner3_Drive_016,drive,drive,True,0.9607978761196136,0.9607978761196136,0.0015386355808004737,0.03766343742609024
angles_control,hybrid,Beginner3_Drive_017,drive,drive,True,0.5870120972394943,0.5870120972394943,0.00192981434520334,0.41105809807777405
angles_control,hybrid,Beginner3_Drive_018,drive,drive,True,0.9341772198677063,0.9341772198677063,0.00041863121441565454,0.06540413200855255
angles_control,hybrid,Beginner3_Drive_019,drive,unavailable,False,0.9874021410942078,0.9874021410942078,0.0013921065255999565,0.011205753311514854
angles_control,hybrid,Beginner3_Drive_020,drive,drive,True,0.8692327031114027,0.8692327031114027,0.017633862793445587,0.11313343130118399
angles_control,hybrid,Beginner3_Drive_021,drive,drive,True,0.978958785533905,0.978958785533905,0.004411482717841864,0.016629774123430252
angles_control,hybrid,Beginner3_Drive_022,drive,drive,True,0.4656161458669782,0.4656161458669782,0.30921248018488456,0.2251713590469761
angles_control,hybrid,Beginner3_Drive_023,drive,drive,True,0.7112839732715865,0.7112839732715865,0.08978799500726106,0.19892804324626923
angles_control,hybrid,Beginner3_Drive_024,drive,drive,True,0.9924810528755188,0.9924810528755188,0.0008513230131939054,0.006667667534202337
angles_control,hybrid,Beginner3_Drive_025,drive,drive,True,0.8253476023674011,0.8253476023674011,0.0027424064464867115,0.17190997302532196
angles_control,hybrid,Beginner3_Drive_026,drive,topspin,True,0.4190191937884796,0.2783561558767328,0.3026246279830458,0.4190191937884796
angles_control,hybrid,Beginner3_Drive_027,drive,drive,True,0.7545230686664581,0.7545230686664581,0.001143242814578116,0.24433369934558868
angles_control,hybrid,Beginner3_Drive_028,drive,drive,True,0.8965795326796367,0.8965795326796367,0.0004551346937660128,0.10296532811550353
angles_control,hybrid,Beginner3_Drive_029,drive,drive,True,0.8336321711540222,0.8336321711540222,0.0018775224452838302,0.16449026763439178
angles_control,hybrid,Beginner3_Drive_030,drive,drive,True,0.9078797399997711,0.9078797399997711,0.0023015649057924747,0.08981870114803314
angles_control,hybrid,Beginner3_Drive_031,drive,drive,True,0.7277672737836838,0.7277672737836838,0.0026463994290679693,0.26958635449409485
angles_control,hybrid,Beginner3_Lob_001,lob,drive,True,0.8097845911979675,0.8097845911979675,0.003271559253334999,0.18694382905960083
angles_control,hybrid,Beginner3_Lob_002,lob,drive,True,0.9931488037109375,0.9931488037109375,0.0006802672287449241,0.00617094524204731
angles_control,hybrid,Beginner3_Lob_003,lob,drive,True,0.8563030064105988,0.8563030064105988,0.033199090510606766,0.11049792915582657
angles_control,hybrid,Beginner3_Lob_004,lob,drive,True,0.5838607475161552,0.5838607475161552,0.0016608427977189422,0.4144783914089203
angles_control,hybrid,Beginner3_Lob_005,lob,drive,True,0.8276176452636719,0.8276176452636719,0.08521562069654465,0.08716672658920288
angles_control,hybrid,Beginner3_Lob_006,lob,drive,True,0.861305296421051,0.861305296421051,0.06561505049467087,0.0730796679854393
angles_control,hybrid,Beginner3_Lob_007,lob,drive,True,0.8702476918697357,0.8702476918697357,0.01499671209603548,0.11475559324026108
angles_control,hybrid,Beginner3_Lob_008,lob,drive,True,0.790682125019156,0.790682125019156,0.016036948189139366,0.1932809323796401
angles_control,hybrid,Beginner3_Lob_009,lob,drive,True,0.8815565705299377,0.8815565705299377,0.01065179891884327,0.10779161751270294
angles_control,hybrid,Beginner3_Lob_010,lob,drive,True,0.8084736466407776,0.8084736466407776,0.0027804109267890453,0.18874594569206238
angles_control,hybrid,Beginner3_Lob_011,lob,drive,True,0.98854660987854,0.98854660987854,0.0009048128267750144,0.010548596270382404
angles_control,hybrid,Beginner3_Lob_012,lob,drive,True,0.7728238999843597,0.7728238999843597,0.002826825948432088,0.2243492603302002
angles_control,hybrid,Beginner3_Lob_013,lob,drive,True,0.9326629638671875,0.9326629638671875,0.03158613294363022,0.0357508659362793
angles_control,hybrid,Beginner3_Lob_014,lob,drive,True,0.9039067625999451,0.9039067625999451,0.0010537492344155908,0.09503950923681259
angles_control,hybrid,Beginner3_Lob_015,lob,drive,True,0.8758608102798462,0.8758608102798462,0.0015565778594464064,0.12258261442184448
angles_control,hybrid,Beginner3_Lob_016,lob,drive,True,0.7740371227264404,0.7740371227264404,0.02072097174823284,0.20524188876152039
angles_control,hybrid,Beginner3_Lob_017,lob,drive,True,0.7406075004798999,0.7406075004798999,0.003936822526156902,0.25545568723849155
angles_control,hybrid,Beginner3_Lob_018,lob,drive,True,0.7948489189147949,0.7948489189147949,0.002507691038772464,0.20264336466789246
angles_control,hybrid,Beginner3_Lob_019,lob,drive,True,0.7087562829256058,0.7087562829256058,0.004667467437684536,0.2865762412548065
angles_control,hybrid,Beginner3_Lob_020,lob,drive,True,0.6887190192937851,0.6887190192937851,0.004156710114330053,0.3071242570877075
angles_control,hybrid,Beginner3_Lob_021,lob,drive,True,0.689840629696846,0.689840629696846,0.0047425879165530205,0.3054167926311493
angles_control,hybrid,Beginner3_Lob_022,lob,drive,True,0.6237829774618149,0.6237829774618149,0.0016087258700281382,0.3746083080768585
angles_control,hybrid,Beginner3_Lob_023,lob,drive,True,0.7902686893939972,0.7902686893939972,0.0029083231929689646,0.20682302117347717
angles_control,hybrid,Beginner3_Lob_024,lob,drive,True,0.7853667140007019,0.7853667140007019,0.0062624616548419,0.20837083458900452
angles_control,hybrid,Beginner3_Lob_025,lob,drive,True,0.8121772408485413,0.8121772408485413,0.0039617205038666725,0.18386109173297882
angles_control,hybrid,Beginner3_Lob_026,lob,drive,True,0.7759382128715515,0.7759382128715515,0.0037365860771387815,0.22032520174980164
angles_control,hybrid,Beginner3_Lob_027,lob,topspin,True,0.6594566161473522,0.33822049026291284,0.0023229129146784544,0.6594566161473522
angles_control,hybrid,Beginner3_Lob_028,lob,drive,True,0.721045583486557,0.721045583486557,0.0043991319835186005,0.2745552659034729
angles_control,hybrid,Beginner3_Topsin_001,topspin,drive,True,0.6922406234079808,0.6922406234079808,0.0019345484906807542,0.30582480353770564
angles_control,hybrid,Beginner3_Topsin_002,topspin,drive,True,0.5977481445888719,0.5977481445888719,0.0038574773352593184,0.39839439181287667
angles_control,hybrid,Beginner3_Topsin_003,topspin,drive,True,0.807301253080368,0.807301253080368,0.0006703104008920491,0.1920284479856491
angles_control,hybrid,Beginner3_Topsin_004,topspin,drive,True,0.6249870508909225,0.6249870508909225,0.0016835799906402826,0.3733293414115906
angles_control,hybrid,Beginner3_Topsin_005,topspin,drive,True,0.8350281417369843,0.8350281417369843,0.0014245749916881323,0.16354729235172272
angles_control,hybrid,Beginner3_Topsin_006,topspin,drive,True,0.7179566522265767,0.7179566522265767,0.00116056262049824,0.2808828006361629
angles_control,hybrid,Beginner3_Topsin_007,topspin,drive,True,0.5028521079159245,0.5028521079159245,0.0013153634499758482,0.4958324995302692
angles_control,hybrid,Beginner3_Topsin_008,topspin,drive,True,0.9675112664699554,0.9675112664699554,0.0016964605310931802,0.030792236328125
angles_control,hybrid,Beginner3_Topsin_009,topspin,drive,True,0.9280571043491364,0.9280571043491364,0.0020963414572179317,0.06984660774469376
angles_control,hybrid,Beginner3_Topsin_010,topspin,drive,True,0.8377202749252319,0.8377202749252319,0.003404362592846155,0.15887537598609924
angles_control,hybrid,Beginner3_Topsin_011,topspin,topspin,True,0.5966686244470963,0.40134053571392203,0.0019908370450139046,0.5966686244470963
angles_control,hybrid,Beginner3_Topsin_012,topspin,topspin,True,0.5128291279901838,0.27821193709363723,0.20895898986421088,0.5128291279901838
angles_control,hybrid,Beginner3_Topsin_013,topspin,drive,True,0.8796449303627014,0.8796449303627014,0.0008372123120352626,0.11951786279678345
angles_control,hybrid,Beginner3_Topsin_014,topspin,drive,True,0.7321030620908595,0.7321030620908595,0.0037882444448769093,0.2641086902046346
angles_control,hybrid,Beginner3_Topsin_015,topspin,drive,True,0.5756999977083491,0.5756999977083491,0.004182303790003061,0.42011772318169605
angles_control,hybrid,Beginner3_Topsin_016,topspin,topspin,True,0.726678729079649,0.2686167508140354,0.004704529885202646,0.726678729079649
angles_control,hybrid,Beginner3_Topsin_017,topspin,topspin,True,0.7195251121198855,0.2781241924488821,0.002350691007450223,0.7195251121198855
angles_control,hybrid,Beginner3_Topsin_018,topspin,drive,True,0.8647738662315512,0.8647738662315512,0.001987610012292862,0.13323848836589808
angles_control,hybrid,Beginner3_Topsin_019,topspin,drive,True,0.6004490279437897,0.6004490279437897,0.0041696010157465935,0.3953814036367538
angles_control,hybrid,Beginner3_Topsin_020,topspin,topspin,True,0.6217870276554109,0.07515875995159149,0.30305423195077164,0.6217870276554109
angles_control,hybrid,Beginner3_Topsin_021,topspin,topspin,True,0.6660053360189249,0.3315513503824423,0.0024432926438748837,0.6660053360189249
angles_control,hybrid,Beginner3_Topsin_022,topspin,topspin,True,0.5537081133545799,0.4438654113589363,0.0024264762178063393,0.5537081133545799
angles_control,hybrid,Beginner3_Topsin_023,topspin,topspin,True,0.7024250862615461,0.2940900685770159,0.0034848563373088837,0.7024250862615461
angles_control,hybrid,Beginner3_Topsin_024,topspin,topspin,True,0.722276411723201,0.27369193010419146,0.004031675402075052,0.722276411723201
angles_control,hybrid,Beginner3_Topsin_025,topspin,topspin,True,0.7120871772527081,0.28528969683653294,0.0026231082156300545,0.7120871772527081
angles_control,hybrid,Beginner3_Topsin_026,topspin,topspin,True,0.44702189116045665,0.36347851157188416,0.18949957491591746,0.44702189116045665
angles_control,hybrid,Nested Sequence 341,drive,drive,True,0.5798937082290649,0.5798937082290649,0.002036736812442541,0.4180695414543152
angles_control,hybrid,Nested Sequence 342,drive,topspin,True,0.7668509353202353,0.2302957866090765,0.002853281795978546,0.7668509353202353
angles_control,hybrid,Nested Sequence 343,drive,topspin,True,0.6981645054079535,0.2992422902129648,0.0025932055432349443,0.6981645054079535
angles_control,hybrid,Nested Sequence 344,drive,drive,True,0.9404219090938568,0.9404219090938568,0.0007741614826954901,0.05880391597747803
angles_control,hybrid,Nested Sequence 345,drive,drive,True,0.7043837010860443,0.7043837010860443,0.003590244799852371,0.2920261025428772
angles_control,hybrid,Nested Sequence 346,drive,drive,True,0.6540155708789825,0.6540155708789825,0.0018424482550472021,0.34414198994636536
angles_control,hybrid,Nested Sequence 347,drive,drive,True,0.8497371971607208,0.8497371971607208,0.0011921350378543139,0.14907070994377136
angles_control,hybrid,Nested Sequence 348,drive,drive,True,0.9628725647926331,0.9628725647926331,0.001912398962303996,0.035215042531490326
angles_control,hybrid,Nested Sequence 349,drive,drive,True,0.8222115933895111,0.8222115933895111,0.002293638652190566,0.17549476027488708
angles_control,hybrid,Nested Sequence 350,drive,drive,True,0.5597269844235074,0.5597269844235074,0.00338258920237422,0.43689042218316676
angles_control,hybrid,Nested Sequence 351,drive,drive,True,0.9753583073616028,0.9753583073616028,0.0012930146185681224,0.023348722606897354
angles_control,hybrid,Nested Sequence 352,drive,drive,True,0.9282734394073486,0.9282734394073486,0.0018793350318446755,0.06984725594520569
angles_control,hybrid,Nested Sequence 353,drive,drive,True,0.5708667422935232,0.5708667422935232,0.0022643753327429295,0.42686887725145983
angles_control,hybrid,Nested Sequence 354,drive,drive,True,0.945900022983551,0.945900022983551,0.0015757654327899218,0.05252425745129585
angles_control,hybrid,Nested Sequence 355,drive,drive,True,0.7273896187543869,0.7273896187543869,0.002864823443815112,0.26974552869796753
angles_control,hybrid,Nested Sequence 356,drive,topspin,True,0.5393292068035771,0.45811713649914965,0.0025536655448377132,0.5393292068035771
angles_control,hybrid,Nested Sequence 357,drive,drive,True,0.7279992754205062,0.7279992754205062,0.003070130478590727,0.2689305787340805
angles_control,hybrid,Nested Sequence 358,drive,drive,True,0.7662618458271027,0.7662618458271027,0.0024587400257587433,0.2312794178724289
angles_control,hybrid,Nested Sequence 359,drive,drive,True,0.9921610951423645,0.9921610951423645,0.00040101390914060175,0.007437924854457378
angles_control,hybrid,Nested Sequence 360,drive,drive,True,0.9410063624382019,0.9410063624382019,0.0018210293492302299,0.05717257782816887
angles_control,hybrid,Nested Sequence 361,drive,drive,True,0.7718049923243286,0.7718049923243286,0.0028045831713825464,0.22539040052273243
angles_control,hybrid,Nested Sequence 362,drive,drive,True,0.9354270398616791,0.9354270398616791,0.0019694562070071697,0.06260354071855545
angles_control,hybrid,Nested Sequence 363,drive,drive,True,0.7832030653953552,0.7832030653953552,0.0030523864552378654,0.21374455094337463
angles_control,hybrid,Nested Sequence 364,drive,topspin,True,0.5441392446626607,0.2529958184430844,0.20286494760446455,0.5441392446626607
angles_control,hybrid,Nested Sequence 365,drive,drive,True,0.923819363117218,0.923819363117218,0.001911003841087222,0.0742696225643158
angles_control,hybrid,Nested Sequence 366,drive,drive,True,0.7944789230823517,0.7944789230823517,0.0021779686212539673,0.20334310829639435
angles_control,hybrid,Nested Sequence 367,drive,drive,True,0.8633193969726562,0.8633193969726562,0.00214549177326262,0.13453510403633118
angles_control,hybrid,Nested Sequence 368,drive,drive,True,0.8733613193035126,0.8733613193035126,0.002407470718026161,0.1242312341928482
angles_control,hybrid,Nested Sequence 369,drive,drive,True,0.9568041861057281,0.9568041861057281,0.0013061927165836096,0.041889600455760956
angles_control,hybrid,Nested Sequence 370,drive,drive,True,0.9130861163139343,0.9130861163139343,0.002250911667943001,0.08466291427612305
angles_control,hybrid,Nested Sequence 311,lob,lob,True,0.7205385316095798,0.2674275215782674,0.7205385316095798,0.012033944949507713
angles_control,hybrid,Nested Sequence 312,lob,topspin,True,0.5194991301309159,0.43220847514161564,0.04829239100217819,0.5194991301309159
angles_control,hybrid,Nested Sequence 313,lob,topspin,True,0.4275759125554613,0.405961220877759,0.16646287401736035,0.4275759125554613
angles_control,hybrid,Nested Sequence 314,lob,lob,True,0.763289213180542,0.12322787940502167,0.763289213180542,0.11348291486501694
angles_control,hybrid,Nested Sequence 315,lob,topspin,True,0.48542133982132346,0.3698808361410181,0.14469780168591667,0.48542133982132346
angles_control,hybrid,Nested Sequence 316,lob,lob,True,0.5031166139992197,0.4780987735835592,0.5031166139992197,0.018784573301672935
angles_control,hybrid,Nested Sequence 317,lob,lob,True,0.723393440246582,0.2665785253047943,0.723393440246582,0.010028015822172165
angles_control,hybrid,Nested Sequence 318,lob,lob,True,0.6292807799721885,0.3591125267599893,0.6292807799721885,0.011606687679886818
angles_control,hybrid,Nested Sequence 319,lob,lob,True,0.6975691765546799,0.16730423271656036,0.6975691765546799,0.13512659072875977
angles_control,hybrid,Nested Sequence 320,lob,lob,True,0.7310024797916412,0.2525520324707031,0.7310024797916412,0.016445469111204147
angles_control,hybrid,Nested Sequence 321,lob,lob,True,0.5574078902859625,0.42861589339781436,0.5574078902859625,0.01397618092596531
angles_control,hybrid,Nested Sequence 322,lob,drive,True,0.6197070702910423,0.6197070702910423,0.29351750016212463,0.08677544444799423
angles_control,hybrid,Nested Sequence 323,lob,lob,True,0.5872021869213784,0.3913838758675849,0.5872021869213784,0.021413929760456085
angles_control,hybrid,Nested Sequence 324,lob,drive,True,0.5000789097931753,0.5000789097931753,0.389768152734958,0.11015291512012482
angles_control,hybrid,Nested Sequence 325,lob,lob,True,0.7618702819051614,0.19433068843163345,0.7618702819051614,0.0437990203499794
angles_control,hybrid,Nested Sequence 326,lob,drive,True,0.632625937461853,0.632625937461853,0.18230745196342468,0.1850665807723999
angles_control,hybrid,Nested Sequence 327,lob,drive,True,0.7762281421769645,0.7762281421769645,0.20445072909703,0.019321102648973465
angles_control,hybrid,Nested Sequence 328,lob,drive,True,0.6646243333816528,0.6646243333816528,0.001710947952233255,0.3336647152900696
angles_control,hybrid,Nested Sequence 329,lob,drive,True,0.5051180389709771,0.5051180389709771,0.3968660235404968,0.09801594913005829
angles_control,hybrid,Nested Sequence 330,lob,drive,True,0.49729801918265254,0.49729801918265254,0.49369507824185455,0.009006908163428307
angles_control,hybrid,Nested Sequence 331,lob,drive,True,0.4415261447153898,0.4415261447153898,0.19887147101537272,0.3596023619174957
angles_control,hybrid,Nested Sequence 332,lob,drive,True,0.5622736642064163,0.5622736642064163,0.20392696765050206,0.23379938304424286
angles_control,hybrid,Nested Sequence 333,lob,drive,True,0.9626930356025696,0.9626930356025696,0.0004400936886668205,0.03686683997511864
angles_control,hybrid,Nested Sequence 334,lob,drive,True,0.5761775225400925,0.5761775225400925,0.0031391687225550413,0.4206832945346832
angles_control,hybrid,Nested Sequence 335,lob,drive,True,0.5819139659146071,0.5819139659146071,0.41225240829193593,0.005833594594150782
angles_control,hybrid,Nested Sequence 336,lob,drive,True,0.5207878509862227,0.5207878509862227,0.20566398554017123,0.2735481858253479
angles_control,hybrid,Nested Sequence 337,lob,drive,True,0.6628083987301951,0.6628083987301951,0.09482488759532984,0.24236673119498106
angles_control,hybrid,Nested Sequence 338,lob,drive,True,0.9471507966518402,0.9471507966518402,0.0004848487733397633,0.052364327013492584
angles_control,hybrid,Nested Sequence 339,lob,topspin,True,0.4659216335864378,0.4376767840623677,0.09640160959237976,0.4659216335864378
angles_control,hybrid,Nested Sequence 340,lob,drive,True,0.8381933569908142,0.8381933569908142,0.0015400778502225876,0.16026654839515686
angles_control,hybrid,Nested Sequence 371,topspin,topspin,True,0.8852981152452296,0.11168853841053783,0.00301334704272449,0.8852981152452296
angles_control,hybrid,Nested Sequence 372,topspin,topspin,True,0.7692961963507391,0.22395252709658373,0.006751270033419132,0.7692961963507391
angles_control,hybrid,Nested Sequence 373,topspin,drive,True,0.8818569481372833,0.8818569481372833,0.0017590333009138703,0.11638400703668594
angles_control,hybrid,Nested Sequence 374,topspin,drive,True,0.8430097936852241,0.8430097936852241,0.09490694257879057,0.06208326295018196
angles_control,hybrid,Nested Sequence 375,topspin,drive,True,0.9927526116371155,0.9927526116371155,0.0004425093939062208,0.006804908160120249
angles_control,hybrid,Nested Sequence 376,topspin,drive,True,0.890367716550827,0.890367716550827,0.0004884922527708113,0.10914379358291626
angles_control,hybrid,Nested Sequence 377,topspin,topspin,True,0.8988660195013725,0.09876046393902661,0.00237349234521389,0.8988660195013725
angles_control,hybrid,Nested Sequence 378,topspin,drive,True,0.7548317313194275,0.7548317313194275,0.0027830866165459156,0.2423851191997528
angles_control,hybrid,Nested Sequence 379,topspin,drive,True,0.5601559864501511,0.5601559864501511,0.002074906835332513,0.437769131161734
angles_control,hybrid,Nested Sequence 380,topspin,drive,True,0.615420326590538,0.615420326590538,0.001460621366277337,0.38311904668807983
angles_control,hybrid,Nested Sequence 381,topspin,drive,True,0.9855708181858063,0.9855708181858063,0.0007993131875991821,0.013629907742142677
angles_control,hybrid,Nested Sequence 382,topspin,drive,True,0.8677722811698914,0.8677722811698914,0.0017532363999634981,0.1304745078086853
angles_control,hybrid,Nested Sequence 383,topspin,drive,True,0.5998291447758675,0.5998291447758675,0.0032161432318389416,0.3969547152519226
angles_control,hybrid,Nested Sequence 384,topspin,drive,True,0.6822969317436218,0.6822969317436218,0.0026763842906802893,0.3150267004966736
angles_control,hybrid,Nested Sequence 385,topspin,drive,True,0.8894605040550232,0.8894605040550232,0.0007649015751667321,0.10977460443973541
angles_control,hybrid,Nested Sequence 386,topspin,drive,True,0.5127323141003035,0.5127323141003035,0.002939830766990781,0.4843278730606654
angles_control,hybrid,Nested Sequence 387,topspin,drive,True,0.9883357584476471,0.9883357584476471,0.0004818067536689341,0.011182427406311035
angles_control,hybrid,Nested Sequence 388,topspin,drive,True,0.7945042252540588,0.7945042252540588,0.0026255568955093622,0.2028702199459076
angles_control,hybrid,Nested Sequence 389,topspin,drive,True,0.6627904772758484,0.6627904772758484,0.002033791271969676,0.3351757526397705
angles_control,hybrid,Nested Sequence 390,topspin,drive,True,0.5803259977997945,0.5803259977997945,0.0028771250508725643,0.4167969157992197
angles_control,hybrid,Nested Sequence 391,topspin,drive,True,0.5925239473581314,0.5925239473581314,0.002108154818415642,0.405367910861969
angles_control,hybrid,Nested Sequence 392,topspin,drive,True,0.6941412539470252,0.6941412539470252,0.09329913166423702,0.21255961060523987
angles_control,hybrid,Nested Sequence 393,topspin,topspin,True,0.5240008067620547,0.47235888426177186,0.0036403227131813765,0.5240008067620547
angles_control,hybrid,Nested Sequence 394,topspin,drive,True,0.8199154436588287,0.8199154436588287,0.00269046938046813,0.17739412188529968
angles_control,hybrid,Nested Sequence 395,topspin,drive,True,0.6478034555912018,0.6478034555912018,0.002402914222329855,0.3497936427593231
angles_control,hybrid,Nested Sequence 396,topspin,drive,True,0.9280502200126648,0.9280502200126648,0.0027029733173549175,0.0692468136548996
angles_control,hybrid,Nested Sequence 397,topspin,drive,True,0.7793882489204407,0.7793882489204407,0.004132299683988094,0.21647946536540985
angles_control,hybrid,Nested Sequence 398,topspin,drive,True,0.8819507956504822,0.8819507956504822,0.0013386157806962729,0.1167106181383133
angles_control,hybrid,Nested Sequence 399,topspin,drive,True,0.6923250406980515,0.6923250406980515,0.0031444679480046034,0.30453047156333923
angles_control,hybrid,Nested Sequence 400,topspin,topspin,True,0.5725663906795425,0.42632405954473784,0.001109571079723537,0.5725663906795425
angles_thesis_aug,gru,Beginner3_Drive_001,drive,topspin,True,0.9336228370666504,0.0377185121178627,0.028658663854002953,0.9336228370666504
angles_thesis_aug,gru,Beginner3_Drive_002,drive,topspin,True,0.528008759021759,0.45870932936668396,0.013281987980008125,0.528008759021759
angles_thesis_aug,gru,Beginner3_Drive_003,drive,drive,True,0.5942591428756714,0.5942591428756714,0.014589433558285236,0.3911513686180115
angles_thesis_aug,gru,Beginner3_Drive_004,drive,drive,True,0.9719517827033997,0.9719517827033997,0.00224501034244895,0.02580323815345764
angles_thesis_aug,gru,Beginner3_Drive_005,drive,topspin,True,0.5017831325531006,0.4776735305786133,0.02054331824183464,0.5017831325531006
angles_thesis_aug,gru,Beginner3_Drive_006,drive,drive,True,0.8121654391288757,0.8121654391288757,0.022313544526696205,0.16552098095417023
angles_thesis_aug,gru,Beginner3_Drive_007,drive,drive,True,0.7758208513259888,0.7758208513259888,0.04862688109278679,0.17555227875709534
angles_thesis_aug,gru,Beginner3_Drive_008,drive,drive,True,0.9192272424697876,0.9192272424697876,0.011378701776266098,0.06939401477575302
angles_thesis_aug,gru,Beginner3_Drive_009,drive,drive,True,0.8906546831130981,0.8906546831130981,0.008141646161675453,0.10120365768671036
angles_thesis_aug,gru,Beginner3_Drive_010,drive,drive,True,0.944628119468689,0.944628119468689,0.0025910851545631886,0.05278082564473152
angles_thesis_aug,gru,Beginner3_Drive_011,drive,drive,True,0.8592535853385925,0.8592535853385925,0.003245096653699875,0.13750126957893372
angles_thesis_aug,gru,Beginner3_Drive_012,drive,drive,True,0.9774075746536255,0.9774075746536255,0.0059558330103755,0.01663660630583763
angles_thesis_aug,gru,Beginner3_Drive_013,drive,drive,True,0.6452100872993469,0.6452100872993469,0.006409582681953907,0.3483804166316986
angles_thesis_aug,gru,Beginner3_Drive_014,drive,drive,True,0.9526665806770325,0.9526665806770325,0.009082340635359287,0.038251034915447235
angles_thesis_aug,gru,Beginner3_Drive_015,drive,drive,True,0.9737469553947449,0.9737469553947449,0.004013103432953358,0.022239912301301956
angles_thesis_aug,gru,Beginner3_Drive_016,drive,drive,True,0.6919930577278137,0.6919930577278137,0.1443505585193634,0.16365636885166168
angles_thesis_aug,gru,Beginner3_Drive_017,drive,topspin,True,0.6901984214782715,0.056458793580532074,0.25334280729293823,0.6901984214782715
angles_thesis_aug,gru,Beginner3_Drive_018,drive,drive,True,0.9652678370475769,0.9652678370475769,0.005527201574295759,0.029204953461885452
angles_thesis_aug,gru,Beginner3_Drive_019,drive,unavailable,False,0.7387537956237793,0.7387537956237793,0.13234707713127136,0.12889909744262695
angles_thesis_aug,gru,Beginner3_Drive_020,drive,drive,True,0.6068696975708008,0.6068696975708008,0.25643521547317505,0.13669505715370178
angles_thesis_aug,gru,Beginner3_Drive_021,drive,drive,True,0.7888113856315613,0.7888113856315613,0.14659930765628815,0.06458930671215057
angles_thesis_aug,gru,Beginner3_Drive_022,drive,drive,True,0.5667550563812256,0.5667550563812256,0.008270768448710442,0.424974262714386
angles_thesis_aug,gru,Beginner3_Drive_023,drive,drive,True,0.6741692423820496,0.6741692423820496,0.0880114808678627,0.23781923949718475
angles_thesis_aug,gru,Beginner3_Drive_024,drive,drive,True,0.8504745364189148,0.8504745364189148,0.033591724932193756,0.11593371629714966
angles_thesis_aug,gru,Beginner3_Drive_025,drive,drive,True,0.7806064486503601,0.7806064486503601,0.009302068501710892,0.2100915014743805
angles_thesis_aug,gru,Beginner3_Drive_026,drive,topspin,True,0.5939199328422546,0.359951913356781,0.04612819477915764,0.5939199328422546
angles_thesis_aug,gru,Beginner3_Drive_027,drive,drive,True,0.719845712184906,0.719845712184906,0.009897341020405293,0.270256906747818
angles_thesis_aug,gru,Beginner3_Drive_028,drive,drive,True,0.9167976379394531,0.9167976379394531,0.01427540648728609,0.06892701983451843
angles_thesis_aug,gru,Beginner3_Drive_029,drive,drive,True,0.8834304809570312,0.8834304809570312,0.007766938768327236,0.10880260169506073
angles_thesis_aug,gru,Beginner3_Drive_030,drive,drive,True,0.5848075151443481,0.5848075151443481,0.07157276570796967,0.343619704246521
angles_thesis_aug,gru,Beginner3_Drive_031,drive,topspin,True,0.5882464051246643,0.2663394808769226,0.14541414380073547,0.5882464051246643
angles_thesis_aug,gru,Beginner3_Lob_001,lob,drive,True,0.9569666981697083,0.9569666981697083,0.010374190285801888,0.032659173011779785
angles_thesis_aug,gru,Beginner3_Lob_002,lob,drive,True,0.8840530514717102,0.8840530514717102,0.00562648568302393,0.11032049357891083
angles_thesis_aug,gru,Beginner3_Lob_003,lob,topspin,True,0.4001479148864746,0.20492033660411835,0.39493170380592346,0.4001479148864746
angles_thesis_aug,gru,Beginner3_Lob_004,lob,topspin,True,0.8260372281074524,0.08089428395032883,0.09306852519512177,0.8260372281074524
angles_thesis_aug,gru,Beginner3_Lob_005,lob,topspin,True,0.3889387249946594,0.3658963441848755,0.2451649010181427,0.3889387249946594
angles_thesis_aug,gru,Beginner3_Lob_006,lob,drive,True,0.5293264389038086,0.5293264389038086,0.1929463893175125,0.2777272164821625
angles_thesis_aug,gru,Beginner3_Lob_007,lob,topspin,True,0.5029345750808716,0.372415155172348,0.1246502548456192,0.5029345750808716
angles_thesis_aug,gru,Beginner3_Lob_008,lob,drive,True,0.6852522492408752,0.6852522492408752,0.07136518508195877,0.2433824986219406
angles_thesis_aug,gru,Beginner3_Lob_009,lob,topspin,True,0.5669287443161011,0.31372466683387756,0.11934657394886017,0.5669287443161011
angles_thesis_aug,gru,Beginner3_Lob_010,lob,drive,True,0.7221930623054504,0.7221930623054504,0.004165214486420155,0.2736417353153229
angles_thesis_aug,gru,Beginner3_Lob_011,lob,drive,True,0.9390789270401001,0.9390789270401001,0.021552782505750656,0.03936828300356865
angles_thesis_aug,gru,Beginner3_Lob_012,lob,drive,True,0.6804690361022949,0.6804690361022949,0.03943170979619026,0.2800992727279663
angles_thesis_aug,gru,Beginner3_Lob_013,lob,drive,True,0.7749491930007935,0.7749491930007935,0.13097116351127625,0.09407965838909149
angles_thesis_aug,gru,Beginner3_Lob_014,lob,drive,True,0.8289209604263306,0.8289209604263306,0.008162650279700756,0.1629164218902588
angles_thesis_aug,gru,Beginner3_Lob_015,lob,drive,True,0.7436567544937134,0.7436567544937134,0.008456780575215816,0.24788649380207062
angles_thesis_aug,gru,Beginner3_Lob_016,lob,drive,True,0.8877813220024109,0.8877813220024109,0.01552728284150362,0.09669133275747299
angles_thesis_aug,gru,Beginner3_Lob_017,lob,drive,True,0.6826159358024597,0.6826159358024597,0.025243550539016724,0.2921404540538788
angles_thesis_aug,gru,Beginner3_Lob_018,lob,drive,True,0.9109607934951782,0.9109607934951782,0.016591351479291916,0.07244794070720673
angles_thesis_aug,gru,Beginner3_Lob_019,lob,topspin,True,0.5392557382583618,0.40678685903549194,0.053957413882017136,0.5392557382583618
angles_thesis_aug,gru,Beginner3_Lob_020,lob,topspin,True,0.5181013345718384,0.4649425446987152,0.01695600524544716,0.5181013345718384
angles_thesis_aug,gru,Beginner3_Lob_021,lob,topspin,True,0.5695412755012512,0.407004177570343,0.02345457300543785,0.5695412755012512
angles_thesis_aug,gru,Beginner3_Lob_022,lob,topspin,True,0.6020563840866089,0.3384017050266266,0.05954191833734512,0.6020563840866089
angles_thesis_aug,gru,Beginner3_Lob_023,lob,drive,True,0.7889107465744019,0.7889107465744019,0.11736679077148438,0.09372252225875854
angles_thesis_aug,gru,Beginner3_Lob_024,lob,drive,True,0.8637496829032898,0.8637496829032898,0.02234051749110222,0.11390981823205948
angles_thesis_aug,gru,Beginner3_Lob_025,lob,drive,True,0.7602232098579407,0.7602232098579407,0.10459481179714203,0.1351819485425949
angles_thesis_aug,gru,Beginner3_Lob_026,lob,drive,True,0.7834056615829468,0.7834056615829468,0.046930838376283646,0.1696634590625763
angles_thesis_aug,gru,Beginner3_Lob_027,lob,topspin,True,0.8905127644538879,0.0205889530479908,0.08889822661876678,0.8905127644538879
angles_thesis_aug,gru,Beginner3_Lob_028,lob,topspin,True,0.5069766640663147,0.4783419072628021,0.014681453816592693,0.5069766640663147
angles_thesis_aug,gru,Beginner3_Topsin_001,topspin,drive,True,0.6190646886825562,0.6190646886825562,0.0035380315966904163,0.3773972988128662
angles_thesis_aug,gru,Beginner3_Topsin_002,topspin,drive,True,0.7079029679298401,0.7079029679298401,0.026914900168776512,0.2651821970939636
angles_thesis_aug,gru,Beginner3_Topsin_003,topspin,drive,True,0.5924785137176514,0.5924785137176514,0.0040277536027133465,0.403493732213974
angles_thesis_aug,gru,Beginner3_Topsin_004,topspin,topspin,True,0.7082327604293823,0.21528270840644836,0.0764845535159111,0.7082327604293823
angles_thesis_aug,gru,Beginner3_Topsin_005,topspin,drive,True,0.8564482927322388,0.8564482927322388,0.04422583431005478,0.09932592511177063
angles_thesis_aug,gru,Beginner3_Topsin_006,topspin,drive,True,0.6378862857818604,0.6378862857818604,0.03735528886318207,0.32475847005844116
angles_thesis_aug,gru,Beginner3_Topsin_007,topspin,topspin,True,0.8484594225883484,0.07695336639881134,0.07458724081516266,0.8484594225883484
angles_thesis_aug,gru,Beginner3_Topsin_008,topspin,drive,True,0.6785480380058289,0.6785480380058289,0.013088451698422432,0.30836352705955505
angles_thesis_aug,gru,Beginner3_Topsin_009,topspin,drive,True,0.6509371995925903,0.6509371995925903,0.016683848574757576,0.33237892389297485
angles_thesis_aug,gru,Beginner3_Topsin_010,topspin,topspin,True,0.5687608122825623,0.4076784551143646,0.023560667410492897,0.5687608122825623
angles_thesis_aug,gru,Beginner3_Topsin_011,topspin,topspin,True,0.8547986745834351,0.13539627194404602,0.00980508141219616,0.8547986745834351
angles_thesis_aug,gru,Beginner3_Topsin_012,topspin,topspin,True,0.7987800240516663,0.014578847214579582,0.1866411715745926,0.7987800240516663
angles_thesis_aug,gru,Beginner3_Topsin_013,topspin,drive,True,0.9164086580276489,0.9164086580276489,0.0037947981618344784,0.07979665696620941
angles_thesis_aug,gru,Beginner3_Topsin_014,topspin,drive,True,0.5267900824546814,0.5267900824546814,0.016898199915885925,0.45631176233291626
angles_thesis_aug,gru,Beginner3_Topsin_015,topspin,topspin,True,0.6945542693138123,0.26543721556663513,0.04000847786664963,0.6945542693138123
angles_thesis_aug,gru,Beginner3_Topsin_016,topspin,topspin,True,0.9520362019538879,0.032614193856716156,0.015349534340202808,0.9520362019538879
angles_thesis_aug,gru,Beginner3_Topsin_017,topspin,topspin,True,0.9227840304374695,0.022978994995355606,0.05423694849014282,0.9227840304374695
angles_thesis_aug,gru,Beginner3_Topsin_018,topspin,drive,True,0.9698470830917358,0.9698470830917358,0.012051409110426903,0.01810147985816002
angles_thesis_aug,gru,Beginner3_Topsin_019,topspin,drive,True,0.5193985104560852,0.5193985104560852,0.013622370548546314,0.46697911620140076
angles_thesis_aug,gru,Beginner3_Topsin_020,topspin,topspin,True,0.7836202383041382,0.15817385911941528,0.05820585414767265,0.7836202383041382
angles_thesis_aug,gru,Beginner3_Topsin_021,topspin,topspin,True,0.7248356342315674,0.26632779836654663,0.008836565539240837,0.7248356342315674
angles_thesis_aug,gru,Beginner3_Topsin_022,topspin,topspin,True,0.5297013521194458,0.45441561937332153,0.015883073210716248,0.5297013521194458
angles_thesis_aug,gru,Beginner3_Topsin_023,topspin,topspin,True,0.8992170095443726,0.08986751735210419,0.010915515944361687,0.8992170095443726
angles_thesis_aug,gru,Beginner3_Topsin_024,topspin,topspin,True,0.5768545866012573,0.4112779200077057,0.01186749804764986,0.5768545866012573
angles_thesis_aug,gru,Beginner3_Topsin_025,topspin,topspin,True,0.7485100626945496,0.22256121039390564,0.028928721323609352,0.7485100626945496
angles_thesis_aug,gru,Beginner3_Topsin_026,topspin,drive,True,0.4028584063053131,0.4028584063053131,0.38855960965156555,0.20858201384544373
angles_thesis_aug,gru,Nested Sequence 341,drive,topspin,True,0.9230650663375854,0.06098370626568794,0.015951259061694145,0.9230650663375854
angles_thesis_aug,gru,Nested Sequence 342,drive,topspin,True,0.943442702293396,0.014679360203444958,0.041877876967191696,0.943442702293396
angles_thesis_aug,gru,Nested Sequence 343,drive,topspin,True,0.881573498249054,0.08550317585468292,0.03292332962155342,0.881573498249054
angles_thesis_aug,gru,Nested Sequence 344,drive,drive,True,0.7831916213035583,0.7831916213035583,0.005631687585264444,0.21117666363716125
angles_thesis_aug,gru,Nested Sequence 345,drive,topspin,True,0.5260044932365417,0.4033412039279938,0.07065435498952866,0.5260044932365417
angles_thesis_aug,gru,Nested Sequence 346,drive,topspin,True,0.6645517349243164,0.26592564582824707,0.06952254474163055,0.6645517349243164
angles_thesis_aug,gru,Nested Sequence 347,drive,drive,True,0.6277967691421509,0.6277967691421509,0.009533586911857128,0.36266958713531494
angles_thesis_aug,gru,Nested Sequence 348,drive,drive,True,0.7493676543235779,0.7493676543235779,0.005712267477065325,0.2449200600385666
angles_thesis_aug,gru,Nested Sequence 349,drive,topspin,True,0.5594028234481812,0.42217570543289185,0.018421512097120285,0.5594028234481812
angles_thesis_aug,gru,Nested Sequence 350,drive,topspin,True,0.7834796905517578,0.16626152396202087,0.05025874823331833,0.7834796905517578
angles_thesis_aug,gru,Nested Sequence 351,drive,drive,True,0.9121197462081909,0.9121197462081909,0.006032531149685383,0.08184771239757538
angles_thesis_aug,gru,Nested Sequence 352,drive,drive,True,0.9142076373100281,0.9142076373100281,0.005714681930840015,0.08007772266864777
angles_thesis_aug,gru,Nested Sequence 353,drive,topspin,True,0.8138931393623352,0.16143861413002014,0.024668298661708832,0.8138931393623352
angles_thesis_aug,gru,Nested Sequence 354,drive,drive,True,0.5382212400436401,0.5382212400436401,0.05298445373773575,0.4087943136692047
angles_thesis_aug,gru,Nested Sequence 355,drive,topspin,True,0.5936761498451233,0.34138303995132446,0.0649409070611,0.5936761498451233
angles_thesis_aug,gru,Nested Sequence 356,drive,topspin,True,0.7388274669647217,0.2513602077960968,0.009812312200665474,0.7388274669647217
angles_thesis_aug,gru,Nested Sequence 357,drive,drive,True,0.6208098530769348,0.6208098530769348,0.00957795511931181,0.3696121573448181
angles_thesis_aug,gru,Nested Sequence 358,drive,drive,True,0.6327453851699829,0.6327453851699829,0.05925146862864494,0.30800315737724304
angles_thesis_aug,gru,Nested Sequence 359,drive,drive,True,0.8263770937919617,0.8263770937919617,0.0038815890438854694,0.16974131762981415
angles_thesis_aug,gru,Nested Sequence 360,drive,drive,True,0.9322564005851746,0.9322564005851746,0.003526784013956785,0.06421684473752975
angles_thesis_aug,gru,Nested Sequence 361,drive,drive,True,0.5361194014549255,0.5361194014549255,0.04361847788095474,0.42026209831237793
angles_thesis_aug,gru,Nested Sequence 362,drive,drive,True,0.6522777080535889,0.6522777080535889,0.06931395828723907,0.2784082889556885
angles_thesis_aug,gru,Nested Sequence 363,drive,topspin,True,0.5922119617462158,0.36665818095207214,0.04112992435693741,0.5922119617462158
angles_thesis_aug,gru,Nested Sequence 364,drive,topspin,True,0.49998173117637634,0.4261767864227295,0.07384148240089417,0.49998173117637634
angles_thesis_aug,gru,Nested Sequence 365,drive,drive,True,0.8612813949584961,0.8612813949584961,0.00917342770844698,0.1295451819896698
angles_thesis_aug,gru,Nested Sequence 366,drive,drive,True,0.6916940212249756,0.6916940212249756,0.012169815599918365,0.29613617062568665
angles_thesis_aug,gru,Nested Sequence 367,drive,drive,True,0.7330039739608765,0.7330039739608765,0.02387111261487007,0.2431248426437378
angles_thesis_aug,gru,Nested Sequence 368,drive,topspin,True,0.5472362041473389,0.4209602475166321,0.03180357813835144,0.5472362041473389
angles_thesis_aug,gru,Nested Sequence 369,drive,drive,True,0.7875936031341553,0.7875936031341553,0.03307697921991348,0.17932948470115662
angles_thesis_aug,gru,Nested Sequence 370,drive,drive,True,0.6616606712341309,0.6616606712341309,0.011902782134711742,0.32643646001815796
angles_thesis_aug,gru,Nested Sequence 311,lob,lob,True,0.7809866666793823,0.19392670691013336,0.7809866666793823,0.02508663758635521
angles_thesis_aug,gru,Nested Sequence 312,lob,topspin,True,0.8125608563423157,0.020677562803030014,0.1667616069316864,0.8125608563423157
angles_thesis_aug,gru,Nested Sequence 313,lob,lob,True,0.49143362045288086,0.06190047785639763,0.49143362045288086,0.4466659128665924
angles_thesis_aug,gru,Nested Sequence 314,lob,lob,True,0.4493679404258728,0.15138603746891022,0.4493679404258728,0.3992460370063782
angles_thesis_aug,gru,Nested Sequence 315,lob,lob,True,0.5805395245552063,0.022579846903681755,0.5805395245552063,0.396880567073822
angles_thesis_aug,gru,Nested Sequence 316,lob,drive,True,0.525215744972229,0.525215744972229,0.24492056667804718,0.22986368834972382
angles_thesis_aug,gru,Nested Sequence 317,lob,drive,True,0.6586211323738098,0.6586211323738098,0.31455978751182556,0.026819074526429176
angles_thesis_aug,gru,Nested Sequence 318,lob,drive,True,0.6454804539680481,0.6454804539680481,0.3241710066795349,0.03034858964383602
angles_thesis_aug,gru,Nested Sequence 319,lob,drive,True,0.6119421124458313,0.6119421124458313,0.1404714286327362,0.24758651852607727
angles_thesis_aug,gru,Nested Sequence 320,lob,drive,True,0.6875362992286682,0.6875362992286682,0.25042542815208435,0.06203826516866684
angles_thesis_aug,gru,Nested Sequence 321,lob,drive,True,0.6297718286514282,0.6297718286514282,0.33773139119148254,0.03249673917889595
angles_thesis_aug,gru,Nested Sequence 322,lob,topspin,True,0.4322752058506012,0.36298006772994995,0.20474472641944885,0.4322752058506012
angles_thesis_aug,gru,Nested Sequence 323,lob,drive,True,0.5723839998245239,0.5723839998245239,0.3780445456504822,0.04957146197557449
angles_thesis_aug,gru,Nested Sequence 324,lob,lob,True,0.45204958319664,0.1362716257572174,0.45204958319664,0.4116787910461426
angles_thesis_aug,gru,Nested Sequence 325,lob,lob,True,0.7637602090835571,0.010893022641539574,0.7637602090835571,0.22534683346748352
angles_thesis_aug,gru,Nested Sequence 326,lob,topspin,True,0.5008480548858643,0.20845827460289001,0.2906937003135681,0.5008480548858643
angles_thesis_aug,gru,Nested Sequence 327,lob,drive,True,0.6373151540756226,0.6373151540756226,0.14030399918556213,0.2223808467388153
angles_thesis_aug,gru,Nested Sequence 328,lob,topspin,True,0.7910593748092651,0.14517995715141296,0.0637606680393219,0.7910593748092651
angles_thesis_aug,gru,Nested Sequence 329,lob,topspin,True,0.5359629392623901,0.016424614936113358,0.447612464427948,0.5359629392623901
angles_thesis_aug,gru,Nested Sequence 330,lob,drive,True,0.64505535364151,0.64505535364151,0.27660834789276123,0.07833623141050339
angles_thesis_aug,gru,Nested Sequence 331,lob,topspin,True,0.6632356643676758,0.049720436334609985,0.28704389929771423,0.6632356643676758
angles_thesis_aug,gru,Nested Sequence 332,lob,topspin,True,0.5220430493354797,0.39551815390586853,0.08243881911039352,0.5220430493354797
angles_thesis_aug,gru,Nested Sequence 333,lob,drive,True,0.5517050623893738,0.5517050623893738,0.00391675578430295,0.444378137588501
angles_thesis_aug,gru,Nested Sequence 334,lob,topspin,True,0.7140769958496094,0.14923031628131866,0.13669267296791077,0.7140769958496094
angles_thesis_aug,gru,Nested Sequence 335,lob,drive,True,0.6753276586532593,0.6753276586532593,0.2833239436149597,0.0413484126329422
angles_thesis_aug,gru,Nested Sequence 336,lob,topspin,True,0.5012394785881042,0.011451592668890953,0.48730888962745667,0.5012394785881042
angles_thesis_aug,gru,Nested Sequence 337,lob,topspin,True,0.5185941457748413,0.4685766100883484,0.012829214334487915,0.5185941457748413
angles_thesis_aug,gru,Nested Sequence 338,lob,drive,True,0.7786363363265991,0.7786363363265991,0.002646503271535039,0.21871717274188995
angles_thesis_aug,gru,Nested Sequence 339,lob,topspin,True,0.47468891739845276,0.40757250785827637,0.11773855984210968,0.47468891739845276
angles_thesis_aug,gru,Nested Sequence 340,lob,topspin,True,0.5311810970306396,0.4182494580745697,0.05056943744421005,0.5311810970306396
angles_thesis_aug,gru,Nested Sequence 371,topspin,topspin,True,0.9701827168464661,0.00546753965318203,0.02434971183538437,0.9701827168464661
angles_thesis_aug,gru,Nested Sequence 372,topspin,topspin,True,0.7000143527984619,0.009884534403681755,0.2901011109352112,0.7000143527984619
angles_thesis_aug,gru,Nested Sequence 373,topspin,drive,True,0.5231792330741882,0.5231792330741882,0.054423652589321136,0.4223971366882324
angles_thesis_aug,gru,Nested Sequence 374,topspin,drive,True,0.9153033494949341,0.9153033494949341,0.00399379339069128,0.08070290088653564
angles_thesis_aug,gru,Nested Sequence 375,topspin,drive,True,0.9367648959159851,0.9367648959159851,0.011144379153847694,0.052090663462877274
angles_thesis_aug,gru,Nested Sequence 376,topspin,drive,True,0.6524146795272827,0.6524146795272827,0.013232916593551636,0.3343523442745209
angles_thesis_aug,gru,Nested Sequence 377,topspin,topspin,True,0.9482280015945435,0.003584991442039609,0.048187077045440674,0.9482280015945435
angles_thesis_aug,gru,Nested Sequence 378,topspin,drive,True,0.6998949646949768,0.6998949646949768,0.039736974984407425,0.2603680491447449
angles_thesis_aug,gru,Nested Sequence 379,topspin,topspin,True,0.6925823092460632,0.26133936643600464,0.04607836529612541,0.6925823092460632
angles_thesis_aug,gru,Nested Sequence 380,topspin,topspin,True,0.6555657386779785,0.23832213878631592,0.10611210763454437,0.6555657386779785
angles_thesis_aug,gru,Nested Sequence 381,topspin,drive,True,0.7756945490837097,0.7756945490837097,0.019476328045129776,0.2048291265964508
angles_thesis_aug,gru,Nested Sequence 382,topspin,topspin,True,0.5549571514129639,0.4339066445827484,0.01113620400428772,0.5549571514129639
angles_thesis_aug,gru,Nested Sequence 383,topspin,topspin,True,0.869045078754425,0.037206389009952545,0.09374859929084778,0.869045078754425
angles_thesis_aug,gru,Nested Sequence 384,topspin,topspin,True,0.82658451795578,0.12941385805606842,0.04400157928466797,0.82658451795578
angles_thesis_aug,gru,Nested Sequence 385,topspin,topspin,True,0.5854344367980957,0.32575908303260803,0.08880649507045746,0.5854344367980957
angles_thesis_aug,gru,Nested Sequence 386,topspin,topspin,True,0.6077151894569397,0.30011671781539917,0.09216809272766113,0.6077151894569397
angles_thesis_aug,gru,Nested Sequence 387,topspin,drive,True,0.6349003911018372,0.6349003911018372,0.013501456007361412,0.35159817337989807
angles_thesis_aug,gru,Nested Sequence 388,topspin,topspin,True,0.8271973729133606,0.1097249835729599,0.06307769566774368,0.8271973729133606
angles_thesis_aug,gru,Nested Sequence 389,topspin,topspin,True,0.7482855319976807,0.1487233191728592,0.10299110412597656,0.7482855319976807
angles_thesis_aug,gru,Nested Sequence 390,topspin,topspin,True,0.7621709108352661,0.17089249193668365,0.06693665683269501,0.7621709108352661
angles_thesis_aug,gru,Nested Sequence 391,topspin,topspin,True,0.8137720227241516,0.1722588986158371,0.013969101011753082,0.8137720227241516
angles_thesis_aug,gru,Nested Sequence 392,topspin,topspin,True,0.5682855844497681,0.42190036177635193,0.009814063087105751,0.5682855844497681
angles_thesis_aug,gru,Nested Sequence 393,topspin,topspin,True,0.5462013483047485,0.35131070017814636,0.10248793661594391,0.5462013483047485
angles_thesis_aug,gru,Nested Sequence 394,topspin,topspin,True,0.5458773970603943,0.37114641070365906,0.08297618478536606,0.5458773970603943
angles_thesis_aug,gru,Nested Sequence 395,topspin,topspin,True,0.6337652802467346,0.27335771918296814,0.09287698566913605,0.6337652802467346
angles_thesis_aug,gru,Nested Sequence 396,topspin,drive,True,0.6387423872947693,0.6387423872947693,0.07178274542093277,0.28947484493255615
angles_thesis_aug,gru,Nested Sequence 397,topspin,topspin,True,0.6938201189041138,0.1995042860507965,0.10667560994625092,0.6938201189041138
angles_thesis_aug,gru,Nested Sequence 398,topspin,topspin,True,0.510785698890686,0.47074565291404724,0.018468664959073067,0.510785698890686
angles_thesis_aug,gru,Nested Sequence 399,topspin,topspin,True,0.6669812202453613,0.24197903275489807,0.0910397320985794,0.6669812202453613
angles_thesis_aug,gru,Nested Sequence 400,topspin,topspin,True,0.9779089689254761,0.0036129269283264875,0.01847810484468937,0.9779089689254761
angles_thesis_aug,hybrid,Beginner3_Drive_001,drive,topspin,True,0.6701835965624539,0.31548707802980275,0.014329331927001476,0.6701835965624539
angles_thesis_aug,hybrid,Beginner3_Drive_002,drive,topspin,True,0.5663195759711344,0.4270394682230871,0.006640993990004063,0.5663195759711344
angles_thesis_aug,hybrid,Beginner3_Drive_003,drive,drive,True,0.7971295714378357,0.7971295714378357,0.007294716779142618,0.19557568430900574
angles_thesis_aug,hybrid,Beginner3_Drive_004,drive,drive,True,0.9859758913516998,0.9859758913516998,0.001122505171224475,0.01290161907672882
angles_thesis_aug,hybrid,Beginner3_Drive_005,drive,drive,True,0.6415931125314969,0.6415931125314969,0.01027165912091732,0.34813521903435996
angles_thesis_aug,hybrid,Beginner3_Drive_006,drive,drive,True,0.8064268749507857,0.8064268749507857,0.011156772263348103,0.18241633509073718
angles_thesis_aug,hybrid,Beginner3_Drive_007,drive,drive,True,0.8879104256629944,0.8879104256629944,0.024313440546393394,0.08777613937854767
angles_thesis_aug,hybrid,Beginner3_Drive_008,drive,drive,True,0.8571224835569623,0.8571224835569623,0.005689350888133049,0.13718814506580806
angles_thesis_aug,hybrid,Beginner3_Drive_009,drive,drive,True,0.8459085044755293,0.8459085044755293,0.004070823080837727,0.15002066592437496
angles_thesis_aug,hybrid,Beginner3_Drive_010,drive,drive,True,0.8706390534149119,0.8706390534149119,0.0012955425772815943,0.12806541914179834
angles_thesis_aug,hybrid,Beginner3_Drive_011,drive,drive,True,0.42962679266929626,0.42962679266929626,0.20331463900240956,0.36705854411390726
angles_thesis_aug,hybrid,Beginner3_Drive_012,drive,drive,True,0.9887037873268127,0.9887037873268127,0.00297791650518775,0.008318303152918816
angles_thesis_aug,hybrid,Beginner3_Drive_013,drive,drive,True,0.719276313815165,0.719276313815165,0.0032047913409769535,0.2775189381503578
angles_thesis_aug,hybrid,Beginner3_Drive_014,drive,drive,True,0.9763332903385162,0.9763332903385162,0.004541170317679644,0.019125517457723618
angles_thesis_aug,hybrid,Beginner3_Drive_015,drive,drive,True,0.9868734776973724,0.9868734776973724,0.002006551716476679,0.011119956150650978
angles_thesis_aug,hybrid,Beginner3_Drive_016,drive,drive,True,0.8459965288639069,0.8459965288639069,0.0721752792596817,0.08182818442583084
angles_thesis_aug,hybrid,Beginner3_Drive_017,drive,drive,True,0.528229396790266,0.528229396790266,0.12667140364646912,0.34509921073913574
angles_thesis_aug,hybrid,Beginner3_Drive_018,drive,drive,True,0.9826339185237885,0.9826339185237885,0.0027636007871478796,0.014602476730942726
angles_thesis_aug,hybrid,Beginner3_Drive_019,drive,unavailable,False,0.8693768978118896,0.8693768978118896,0.06617353856563568,0.06444954872131348
angles_thesis_aug,hybrid,Beginner3_Drive_020,drive,drive,True,0.7056758293130323,0.7056758293130323,0.12821760773658752,0.16610654804921893
angles_thesis_aug,hybrid,Beginner3_Drive_021,drive,drive,True,0.8944056928157806,0.8944056928157806,0.07329965382814407,0.03229465335607529
angles_thesis_aug,hybrid,Beginner3_Drive_022,drive,drive,True,0.5670586021124006,0.5670586021124006,0.11503064956262875,0.31791079209713174
angles_thesis_aug,hybrid,Beginner3_Drive_023,drive,drive,True,0.7488018487045547,0.7488018487045547,0.13228851292040142,0.11890961974859238
angles_thesis_aug,hybrid,Beginner3_Drive_024,drive,drive,True,0.9252372682094574,0.9252372682094574,0.016795862466096878,0.05796685814857483
angles_thesis_aug,hybrid,Beginner3_Drive_025,drive,drive,True,0.89030322432518,0.89030322432518,0.004651034250855446,0.10504575073719025
angles_thesis_aug,hybrid,Beginner3_Drive_026,drive,topspin,True,0.5046755237779129,0.3674047277613649,0.12791976894981882,0.5046755237779129
angles_thesis_aug,hybrid,Beginner3_Drive_027,drive,drive,True,0.859922856092453,0.859922856092453,0.004948670510202646,0.135128453373909
angles_thesis_aug,hybrid,Beginner3_Drive_028,drive,drive,True,0.8653096843329265,0.8653096843329265,0.007137703243643045,0.12755264455405924
angles_thesis_aug,hybrid,Beginner3_Drive_029,drive,drive,True,0.9417152404785156,0.9417152404785156,0.003883469384163618,0.054401300847530365
angles_thesis_aug,hybrid,Beginner3_Drive_030,drive,drive,True,0.7924037575721741,0.7924037575721741,0.03578638285398483,0.1718098521232605
angles_thesis_aug,hybrid,Beginner3_Drive_031,drive,drive,True,0.6331697404384613,0.6331697404384613,0.07270707190036774,0.29412320256233215
angles_thesis_aug,hybrid,Beginner3_Lob_001,lob,drive,True,0.9784833490848541,0.9784833490848541,0.005187095142900944,0.016329586505889893
angles_thesis_aug,hybrid,Beginner3_Lob_002,lob,drive,True,0.9420265257358551,0.9420265257358551,0.002813242841511965,0.055160246789455414
angles_thesis_aug,hybrid,Beginner3_Lob_003,lob,drive,True,0.6024601683020592,0.6024601683020592,0.19746585190296173,0.2000739574432373
angles_thesis_aug,hybrid,Beginner3_Lob_004,lob,drive,True,0.5404471419751644,0.5404471419751644,0.04653426259756088,0.4130186140537262
angles_thesis_aug,hybrid,Beginner3_Lob_005,lob,drive,True,0.6829481720924377,0.6829481720924377,0.12258245050907135,0.1944693624973297
angles_thesis_aug,hybrid,Beginner3_Lob_006,lob,drive,True,0.7646632194519043,0.7646632194519043,0.09647319465875626,0.13886360824108124
angles_thesis_aug,hybrid,Beginner3_Lob_007,lob,drive,True,0.686207577586174,0.686207577586174,0.0623251274228096,0.2514672875404358
angles_thesis_aug,hybrid,Beginner3_Lob_008,lob,drive,True,0.7404313265553346,0.7404313265553346,0.035682592540979385,0.22388604737607337
angles_thesis_aug,hybrid,Beginner3_Lob_009,lob,drive,True,0.6568623334169388,0.6568623334169388,0.059673286974430084,0.28346437215805054
angles_thesis_aug,hybrid,Beginner3_Lob_010,lob,drive,True,0.8610965311527252,0.8610965311527252,0.0020826072432100773,0.13682086765766144
angles_thesis_aug,hybrid,Beginner3_Lob_011,lob,drive,True,0.96953946352005,0.96953946352005,0.010776391252875328,0.019684141501784325
angles_thesis_aug,hybrid,Beginner3_Lob_012,lob,drive,True,0.8402345180511475,0.8402345180511475,0.01971585489809513,0.14004963636398315
angles_thesis_aug,hybrid,Beginner3_Lob_013,lob,drive,True,0.8874745965003967,0.8874745965003967,0.06548558175563812,0.047039829194545746
angles_thesis_aug,hybrid,Beginner3_Lob_014,lob,drive,True,0.9144604802131653,0.9144604802131653,0.004081325139850378,0.0814582109451294
angles_thesis_aug,hybrid,Beginner3_Lob_015,lob,drive,True,0.8718283772468567,0.8718283772468567,0.004228390287607908,0.12394324690103531
angles_thesis_aug,hybrid,Beginner3_Lob_016,lob,drive,True,0.9438906610012054,0.9438906610012054,0.00776364142075181,0.048345666378736496
angles_thesis_aug,hybrid,Beginner3_Lob_017,lob,drive,True,0.7461407188636889,0.7461407188636889,0.012621775269508362,0.24123747606448034
angles_thesis_aug,hybrid,Beginner3_Lob_018,lob,drive,True,0.9554803967475891,0.9554803967475891,0.008295675739645958,0.03622397035360336
angles_thesis_aug,hybrid,Beginner3_Lob_019,lob,drive,True,0.703393429517746,0.703393429517746,0.026978706941008568,0.2696278691291809
angles_thesis_aug,hybrid,Beginner3_Lob_020,lob,drive,True,0.7324712723493576,0.7324712723493576,0.00847800262272358,0.2590506672859192
angles_thesis_aug,hybrid,Beginner3_Lob_021,lob,drive,True,0.7035020887851715,0.7035020887851715,0.011727286502718925,0.2847706377506256
angles_thesis_aug,hybrid,Beginner3_Lob_022,lob,drive,True,0.6692008525133133,0.6692008525133133,0.02977095916867256,0.30102819204330444
angles_thesis_aug,hybrid,Beginner3_Lob_023,lob,drive,True,0.8944553732872009,0.8944553732872009,0.05868339538574219,0.04686126112937927
angles_thesis_aug,hybrid,Beginner3_Lob_024,lob,drive,True,0.9318748414516449,0.9318748414516449,0.01117025874555111,0.05695490911602974
angles_thesis_aug,hybrid,Beginner3_Lob_025,lob,drive,True,0.8801116049289703,0.8801116049289703,0.052297405898571014,0.06759097427129745
angles_thesis_aug,hybrid,Beginner3_Lob_026,lob,drive,True,0.8917028307914734,0.8917028307914734,0.023465419188141823,0.08483172953128815
angles_thesis_aug,hybrid,Beginner3_Lob_027,lob,topspin,True,0.6447609419663677,0.31078991678457174,0.04444911330938339,0.6447609419663677
angles_thesis_aug,hybrid,Beginner3_Lob_028,lob,drive,True,0.7391709536314011,0.7391709536314011,0.007340726908296347,0.25348833203315735
angles_thesis_aug,hybrid,Beginner3_Topsin_001,topspin,drive,True,0.7079493381315678,0.7079493381315678,0.0017690157983452082,0.29028165561614344
angles_thesis_aug,hybrid,Beginner3_Topsin_002,topspin,drive,True,0.64864070626299,0.64864070626299,0.013457450084388256,0.3379018762489118
angles_thesis_aug,hybrid,Beginner3_Topsin_003,topspin,drive,True,0.7962392568588257,0.7962392568588257,0.0020138768013566732,0.201746866106987
angles_thesis_aug,hybrid,Beginner3_Topsin_004,topspin,drive,True,0.6076413542032242,0.6076413542032242,0.03824227675795555,0.35411638021469116
angles_thesis_aug,hybrid,Beginner3_Topsin_005,topspin,drive,True,0.9282241463661194,0.9282241463661194,0.02211291715502739,0.049662962555885315
angles_thesis_aug,hybrid,Beginner3_Topsin_006,topspin,drive,True,0.7219546933795308,0.7219546933795308,0.018677644431591034,0.25936768454062
angles_thesis_aug,hybrid,Beginner3_Topsin_007,topspin,topspin,True,0.5206599798464313,0.4420464146471486,0.03729362040758133,0.5206599798464313
angles_thesis_aug,hybrid,Beginner3_Topsin_008,topspin,drive,True,0.8392740190029144,0.8392740190029144,0.006544225849211216,0.15418176352977753
angles_thesis_aug,hybrid,Beginner3_Topsin_009,topspin,drive,True,0.8254685997962952,0.8254685997962952,0.008341924287378788,0.16618946194648743
angles_thesis_aug,hybrid,Beginner3_Topsin_010,topspin,drive,True,0.7038392275571823,0.7038392275571823,0.011780333705246449,0.28438040614128113
angles_thesis_aug,hybrid,Beginner3_Topsin_011,topspin,topspin,True,0.64206122712921,0.35303624613453055,0.00490254070609808,0.64206122712921
angles_thesis_aug,hybrid,Beginner3_Topsin_012,topspin,topspin,True,0.5001308948625898,0.2047528920634606,0.29511623449436886,0.5001308948625898
angles_thesis_aug,hybrid,Beginner3_Topsin_013,topspin,drive,True,0.9582043290138245,0.9582043290138245,0.0018973990809172392,0.039898328483104706
angles_thesis_aug,hybrid,Beginner3_Topsin_014,topspin,drive,True,0.6670285288667537,0.6670285288667537,0.008449099957942963,0.3245223935270452
angles_thesis_aug,hybrid,Beginner3_Topsin_015,topspin,drive,True,0.5330668367595958,0.5330668367595958,0.020004238933324814,0.44692890568062793
angles_thesis_aug,hybrid,Beginner3_Topsin_016,topspin,topspin,True,0.7946361899599286,0.19768900794537353,0.007674767170101404,0.7946361899599286
angles_thesis_aug,hybrid,Beginner3_Topsin_017,topspin,topspin,True,0.7691199018633089,0.20376161085310363,0.02711847424507141,0.7691199018633089
angles_thesis_aug,hybrid,Beginner3_Topsin_018,topspin,drive,True,0.8817798760486746,0.8817798760486746,0.006025704555213451,0.1121944054262733
angles_thesis_aug,hybrid,Beginner3_Topsin_019,topspin,drive,True,0.6714098029615281,0.6714098029615281,0.006811185274273157,0.3217790103672149
angles_thesis_aug,hybrid,Beginner3_Topsin_020,topspin,topspin,True,0.5955965083225252,0.07908692955970764,0.3253165379033802,0.5955965083225252
angles_thesis_aug,hybrid,Beginner3_Topsin_021,topspin,topspin,True,0.6774777698243906,0.31810394647466644,0.0044182827696204185,0.6774777698243906
angles_thesis_aug,hybrid,Beginner3_Topsin_022,topspin,topspin,True,0.5794424485386772,0.41261603720770645,0.007941536605358124,0.5794424485386772
angles_thesis_aug,hybrid,Beginner3_Topsin_023,topspin,topspin,True,0.75760778165034,0.23693448179789836,0.005457757972180843,0.75760778165034
angles_thesis_aug,hybrid,Beginner3_Topsin_024,topspin,topspin,True,0.693003289174144,0.3010629641303374,0.00593374902382493,0.693003289174144
angles_thesis_aug,hybrid,Beginner3_Topsin_025,topspin,topspin,True,0.6801115205048901,0.3054241160393375,0.014464360661804676,0.6801115205048901
angles_thesis_aug,hybrid,Beginner3_Topsin_026,topspin,topspin,True,0.5128987699584646,0.20142920315265656,0.2856720417900401,0.5128987699584646
angles_thesis_aug,hybrid,Nested Sequence 341,drive,drive,True,0.530491853132844,0.530491853132844,0.007975629530847073,0.4615325331687927
angles_thesis_aug,hybrid,Nested Sequence 342,drive,topspin,True,0.7790003586810599,0.20006067256736065,0.020938938483595848,0.7790003586810599
angles_thesis_aug,hybrid,Nested Sequence 343,drive,topspin,True,0.7411584979750159,0.24237983907685257,0.01646166481077671,0.7411584979750159
angles_thesis_aug,hybrid,Nested Sequence 344,drive,drive,True,0.8915958106517792,0.8915958106517792,0.002815843792632222,0.10558833181858063
angles_thesis_aug,hybrid,Nested Sequence 345,drive,drive,True,0.7016706019639969,0.7016706019639969,0.03532717749476433,0.2630022466182709
angles_thesis_aug,hybrid,Nested Sequence 346,drive,drive,True,0.6329628229141235,0.6329628229141235,0.03476127237081528,0.3322758674621582
angles_thesis_aug,hybrid,Nested Sequence 347,drive,drive,True,0.8138983845710754,0.8138983845710754,0.004766793455928564,0.18133479356765747
angles_thesis_aug,hybrid,Nested Sequence 348,drive,drive,True,0.8746838271617889,0.8746838271617889,0.0028561337385326624,0.1224600300192833
angles_thesis_aug,hybrid,Nested Sequence 349,drive,drive,True,0.7110878527164459,0.7110878527164459,0.009210756048560143,0.2797014117240906
angles_thesis_aug,hybrid,Nested Sequence 350,drive,topspin,True,0.5081510532676089,0.46671955398928044,0.025129374116659164,0.5081510532676089
angles_thesis_aug,hybrid,Nested Sequence 351,drive,drive,True,0.9560598731040955,0.9560598731040955,0.0030162655748426914,0.04092385619878769
angles_thesis_aug,hybrid,Nested Sequence 352,drive,drive,True,0.957103818655014,0.957103818655014,0.0028573409654200077,0.04003886133432388
angles_thesis_aug,hybrid,Nested Sequence 353,drive,topspin,True,0.5137026522949474,0.47396322445123035,0.012334149330854416,0.5137026522949474
angles_thesis_aug,hybrid,Nested Sequence 354,drive,drive,True,0.7691106200218201,0.7691106200218201,0.026492226868867874,0.20439715683460236
angles_thesis_aug,hybrid,Nested Sequence 355,drive,drive,True,0.6706915199756622,0.6706915199756622,0.03247045353055,0.29683807492256165
angles_thesis_aug,hybrid,Nested Sequence 356,drive,topspin,True,0.5687879084141423,0.42630592896626696,0.004906156100332737,0.5687879084141423
angles_thesis_aug,hybrid,Nested Sequence 357,drive,drive,True,0.7153885121091201,0.7153885121091201,0.004788977559655905,0.2798224931017563
angles_thesis_aug,hybrid,Nested Sequence 358,drive,drive,True,0.8163726925849915,0.8163726925849915,0.02962573431432247,0.15400157868862152
angles_thesis_aug,hybrid,Nested Sequence 359,drive,drive,True,0.9131885468959808,0.9131885468959808,0.0019407945219427347,0.08487065881490707
angles_thesis_aug,hybrid,Nested Sequence 360,drive,drive,True,0.9661282002925873,0.9661282002925873,0.0017633920069783926,0.03210842236876488
angles_thesis_aug,hybrid,Nested Sequence 361,drive,drive,True,0.6714211443724396,0.6714211443724396,0.02180923894047737,0.306769605511212
angles_thesis_aug,hybrid,Nested Sequence 362,drive,drive,True,0.8261388540267944,0.8261388540267944,0.03465697914361954,0.13920414447784424
angles_thesis_aug,hybrid,Nested Sequence 363,drive,drive,True,0.6833290904760361,0.6833290904760361,0.020564962178468704,0.2961059808731079
angles_thesis_aug,hybrid,Nested Sequence 364,drive,topspin,True,0.4519605274070683,0.31085795123078885,0.23718152136214282,0.4519605274070683
angles_thesis_aug,hybrid,Nested Sequence 365,drive,drive,True,0.930640697479248,0.930640697479248,0.00458671385422349,0.0647725909948349
angles_thesis_aug,hybrid,Nested Sequence 366,drive,drive,True,0.8458470106124878,0.8458470106124878,0.006084907799959183,0.14806808531284332
angles_thesis_aug,hybrid,Nested Sequence 367,drive,drive,True,0.8665019869804382,0.8665019869804382,0.011935556307435036,0.1215624213218689
angles_thesis_aug,hybrid,Nested Sequence 368,drive,drive,True,0.710480123758316,0.710480123758316,0.01590178906917572,0.27361810207366943
angles_thesis_aug,hybrid,Nested Sequence 369,drive,drive,True,0.8937968015670776,0.8937968015670776,0.01653848960995674,0.08966474235057831
angles_thesis_aug,hybrid,Nested Sequence 370,drive,drive,True,0.8308303356170654,0.8308303356170654,0.005951391067355871,0.16321823000907898
angles_thesis_aug,hybrid,Nested Sequence 311,lob,lob,True,0.6959029186449497,0.2915537681498082,0.6959029186449497,0.012543318793177605
angles_thesis_aug,hybrid,Nested Sequence 312,lob,topspin,True,0.4967206190835526,0.41989859048912026,0.0833808034658432,0.4967206190835526
angles_thesis_aug,hybrid,Nested Sequence 313,lob,lob,True,0.34393285026371734,0.33293406272172166,0.34393285026371734,0.3231330926024965
angles_thesis_aug,hybrid,Nested Sequence 314,lob,lob,True,0.7246839702129364,0.07569301873445511,0.7246839702129364,0.1996230185031891
angles_thesis_aug,hybrid,Nested Sequence 315,lob,lob,True,0.38616330317317177,0.30945540467342536,0.38616330317317177,0.3043812614197579
angles_thesis_aug,hybrid,Nested Sequence 316,lob,drive,True,0.4594551559535543,0.4594551559535543,0.42561299987158374,0.11493184417486191
angles_thesis_aug,hybrid,Nested Sequence 317,lob,lob,True,0.6572798937559128,0.3293105661869049,0.6572798937559128,0.013409537263214588
angles_thesis_aug,hybrid,Nested Sequence 318,lob,lob,True,0.554789487733953,0.4300362425898385,0.554789487733953,0.01517429482191801
angles_thesis_aug,hybrid,Nested Sequence 319,lob,lob,True,0.5702357143163681,0.30597105622291565,0.5702357143163681,0.12379325926303864
angles_thesis_aug,hybrid,Nested Sequence 320,lob,lob,True,0.6252127140760422,0.3437681496143341,0.6252127140760422,0.03101913258433342
angles_thesis_aug,hybrid,Nested Sequence 321,lob,drive,True,0.5094491794447962,0.5094491794447962,0.47430243047665915,0.016248369589447975
angles_thesis_aug,hybrid,Nested Sequence 322,lob,drive,True,0.681490033864975,0.681490033864975,0.10237236320972443,0.2161376029253006
angles_thesis_aug,hybrid,Nested Sequence 323,lob,drive,True,0.4929216846434867,0.4929216846434867,0.4822925880940163,0.024785730987787247
angles_thesis_aug,hybrid,Nested Sequence 324,lob,drive,True,0.4681238389995466,0.4681238389995466,0.32603676547738203,0.2058393955230713
angles_thesis_aug,hybrid,Nested Sequence 325,lob,lob,True,0.6892081370057931,0.19811847885675524,0.6892081370057931,0.11267341673374176
angles_thesis_aug,hybrid,Nested Sequence 326,lob,drive,True,0.604229137301445,0.604229137301445,0.14534685015678406,0.25042402744293213
angles_thesis_aug,hybrid,Nested Sequence 327,lob,drive,True,0.713571828996041,0.713571828996041,0.17523774763455136,0.11119042336940765
angles_thesis_aug,hybrid,Nested Sequence 328,lob,drive,True,0.5725899785757065,0.5725899785757065,0.03188033401966095,0.39552968740463257
angles_thesis_aug,hybrid,Nested Sequence 329,lob,drive,True,0.5082123074680567,0.5082123074680567,0.223806232213974,0.26798146963119507
angles_thesis_aug,hybrid,Nested Sequence 330,lob,drive,True,0.6295844634890262,0.6295844634890262,0.33124738727810943,0.039168115705251694
angles_thesis_aug,hybrid,Nested Sequence 331,lob,drive,True,0.4277970790587278,0.4277970790587278,0.24058508875743434,0.3316178321838379
angles_thesis_aug,hybrid,Nested Sequence 332,lob,drive,True,0.6042827943266937,0.6042827943266937,0.13469569218143734,0.26102152466773987
angles_thesis_aug,hybrid,Nested Sequence 333,lob,drive,True,0.7758525311946869,0.7758525311946869,0.001958377892151475,0.2221890687942505
angles_thesis_aug,hybrid,Nested Sequence 334,lob,drive,True,0.5746151581406593,0.5746151581406593,0.06834633648395538,0.3570384979248047
angles_thesis_aug,hybrid,Nested Sequence 335,lob,drive,True,0.7337425529698134,0.7337425529698134,0.24558324816429616,0.0206742063164711
angles_thesis_aug,hybrid,Nested Sequence 336,lob,drive,True,0.40825004506389323,0.40825004506389323,0.3411301960842806,0.2506197392940521
angles_thesis_aug,hybrid,Nested Sequence 337,lob,drive,True,0.5498523218697673,0.5498523218697673,0.1004905001769815,0.34965716305209016
angles_thesis_aug,hybrid,Nested Sequence 338,lob,drive,True,0.8893181681632996,0.8893181681632996,0.0013232516357675195,0.10935858637094498
angles_thesis_aug,hybrid,Nested Sequence 339,lob,drive,True,0.49849679734705094,0.49849679734705094,0.15303953259276015,0.34846366260960826
angles_thesis_aug,hybrid,Nested Sequence 340,lob,drive,True,0.7091247290372849,0.7091247290372849,0.025284718722105026,0.2655905485153198
angles_thesis_aug,hybrid,Nested Sequence 371,topspin,topspin,True,0.8898339393056697,0.09799118894415437,0.012174855917692184,0.8898339393056697
angles_thesis_aug,hybrid,Nested Sequence 372,topspin,topspin,True,0.6473726304861761,0.2075768131148957,0.1450505554676056,0.6473726304861761
angles_thesis_aug,hybrid,Nested Sequence 373,topspin,drive,True,0.7615896165370941,0.7615896165370941,0.027211826294660568,0.2111985683441162
angles_thesis_aug,hybrid,Nested Sequence 374,topspin,drive,True,0.8629883169396186,0.8629883169396186,0.0966602545031941,0.04035145044326782
angles_thesis_aug,hybrid,Nested Sequence 375,topspin,drive,True,0.9683824479579926,0.9683824479579926,0.005572189576923847,0.026045331731438637
angles_thesis_aug,hybrid,Nested Sequence 376,topspin,drive,True,0.8262073397636414,0.8262073397636414,0.006616458296775818,0.16717617213726044
angles_thesis_aug,hybrid,Nested Sequence 377,topspin,topspin,True,0.8815991499563895,0.09430734656190189,0.024093538522720337,0.8815991499563895
angles_thesis_aug,hybrid,Nested Sequence 378,topspin,drive,True,0.8499474823474884,0.8499474823474884,0.019868487492203712,0.13018402457237244
angles_thesis_aug,hybrid,Nested Sequence 379,topspin,drive,True,0.5403182046632324,0.5403182046632324,0.023039182648062706,0.4366426331778015
angles_thesis_aug,hybrid,Nested Sequence 380,topspin,drive,True,0.619161069393158,0.619161069393158,0.053056053817272186,0.32778286933898926
angles_thesis_aug,hybrid,Nested Sequence 381,topspin,drive,True,0.8878472745418549,0.8878472745418549,0.009738164022564888,0.1024145632982254
angles_thesis_aug,hybrid,Nested Sequence 382,topspin,drive,True,0.7169533222913742,0.7169533222913742,0.00556810200214386,0.27747857570648193
angles_thesis_aug,hybrid,Nested Sequence 383,topspin,drive,True,0.5186031945049763,0.5186031945049763,0.04687429964542389,0.4345225393772125
angles_thesis_aug,hybrid,Nested Sequence 384,topspin,drive,True,0.5647069290280342,0.5647069290280342,0.022000789642333984,0.41329225897789
angles_thesis_aug,hybrid,Nested Sequence 385,topspin,drive,True,0.662879541516304,0.662879541516304,0.04440324753522873,0.29271721839904785
angles_thesis_aug,hybrid,Nested Sequence 386,topspin,drive,True,0.5504696165824317,0.5504696165824317,0.046084046363830566,0.4034463370537379
angles_thesis_aug,hybrid,Nested Sequence 387,topspin,drive,True,0.8174501955509186,0.8174501955509186,0.006750728003680706,0.17579908668994904
angles_thesis_aug,hybrid,Nested Sequence 388,topspin,drive,True,0.55486249178648,0.55486249178648,0.03153884783387184,0.4135986864566803
angles_thesis_aug,hybrid,Nested Sequence 389,topspin,drive,True,0.5743616595864296,0.5743616595864296,0.05149555206298828,0.37414276599884033
angles_thesis_aug,hybrid,Nested Sequence 390,topspin,drive,True,0.48554967287198775,0.48554967287198775,0.033468328416347504,0.48098202851398714
angles_thesis_aug,hybrid,Nested Sequence 391,topspin,drive,True,0.5861294493079185,0.5861294493079185,0.006984550505876541,0.4068860113620758
angles_thesis_aug,hybrid,Nested Sequence 392,topspin,drive,True,0.6180754305112418,0.6180754305112418,0.09778178192048707,0.28414279222488403
angles_thesis_aug,hybrid,Nested Sequence 393,topspin,drive,True,0.5779186505543439,0.5779186505543439,0.051243968307971954,0.37083737368710357
angles_thesis_aug,hybrid,Nested Sequence 394,topspin,drive,True,0.6855732053518295,0.6855732053518295,0.04148809239268303,0.27293869853019714
angles_thesis_aug,hybrid,Nested Sequence 395,topspin,drive,True,0.6366788595914841,0.6366788595914841,0.046438492834568024,0.3168826401233673
angles_thesis_aug,hybrid,Nested Sequence 396,topspin,drive,True,0.8193711936473846,0.8193711936473846,0.035891372710466385,0.14473742246627808
angles_thesis_aug,hybrid,Nested Sequence 397,topspin,drive,True,0.5997521430253983,0.5997521430253983,0.05333780497312546,0.3469100594520569
angles_thesis_aug,hybrid,Nested Sequence 398,topspin,drive,True,0.7353728264570236,0.7353728264570236,0.009234332479536533,0.255392849445343
angles_thesis_aug,hybrid,Nested Sequence 399,topspin,drive,True,0.620989516377449,0.620989516377449,0.0455198660492897,0.33349061012268066
angles_thesis_aug,hybrid,Nested Sequence 400,topspin,topspin,True,0.5884007519943161,0.4023601959325852,0.009239052422344685,0.5884007519943161
skeleton,gru,Beginner3_Drive_001,drive,drive,True,0.5992957949638367,0.5992957949638367,0.0006299873348325491,0.40007418394088745
skeleton,gru,Beginner3_Drive_002,drive,drive,True,0.6024426221847534,0.6024426221847534,0.0002669978712219745,0.39729031920433044
skeleton,gru,Beginner3_Drive_003,drive,drive,True,0.8060981035232544,0.8060981035232544,0.00050401093903929,0.19339780509471893
skeleton,gru,Beginner3_Drive_004,drive,drive,True,0.9964281916618347,0.9964281916618347,0.00020194845274090767,0.00336983660236001
skeleton,gru,Beginner3_Drive_005,drive,drive,True,0.6003221273422241,0.6003221273422241,0.0008448383887298405,0.3988330364227295
skeleton,gru,Beginner3_Drive_006,drive,drive,True,0.9984156489372253,0.9984156489372253,0.00026551418704912066,0.0013188535813242197
skeleton,gru,Beginner3_Drive_007,drive,drive,True,0.9995014071464539,0.9995014071464539,0.00018282761448062956,0.00031573473825119436
skeleton,gru,Beginner3_Drive_008,drive,drive,True,0.9898213148117065,0.9898213148117065,0.00023231741215568036,0.009946370497345924
skeleton,gru,Beginner3_Drive_009,drive,drive,True,0.9948051571846008,0.9948051571846008,0.00016912441060412675,0.005025733727961779
skeleton,gru,Beginner3_Drive_010,drive,drive,True,0.8940369486808777,0.8940369486808777,0.0006265054689720273,0.10533648729324341
skeleton,gru,Beginner3_Drive_011,drive,drive,True,0.9995821714401245,0.9995821714401245,0.0001607502781553194,0.0002570647047832608
skeleton,gru,Beginner3_Drive_012,drive,drive,True,0.9995399713516235,0.9995399713516235,0.00020120362751185894,0.0002589419891592115
skeleton,gru,Beginner3_Drive_013,drive,drive,True,0.9716519117355347,0.9716519117355347,0.000667743559461087,0.027680281549692154
skeleton,gru,Beginner3_Drive_014,drive,drive,True,0.9994107484817505,0.9994107484817505,0.00017048705194611102,0.0004187979793641716
skeleton,gru,Beginner3_Drive_015,drive,drive,True,0.9924970865249634,0.9924970865249634,0.00021155453578103334,0.007291325833648443
skeleton,gru,Beginner3_Drive_016,drive,drive,True,0.9993571043014526,0.9993571043014526,0.000279589876299724,0.00036333227762952447
skeleton,gru,Beginner3_Drive_017,drive,drive,True,0.803824782371521,0.803824782371521,0.0012288594152778387,0.1949463188648224
skeleton,gru,Beginner3_Drive_018,drive,drive,True,0.999522864818573,0.999522864818573,0.0001537466305308044,0.0003234093601349741
skeleton,gru,Beginner3_Drive_019,drive,unavailable,False,0.9994796514511108,0.9994796514511108,0.0002703795616980642,0.0002499752736184746
skeleton,gru,Beginner3_Drive_020,drive,drive,True,0.9994988441467285,0.9994988441467285,0.00023214457905851305,0.00026900117518380284
skeleton,gru,Beginner3_Drive_021,drive,drive,True,0.9994827508926392,0.9994827508926392,0.0002417262876406312,0.0002755107416305691
skeleton,gru,Beginner3_Drive_022,drive,drive,True,0.9995541572570801,0.9995541572570801,0.00024071817460935563,0.00020505496650002897
skeleton,gru,Beginner3_Drive_023,drive,drive,True,0.8165878057479858,0.8165878057479858,0.0004987035645172,0.1829133778810501
skeleton,gru,Beginner3_Drive_024,drive,drive,True,0.999351978302002,0.999351978302002,0.00033394614001736045,0.0003140386543236673
skeleton,gru,Beginner3_Drive_025,drive,drive,True,0.8030722737312317,0.8030722737312317,0.00015452202933374792,0.1967732310295105
skeleton,gru,Beginner3_Drive_026,drive,drive,True,0.9996024370193481,0.9996024370193481,0.000185532117029652,0.00021217428729869425
skeleton,gru,Beginner3_Drive_027,drive,drive,True,0.9173574447631836,0.9173574447631836,0.0004343822074588388,0.08220815658569336
skeleton,gru,Beginner3_Drive_028,drive,drive,True,0.9991968274116516,0.9991968274116516,0.00039461595588363707,0.00040854670805856586
skeleton,gru,Beginner3_Drive_029,drive,drive,True,0.9994561076164246,0.9994561076164246,0.00020944606512784958,0.00033446139423176646
skeleton,gru,Beginner3_Drive_030,drive,drive,True,0.9986344575881958,0.9986344575881958,0.00031609003781341016,0.0010495265014469624
skeleton,gru,Beginner3_Drive_031,drive,drive,True,0.9992035031318665,0.9992035031318665,0.00018044057651422918,0.0006161278579384089
skeleton,gru,Beginner3_Lob_001,lob,lob,True,0.9962944984436035,0.0018880324205383658,0.9962944984436035,0.001817474840208888
skeleton,gru,Beginner3_Lob_002,lob,lob,True,0.9975112676620483,0.0023613483645021915,0.9975112676620483,0.0001273119996767491
skeleton,gru,Beginner3_Lob_003,lob,drive,True,0.9993816614151001,0.9993816614151001,0.0003779726685024798,0.00024040727294050157
skeleton,gru,Beginner3_Lob_004,lob,lob,True,0.6342616081237793,0.01212330348789692,0.6342616081237793,0.3536151051521301
skeleton,gru,Beginner3_Lob_005,lob,lob,True,0.9986664056777954,0.0011444913689047098,0.9986664056777954,0.00018919151625595987
skeleton,gru,Beginner3_Lob_006,lob,lob,True,0.9419134259223938,0.057281624525785446,0.9419134259223938,0.0008050390752032399
skeleton,gru,Beginner3_Lob_007,lob,drive,True,0.9979653358459473,0.9979653358459473,0.0009457371197640896,0.0010889510158449411
skeleton,gru,Beginner3_Lob_008,lob,drive,True,0.9981403350830078,0.9981403350830078,0.0015790980542078614,0.00028051287517882884
skeleton,gru,Beginner3_Lob_009,lob,drive,True,0.9988219141960144,0.9988219141960144,0.0007616887451149523,0.00041635503293946385
skeleton,gru,Beginner3_Lob_010,lob,drive,True,0.9122915267944336,0.9122915267944336,0.0866100862622261,0.0010984144173562527
skeleton,gru,Beginner3_Lob_011,lob,drive,True,0.9994056820869446,0.9994056820869446,0.0003829605702776462,0.00021129543893039227
skeleton,gru,Beginner3_Lob_012,lob,lob,True,0.8033156394958496,0.1959046572446823,0.8033156394958496,0.0007796758436597884
skeleton,gru,Beginner3_Lob_013,lob,drive,True,0.9745729565620422,0.9745729565620422,0.02507188357412815,0.0003551234840415418
skeleton,gru,Beginner3_Lob_014,lob,lob,True,0.998907208442688,0.0009415252134203911,0.998907208442688,0.00015129055827856064
skeleton,gru,Beginner3_Lob_015,lob,drive,True,0.5488475561141968,0.5488475561141968,0.45024722814559937,0.0009052014793269336
skeleton,gru,Beginner3_Lob_016,lob,lob,True,0.9986850023269653,0.0009746337309479713,0.9986850023269653,0.00034043798223137856
skeleton,gru,Beginner3_Lob_017,lob,lob,True,0.9990656971931458,0.0006263540708459914,0.9990656971931458,0.00030796986538916826
skeleton,gru,Beginner3_Lob_018,lob,lob,True,0.9967721104621887,0.00031194870825856924,0.9967721104621887,0.0029159828554838896
skeleton,gru,Beginner3_Lob_019,lob,lob,True,0.5978653430938721,0.19891788065433502,0.5978653430938721,0.2032168209552765
skeleton,gru,Beginner3_Lob_020,lob,drive,True,0.6304107904434204,0.6304107904434204,0.004858681932091713,0.36473044753074646
skeleton,gru,Beginner3_Lob_021,lob,lob,True,0.998822808265686,0.0007475003367289901,0.998822808265686,0.00042971689254045486
skeleton,gru,Beginner3_Lob_022,lob,lob,True,0.9120637774467468,0.0748797133564949,0.9120637774467468,0.013056518509984016
skeleton,gru,Beginner3_Lob_023,lob,drive,True,0.9874658584594727,0.9874658584594727,0.008866263553500175,0.003667826997116208
skeleton,gru,Beginner3_Lob_024,lob,drive,True,0.9063975214958191,0.9063975214958191,0.0918722078204155,0.00173026486299932
skeleton,gru,Beginner3_Lob_025,lob,drive,True,0.9764875173568726,0.9764875173568726,0.0005220638704486191,0.022990355268120766
skeleton,gru,Beginner3_Lob_026,lob,drive,True,0.8397925496101379,0.8397925496101379,0.0022415793500840664,0.15796582400798798
skeleton,gru,Beginner3_Lob_027,lob,topspin,True,0.45391592383384705,0.2186710387468338,0.32741305232048035,0.45391592383384705
skeleton,gru,Beginner3_Lob_028,lob,lob,True,0.7732242941856384,0.1689862459897995,0.7732242941856384,0.05778946727514267
skeleton,gru,Beginner3_Topsin_001,topspin,drive,True,0.9978865385055542,0.9978865385055542,0.00022982899099588394,0.0018835726659744978
skeleton,gru,Beginner3_Topsin_002,topspin,drive,True,0.994345486164093,0.994345486164093,0.0004790689272340387,0.005175526719540358
skeleton,gru,Beginner3_Topsin_003,topspin,drive,True,0.998714804649353,0.998714804649353,0.00023115598014555871,0.001053954241797328
skeleton,gru,Beginner3_Topsin_004,topspin,drive,True,0.8000150918960571,0.8000150918960571,0.0004159274394623935,0.199568971991539
skeleton,gru,Beginner3_Topsin_005,topspin,drive,True,0.99937903881073,0.99937903881073,0.0002328628906980157,0.000388066895538941
skeleton,gru,Beginner3_Topsin_006,topspin,drive,True,0.9425727128982544,0.9425727128982544,0.0007002953789196908,0.05672705918550491
skeleton,gru,Beginner3_Topsin_007,topspin,drive,True,0.9242798089981079,0.9242798089981079,0.0006948214140720665,0.07502542436122894
skeleton,gru,Beginner3_Topsin_008,topspin,drive,True,0.9988670349121094,0.9988670349121094,0.00021273127640597522,0.0009202827932313085
skeleton,gru,Beginner3_Topsin_009,topspin,drive,True,0.6910814046859741,0.6910814046859741,0.0006527603254653513,0.3082658648490906
skeleton,gru,Beginner3_Topsin_010,topspin,drive,True,0.8100917935371399,0.8100917935371399,0.0021824201103299856,0.1877257227897644
skeleton,gru,Beginner3_Topsin_011,topspin,topspin,True,0.6901088356971741,0.3092212975025177,0.0006698669749312103,0.6901088356971741
skeleton,gru,Beginner3_Topsin_012,topspin,topspin,True,0.5178130269050598,0.4790100157260895,0.0031769685447216034,0.5178130269050598
skeleton,gru,Beginner3_Topsin_013,topspin,drive,True,0.9466597437858582,0.9466597437858582,0.0004008729592896998,0.05293934792280197
skeleton,gru,Beginner3_Topsin_014,topspin,drive,True,0.7911537885665894,0.7911537885665894,0.0006988228997215629,0.20814740657806396
skeleton,gru,Beginner3_Topsin_015,topspin,drive,True,0.7918072938919067,0.7918072938919067,0.0006638745544478297,0.20752885937690735
skeleton,gru,Beginner3_Topsin_016,topspin,drive,True,0.6048542857170105,0.6048542857170105,0.0006698135402984917,0.3944759666919708
skeleton,gru,Beginner3_Topsin_017,topspin,drive,True,0.8027619123458862,0.8027619123458862,0.0007081843796186149,0.19652993977069855
skeleton,gru,Beginner3_Topsin_018,topspin,drive,True,0.997674286365509,0.997674286365509,0.00061545375501737,0.0017103139543905854
skeleton,gru,Beginner3_Topsin_019,topspin,drive,True,0.7683725953102112,0.7683725953102112,0.000731119595002383,0.23089627921581268
skeleton,gru,Beginner3_Topsin_020,topspin,drive,True,0.8009322881698608,0.8009322881698608,0.0009789359755814075,0.19808872044086456
skeleton,gru,Beginner3_Topsin_021,topspin,drive,True,0.6033378839492798,0.6033378839492798,0.00033230858389288187,0.3963298201560974
skeleton,gru,Beginner3_Topsin_022,topspin,drive,True,0.6236786246299744,0.6236786246299744,0.0003976974112447351,0.37592366337776184
skeleton,gru,Beginner3_Topsin_023,topspin,drive,True,0.603903591632843,0.603903591632843,0.0006023802561685443,0.3954940140247345
skeleton,gru,Beginner3_Topsin_024,topspin,drive,True,0.7646206021308899,0.7646206021308899,0.0007377425208687782,0.2346416413784027
skeleton,gru,Beginner3_Topsin_025,topspin,drive,True,0.6102041006088257,0.6102041006088257,0.0003482959873508662,0.3894476294517517
skeleton,gru,Beginner3_Topsin_026,topspin,drive,True,0.9944217801094055,0.9944217801094055,0.004333883058279753,0.0012443361338227987
skeleton,gru,Nested Sequence 341,drive,lob,True,0.814649224281311,0.023596152663230896,0.814649224281311,0.16175466775894165
skeleton,gru,Nested Sequence 342,drive,lob,True,0.9957416653633118,0.003358399961143732,0.9957416653633118,0.0008999129058793187
skeleton,gru,Nested Sequence 343,drive,drive,True,0.9591292142868042,0.9591292142868042,0.003240720834583044,0.037630051374435425
skeleton,gru,Nested Sequence 344,drive,drive,True,0.9992753267288208,0.9992753267288208,0.000404873862862587,0.0003198409976903349
skeleton,gru,Nested Sequence 345,drive,drive,True,0.9929853677749634,0.9929853677749634,0.000373023038264364,0.006641651503741741
skeleton,gru,Nested Sequence 346,drive,drive,True,0.9930962324142456,0.9930962324142456,0.00407716678455472,0.002826634095981717
skeleton,gru,Nested Sequence 347,drive,drive,True,0.998247504234314,0.998247504234314,0.0006147536914795637,0.0011377130867913365
skeleton,gru,Nested Sequence 348,drive,drive,True,0.8587126731872559,0.8587126731872559,0.0007012452115304768,0.14058607816696167
skeleton,gru,Nested Sequence 349,drive,drive,True,0.8285945653915405,0.8285945653915405,0.0006359884282574058,0.17076945304870605
skeleton,gru,Nested Sequence 350,drive,drive,True,0.8011989593505859,0.8011989593505859,0.0002567265764810145,0.1985442340373993
skeleton,gru,Nested Sequence 351,drive,drive,True,0.856194794178009,0.856194794178009,0.0005303993821144104,0.1432749181985855
skeleton,gru,Nested Sequence 352,drive,drive,True,0.999649703502655,0.999649703502655,9.307951404480264e-05,0.0002572597295511514
skeleton,gru,Nested Sequence 353,drive,lob,True,0.7505246996879578,0.24861767888069153,0.7505246996879578,0.0008576250402256846
skeleton,gru,Nested Sequence 354,drive,drive,True,0.7464665174484253,0.7464665174484253,0.22727510333061218,0.026258384808897972
skeleton,gru,Nested Sequence 355,drive,lob,True,0.7625661492347717,0.2342875897884369,0.7625661492347717,0.003146351082250476
skeleton,gru,Nested Sequence 356,drive,lob,True,0.8770709037780762,0.07617881894111633,0.8770709037780762,0.04675031825900078
skeleton,gru,Nested Sequence 357,drive,drive,True,0.8430967330932617,0.8430967330932617,0.00037600265932269394,0.15652723610401154
skeleton,gru,Nested Sequence 358,drive,lob,True,0.6064844131469727,0.3893694281578064,0.6064844131469727,0.00414608558639884
skeleton,gru,Nested Sequence 359,drive,drive,True,0.9994243383407593,0.9994243383407593,0.00028244839631952345,0.00029326105141080916
skeleton,gru,Nested Sequence 360,drive,drive,True,0.7817744016647339,0.7817744016647339,0.21670648455619812,0.0015191438142210245
skeleton,gru,Nested Sequence 361,drive,drive,True,0.9704922437667847,0.9704922437667847,0.0010525014949962497,0.028455261141061783
skeleton,gru,Nested Sequence 362,drive,drive,True,0.4030780792236328,0.4030780792236328,0.3977757394313812,0.19914616644382477
skeleton,gru,Nested Sequence 363,drive,drive,True,0.617821455001831,0.617821455001831,0.17748351395130157,0.20469507575035095
skeleton,gru,Nested Sequence 364,drive,drive,True,0.6057001352310181,0.6057001352310181,0.0004477589391171932,0.3938521146774292
skeleton,gru,Nested Sequence 365,drive,drive,True,0.8115676641464233,0.8115676641464233,0.0002307401446159929,0.18820159137248993
skeleton,gru,Nested Sequence 366,drive,drive,True,0.4851931929588318,0.4851931929588318,0.31531086564064026,0.19949588179588318
skeleton,gru,Nested Sequence 367,drive,drive,True,0.990424633026123,0.990424633026123,0.003714724211022258,0.0058606513775885105
skeleton,gru,Nested Sequence 368,drive,drive,True,0.8247039914131165,0.8247039914131165,0.0006410885835066438,0.17465490102767944
skeleton,gru,Nested Sequence 369,drive,drive,True,0.999639630317688,0.999639630317688,0.00011852979514515027,0.000241877933149226
skeleton,gru,Nested Sequence 370,drive,drive,True,0.8177658915519714,0.8177658915519714,0.00031127838883548975,0.18192285299301147
skeleton,gru,Nested Sequence 311,lob,lob,True,0.6011408567428589,0.005827148444950581,0.6011408567428589,0.39303192496299744
skeleton,gru,Nested Sequence 312,lob,lob,True,0.7625259160995483,0.009375765919685364,0.7625259160995483,0.22809834778308868
skeleton,gru,Nested Sequence 313,lob,lob,True,0.7219917178153992,0.05413542315363884,0.7219917178153992,0.2238728106021881
skeleton,gru,Nested Sequence 314,lob,lob,True,0.9988738298416138,0.0008105598390102386,0.9988738298416138,0.0003155924496240914
skeleton,gru,Nested Sequence 315,lob,lob,True,0.7918106317520142,0.05870165675878525,0.7918106317520142,0.1494876742362976
skeleton,gru,Nested Sequence 316,lob,lob,True,0.6014896631240845,0.0019629416055977345,0.6014896631240845,0.3965473771095276
skeleton,gru,Nested Sequence 317,lob,lob,True,0.5969763994216919,0.00149170879740268,0.5969763994216919,0.4015318751335144
skeleton,gru,Nested Sequence 318,lob,lob,True,0.5951849818229675,0.0012296481290832162,0.5951849818229675,0.4035853445529938
skeleton,gru,Nested Sequence 319,lob,lob,True,0.6903364062309265,0.011202165856957436,0.6903364062309265,0.2984614074230194
skeleton,gru,Nested Sequence 320,lob,lob,True,0.6424978375434875,0.0035552638582885265,0.6424978375434875,0.3539469838142395
skeleton,gru,Nested Sequence 321,lob,lob,True,0.5912357568740845,0.0006445612525567412,0.5912357568740845,0.40811973810195923
skeleton,gru,Nested Sequence 322,lob,topspin,True,0.5188084244728088,0.0019386258209124207,0.47925299406051636,0.5188084244728088
skeleton,gru,Nested Sequence 323,lob,lob,True,0.6110250353813171,0.0010941436048597097,0.6110250353813171,0.387880802154541
skeleton,gru,Nested Sequence 324,lob,lob,True,0.998310923576355,0.0013394694542512298,0.998310923576355,0.00034960306948050857
skeleton,gru,Nested Sequence 325,lob,lob,True,0.9995229840278625,0.00032152869971469045,0.9995229840278625,0.00015546981012448668
skeleton,gru,Nested Sequence 326,lob,lob,True,0.9991480708122253,0.0006558996392413974,0.9991480708122253,0.00019608922593761235
skeleton,gru,Nested Sequence 327,lob,lob,True,0.9977958798408508,0.0020382001530379057,0.9977958798408508,0.00016591689200140536
skeleton,gru,Nested Sequence 328,lob,lob,True,0.9991019368171692,0.0006396644748747349,0.9991019368171692,0.00025836494751274586
skeleton,gru,Nested Sequence 329,lob,lob,True,0.9994155764579773,0.00033980808802880347,0.9994155764579773,0.0002446317230351269
skeleton,gru,Nested Sequence 330,lob,topspin,True,0.7974834442138672,0.0035759645979851484,0.19894060492515564,0.7974834442138672
skeleton,gru,Nested Sequence 331,lob,lob,True,0.998543918132782,0.0010429432149976492,0.998543918132782,0.00041317258728668094
skeleton,gru,Nested Sequence 332,lob,lob,True,0.9987933039665222,0.0010619277600198984,0.9987933039665222,0.00014470808673650026
skeleton,gru,Nested Sequence 333,lob,lob,True,0.9989741444587708,0.0008649995434097946,0.9989741444587708,0.00016082104411907494
skeleton,gru,Nested Sequence 334,lob,lob,True,0.9978100061416626,0.0016751544317230582,0.9978100061416626,0.0005148284253664315
skeleton,gru,Nested Sequence 335,lob,topspin,True,0.7531846165657043,0.04622592404484749,0.20058944821357727,0.7531846165657043
skeleton,gru,Nested Sequence 336,lob,lob,True,0.998764157295227,0.00106129702180624,0.998764157295227,0.000174627173691988
skeleton,gru,Nested Sequence 337,lob,lob,True,0.9986287951469421,0.0012043244205415249,0.9986287951469421,0.00016682421846780926
skeleton,gru,Nested Sequence 338,lob,lob,True,0.9983502626419067,0.0015053035458549857,0.9983502626419067,0.00014450163871515542
skeleton,gru,Nested Sequence 339,lob,lob,True,0.9983712434768677,0.001380968140438199,0.9983712434768677,0.00024781186948530376
skeleton,gru,Nested Sequence 340,lob,lob,True,0.8255149126052856,0.0011377891059964895,0.8255149126052856,0.1733473390340805
skeleton,gru,Nested Sequence 371,topspin,lob,True,0.5745591521263123,0.20164689421653748,0.5745591521263123,0.22379393875598907
skeleton,gru,Nested Sequence 372,topspin,lob,True,0.6993699073791504,0.20135024189949036,0.6993699073791504,0.09927986562252045
skeleton,gru,Nested Sequence 373,topspin,drive,True,0.9996044039726257,0.9996044039726257,0.00023011318990029395,0.0001654433726798743
skeleton,gru,Nested Sequence 374,topspin,drive,True,0.9984655380249023,0.9984655380249023,0.0002586939372122288,0.0012757718795910478
skeleton,gru,Nested Sequence 375,topspin,drive,True,0.9996856451034546,0.9996856451034546,0.0001530929293949157,0.00016121227235998958
skeleton,gru,Nested Sequence 376,topspin,drive,True,0.9992405772209167,0.9992405772209167,0.0005494030192494392,0.00021003051369916648
skeleton,gru,Nested Sequence 377,topspin,lob,True,0.7963027954101562,0.19669309258460999,0.7963027954101562,0.007004103623330593
skeleton,gru,Nested Sequence 378,topspin,drive,True,0.8820684552192688,0.8820684552192688,0.0005017905496060848,0.11742977052927017
skeleton,gru,Nested Sequence 379,topspin,drive,True,0.8017033338546753,0.8017033338546753,0.0022340076975524426,0.1960625946521759
skeleton,gru,Nested Sequence 380,topspin,lob,True,0.4059668183326721,0.39330562949180603,0.4059668183326721,0.20072755217552185
skeleton,gru,Nested Sequence 381,topspin,drive,True,0.9991201162338257,0.9991201162338257,0.0004533089813776314,0.00042655100696720183
skeleton,gru,Nested Sequence 382,topspin,drive,True,0.8059161901473999,0.8059161901473999,0.0011035316856577992,0.19298024475574493
skeleton,gru,Nested Sequence 383,topspin,lob,True,0.5951218605041504,0.39789879322052,0.5951218605041504,0.006979332771152258
skeleton,gru,Nested Sequence 384,topspin,drive,True,0.80235356092453,0.80235356092453,0.0005629776860587299,0.19708344340324402
skeleton,gru,Nested Sequence 385,topspin,drive,True,0.9988275766372681,0.9988275766372681,0.0006141096819192171,0.0005582621088251472
skeleton,gru,Nested Sequence 386,topspin,drive,True,0.9676767587661743,0.9676767587661743,0.02981623448431492,0.0025069748517125845
skeleton,gru,Nested Sequence 387,topspin,drive,True,0.9983884692192078,0.9983884692192078,0.0011332172434777021,0.00047827590606175363
skeleton,gru,Nested Sequence 388,topspin,drive,True,0.976560115814209,0.976560115814209,0.018364857882261276,0.005074959713965654
skeleton,gru,Nested Sequence 389,topspin,lob,True,0.49980682134628296,0.2981718182563782,0.49980682134628296,0.20202140510082245
skeleton,gru,Nested Sequence 390,topspin,drive,True,0.8278083801269531,0.8278083801269531,0.0005836723721586168,0.17160792648792267
skeleton,gru,Nested Sequence 391,topspin,lob,True,0.7481614351272583,0.2464759796857834,0.7481614351272583,0.0053625465370714664
skeleton,gru,Nested Sequence 392,topspin,lob,True,0.5707272291183472,0.3984449803829193,0.5707272291183472,0.030827706679701805
skeleton,gru,Nested Sequence 393,topspin,drive,True,0.9735498428344727,0.9735498428344727,0.0006896820850670338,0.025760462507605553
skeleton,gru,Nested Sequence 394,topspin,drive,True,0.7860265970230103,0.7860265970230103,0.017463697120547295,0.1965097188949585
skeleton,gru,Nested Sequence 395,topspin,lob,True,0.5657025575637817,0.42754119634628296,0.5657025575637817,0.006756269838660955
skeleton,gru,Nested Sequence 396,topspin,drive,True,0.9988021850585938,0.9988021850585938,0.0004566579591482878,0.0007411596598103642
skeleton,gru,Nested Sequence 397,topspin,drive,True,0.9687076807022095,0.9687076807022095,0.000545230635907501,0.030747046694159508
skeleton,gru,Nested Sequence 398,topspin,drive,True,0.9664026498794556,0.9664026498794556,0.0012230308493599296,0.03237437456846237
skeleton,gru,Nested Sequence 399,topspin,drive,True,0.9306400418281555,0.9306400418281555,0.0008593440870754421,0.0685005933046341
skeleton,gru,Nested Sequence 400,topspin,lob,True,0.9584053158760071,0.029581720009446144,0.9584053158760071,0.012013034895062447
skeleton,hybrid,Beginner3_Drive_001,drive,drive,True,0.5962757194527897,0.5962757194527897,0.00031499366741627455,0.40340926999957233
skeleton,hybrid,Beginner3_Drive_002,drive,topspin,True,0.5009603560624201,0.4989061146321218,0.00013349893561098725,0.5009603560624201
skeleton,hybrid,Beginner3_Drive_003,drive,drive,True,0.9030490517616272,0.9030490517616272,0.000252005469519645,0.09669890254735947
skeleton,hybrid,Beginner3_Drive_004,drive,drive,True,0.9982140958309174,0.9982140958309174,0.00010097422637045383,0.001684918301180005
skeleton,hybrid,Beginner3_Drive_005,drive,drive,True,0.7029174109133023,0.7029174109133023,0.00042241919436492026,0.2966601709691744
skeleton,hybrid,Beginner3_Drive_006,drive,drive,True,0.8995519798549605,0.8995519798549605,0.00013275709352456033,0.10031527140431416
skeleton,hybrid,Beginner3_Drive_007,drive,drive,True,0.9997507035732269,0.9997507035732269,9.141380724031478e-05,0.00015786736912559718
skeleton,hybrid,Beginner3_Drive_008,drive,drive,True,0.8924195197279218,0.8924195197279218,0.00011615870607784018,0.1074643229266045
skeleton,hybrid,Beginner3_Drive_009,drive,drive,True,0.8979837415112807,0.8979837415112807,8.456220530206338e-05,0.10193170394500066
skeleton,hybrid,Beginner3_Drive_010,drive,drive,True,0.8453434680210062,0.8453434680210062,0.00031325273448601365,0.15434324996605428
skeleton,hybrid,Beginner3_Drive_011,drive,drive,True,0.49979108572006226,0.49979108572006226,0.2017724658146373,0.29843644167683203
skeleton,hybrid,Beginner3_Drive_012,drive,drive,True,0.9997699856758118,0.9997699856758118,0.00010060181375592947,0.00012947099457960576
skeleton,hybrid,Beginner3_Drive_013,drive,drive,True,0.8824972260332589,0.8824972260332589,0.0003338717797305435,0.11716887060935455
skeleton,hybrid,Beginner3_Drive_014,drive,drive,True,0.9997053742408752,0.9997053742408752,8.524352597305551e-05,0.0002093989896820858
skeleton,hybrid,Beginner3_Drive_015,drive,drive,True,0.9962485432624817,0.9962485432624817,0.00010577726789051667,0.0036456629168242216
skeleton,hybrid,Beginner3_Drive_016,drive,drive,True,0.9996785521507263,0.9996785521507263,0.000139794938149862,0.00018166613881476223
skeleton,hybrid,Beginner3_Drive_017,drive,drive,True,0.9019123911857605,0.9019123911857605,0.0006144297076389194,0.0974731594324112
skeleton,hybrid,Beginner3_Drive_018,drive,drive,True,0.9997614324092865,0.9997614324092865,7.68733152654022e-05,0.00016170468006748706
skeleton,hybrid,Beginner3_Drive_019,drive,unavailable,False,0.9997398257255554,0.9997398257255554,0.0001351897808490321,0.0001249876368092373
skeleton,hybrid,Beginner3_Drive_020,drive,drive,True,0.9019904026009962,0.9019904026009962,0.00011607228952925652,0.09789352005995995
skeleton,hybrid,Beginner3_Drive_021,drive,drive,True,0.9997413754463196,0.9997413754463196,0.0001208631438203156,0.00013775537081528455
skeleton,hybrid,Beginner3_Drive_022,drive,drive,True,0.7834581525503278,0.7834581525503278,0.1110156244255782,0.10552618822318875
skeleton,hybrid,Beginner3_Drive_023,drive,drive,True,0.8200111303875228,0.8200111303875228,0.08853212426872867,0.09145668894052505
skeleton,hybrid,Beginner3_Drive_024,drive,drive,True,0.999675989151001,0.999675989151001,0.00016697307000868022,0.00015701932716183364
skeleton,hybrid,Beginner3_Drive_025,drive,drive,True,0.9015361368656158,0.9015361368656158,7.726101466687396e-05,0.09838661551475525
skeleton,hybrid,Beginner3_Drive_026,drive,drive,True,0.6872299895926485,0.6872299895926485,0.10494843761875484,0.20782164450043497
skeleton,hybrid,Beginner3_Drive_027,drive,drive,True,0.9586787223815918,0.9586787223815918,0.0002171911037294194,0.04110407829284668
skeleton,hybrid,Beginner3_Drive_028,drive,drive,True,0.9065092790690258,0.9065092790690258,0.00019730797794181854,0.09329340799082932
skeleton,hybrid,Beginner3_Drive_029,drive,drive,True,0.9997280538082123,0.9997280538082123,0.00010472303256392479,0.00016723069711588323
skeleton,hybrid,Beginner3_Drive_030,drive,drive,True,0.9993172287940979,0.9993172287940979,0.00015804501890670508,0.0005247632507234812
skeleton,hybrid,Beginner3_Drive_031,drive,drive,True,0.9996017515659332,0.9996017515659332,9.022028825711459e-05,0.0003080639289692044
skeleton,hybrid,Beginner3_Lob_001,lob,drive,True,0.5009440162102692,0.5009440162102692,0.49814724922180176,0.000908737420104444
skeleton,hybrid,Beginner3_Lob_002,lob,drive,True,0.5011806741822511,0.5011806741822511,0.49875563383102417,6.365599983837456e-05
skeleton,hybrid,Beginner3_Lob_003,lob,drive,True,0.99969083070755,0.99969083070755,0.0001889863342512399,0.00012020363647025079
skeleton,hybrid,Beginner3_Lob_004,lob,drive,True,0.5060616517439485,0.5060616517439485,0.31713080406188965,0.17680755257606506
skeleton,hybrid,Beginner3_Lob_005,lob,drive,True,0.5005722456844524,0.5005722456844524,0.4993332028388977,9.459575812797993e-05
skeleton,hybrid,Beginner3_Lob_006,lob,drive,True,0.5286408122628927,0.5286408122628927,0.4709567129611969,0.00040251953760161996
skeleton,hybrid,Beginner3_Lob_007,lob,drive,True,0.9989826679229736,0.9989826679229736,0.0004728685598820448,0.0005444755079224706
skeleton,hybrid,Beginner3_Lob_008,lob,drive,True,0.8968753694764009,0.8968753694764009,0.0007895490271039307,0.10233505450269247
skeleton,hybrid,Beginner3_Lob_009,lob,drive,True,0.9994109570980072,0.9994109570980072,0.00038084437255747616,0.00020817751646973193
skeleton,hybrid,Beginner3_Lob_010,lob,drive,True,0.9561457633972168,0.9561457633972168,0.04330504313111305,0.0005492072086781263
skeleton,hybrid,Beginner3_Lob_011,lob,drive,True,0.9997028410434723,0.9997028410434723,0.0001914802851388231,0.00010564771946519613
skeleton,hybrid,Beginner3_Lob_012,lob,drive,True,0.5979523286223412,0.5979523286223412,0.4016578197479248,0.0003898379218298942
skeleton,hybrid,Beginner3_Lob_013,lob,drive,True,0.9872864782810211,0.9872864782810211,0.012535941787064075,0.0001775617420207709
skeleton,hybrid,Beginner3_Lob_014,lob,drive,True,0.5004707626067102,0.5004707626067102,0.499453604221344,7.564527913928032e-05
skeleton,hybrid,Beginner3_Lob_015,lob,drive,True,0.7744237780570984,0.7744237780570984,0.22512361407279968,0.0004526007396634668
skeleton,hybrid,Beginner3_Lob_016,lob,drive,True,0.500487316865474,0.500487316865474,0.49934250116348267,0.00017021899111568928
skeleton,hybrid,Beginner3_Lob_017,lob,lob,True,0.4995328485965729,0.40514592799788207,0.4995328485965729,0.09532123397023554
skeleton,hybrid,Beginner3_Lob_018,lob,drive,True,0.5001559743541293,0.5001559743541293,0.49838605523109436,0.0014579914277419448
skeleton,hybrid,Beginner3_Lob_019,lob,drive,True,0.5994589403271675,0.5994589403271675,0.29893267154693604,0.10160841047763824
skeleton,hybrid,Beginner3_Lob_020,lob,drive,True,0.8152053952217102,0.8152053952217102,0.0024293409660458565,0.18236522376537323
skeleton,hybrid,Beginner3_Lob_021,lob,drive,True,0.5003737501683645,0.5003737501683645,0.499411404132843,0.00021485844627022743
skeleton,hybrid,Beginner3_Lob_022,lob,drive,True,0.5374398566782475,0.5374398566782475,0.4560318887233734,0.006528259254992008
skeleton,hybrid,Beginner3_Lob_023,lob,drive,True,0.9937329292297363,0.9937329292297363,0.004433131776750088,0.001833913498558104
skeleton,hybrid,Beginner3_Lob_024,lob,drive,True,0.9531987607479095,0.9531987607479095,0.04593610391020775,0.00086513243149966
skeleton,hybrid,Beginner3_Lob_025,lob,drive,True,0.9882437586784363,0.9882437586784363,0.00026103193522430956,0.011495177634060383
skeleton,hybrid,Beginner3_Lob_026,lob,drive,True,0.919896274805069,0.919896274805069,0.0011207896750420332,0.07898291200399399
skeleton,hybrid,Beginner3_Lob_027,lob,topspin,True,0.42646252165634724,0.40983095963399324,0.16370652616024017,0.42646252165634724
skeleton,hybrid,Beginner3_Lob_028,lob,drive,True,0.5844931229948997,0.5844931229948997,0.3866121470928192,0.028894733637571335
skeleton,hybrid,Beginner3_Topsin_001,topspin,drive,True,0.8973602630430668,0.8973602630430668,0.00011491449549794197,0.10252479254269758
skeleton,hybrid,Beginner3_Topsin_002,topspin,drive,True,0.7918619653801164,0.7918619653801164,0.00023953446361701936,0.2078985410617002
skeleton,hybrid,Beginner3_Topsin_003,topspin,drive,True,0.9993574023246765,0.9993574023246765,0.00011557799007277936,0.000526977120898664
skeleton,hybrid,Beginner3_Topsin_004,topspin,drive,True,0.9000075459480286,0.9000075459480286,0.00020796371973119676,0.0997844859957695
skeleton,hybrid,Beginner3_Topsin_005,topspin,drive,True,0.999689519405365,0.999689519405365,0.00011643144534900784,0.0001940334477694705
skeleton,hybrid,Beginner3_Topsin_006,topspin,drive,True,0.8742979069377278,0.8742979069377278,0.0003501476894598454,0.12535197910415183
skeleton,hybrid,Beginner3_Topsin_007,topspin,drive,True,0.8657096359467968,0.8657096359467968,0.00034741070703603327,0.13394298073287156
skeleton,hybrid,Beginner3_Topsin_008,topspin,drive,True,0.9994335174560547,0.9994335174560547,0.00010636563820298761,0.00046014139661565423
skeleton,hybrid,Beginner3_Topsin_009,topspin,drive,True,0.8455407023429871,0.8455407023429871,0.00032638016273267567,0.1541329324245453
skeleton,hybrid,Beginner3_Topsin_010,topspin,drive,True,0.90504589676857,0.90504589676857,0.0010912100551649928,0.0938628613948822
skeleton,hybrid,Beginner3_Topsin_011,topspin,topspin,True,0.5597163076860795,0.4399487589137664,0.00033493348746560514,0.5597163076860795
skeleton,hybrid,Beginner3_Topsin_012,topspin,drive,True,0.43696847631921554,0.43696847631921554,0.20338413297943334,0.35964739628928655
skeleton,hybrid,Beginner3_Topsin_013,topspin,drive,True,0.9733298718929291,0.9733298718929291,0.0002004364796448499,0.026469673961400986
skeleton,hybrid,Beginner3_Topsin_014,topspin,drive,True,0.7992103819227077,0.7992103819227077,0.00034941144986078143,0.20044021564961906
skeleton,hybrid,Beginner3_Topsin_015,topspin,drive,True,0.7962518759222316,0.7962518759222316,0.00033193727722391486,0.20341620071217545
skeleton,hybrid,Beginner3_Topsin_016,topspin,topspin,True,0.51585607232897,0.4838090538755207,0.00033490677014924586,0.51585607232897
skeleton,hybrid,Beginner3_Topsin_017,topspin,drive,True,0.5936530695283689,0.5936530695283689,0.00035409218980930746,0.40599285652992345
skeleton,hybrid,Beginner3_Topsin_018,topspin,drive,True,0.8956934776855612,0.8956934776855612,0.000307726877508685,0.10399882247438859
skeleton,hybrid,Beginner3_Topsin_019,topspin,drive,True,0.7958968453885911,0.7958968453885911,0.0003655597975011915,0.20373759187442086
skeleton,hybrid,Beginner3_Topsin_020,topspin,drive,True,0.4004661440849304,0.4004661440849304,0.2967030788173346,0.30283074939088844
skeleton,hybrid,Beginner3_Topsin_021,topspin,topspin,True,0.5132248627866556,0.486608989266033,0.00016615429194644094,0.5132248627866556
skeleton,hybrid,Beginner3_Topsin_022,topspin,topspin,True,0.5025536041678352,0.49724753983603287,0.00019884870562236756,0.5025536041678352
skeleton,hybrid,Beginner3_Topsin_023,topspin,topspin,True,0.505746283890521,0.49395251893826775,0.00030119012808427215,0.505746283890521
skeleton,hybrid,Beginner3_Topsin_024,topspin,topspin,True,0.5218968165627167,0.4777343051919295,0.0003688712604343891,0.5218968165627167
skeleton,hybrid,Beginner3_Topsin_025,topspin,topspin,True,0.5005803038834912,0.4992455611467975,0.0001741479936754331,0.5005803038834912
skeleton,hybrid,Beginner3_Topsin_026,topspin,drive,True,0.49721089005470276,0.49721089005470276,0.09355917849339716,0.40922993110265415
skeleton,hybrid,Nested Sequence 341,drive,drive,True,0.5117980763316154,0.5117980763316154,0.4073246121406555,0.08087733387947083
skeleton,hybrid,Nested Sequence 342,drive,lob,True,0.4978708326816559,0.19440019244621004,0.4978708326816559,0.3077289639873015
skeleton,hybrid,Nested Sequence 343,drive,drive,True,0.6791928582929132,0.6791928582929132,0.001620360417291522,0.31918677453770655
skeleton,hybrid,Nested Sequence 344,drive,drive,True,0.9996376633644104,0.9996376633644104,0.0002024369314312935,0.00015992049884516746
skeleton,hybrid,Nested Sequence 345,drive,drive,True,0.9964926838874817,0.9964926838874817,0.000186511519132182,0.0033208257518708706
skeleton,hybrid,Nested Sequence 346,drive,drive,True,0.9965481162071228,0.9965481162071228,0.00203858339227736,0.0014133170479908586
skeleton,hybrid,Nested Sequence 347,drive,drive,True,0.999123752117157,0.999123752117157,0.00030737684573978186,0.0005688565433956683
skeleton,hybrid,Nested Sequence 348,drive,drive,True,0.9293563365936279,0.9293563365936279,0.0003506226057652384,0.07029303908348083
skeleton,hybrid,Nested Sequence 349,drive,drive,True,0.9142972826957703,0.9142972826957703,0.0003179942141287029,0.08538472652435303
skeleton,hybrid,Nested Sequence 350,drive,drive,True,0.784188271683563,0.784188271683563,0.00012836328824050725,0.21568332501042964
skeleton,hybrid,Nested Sequence 351,drive,drive,True,0.9280973970890045,0.9280973970890045,0.0002651996910572052,0.07163745909929276
skeleton,hybrid,Nested Sequence 352,drive,drive,True,0.9998248517513275,0.9998248517513275,4.653975702240132e-05,0.0001286298647755757
skeleton,hybrid,Nested Sequence 353,drive,drive,True,0.5175527568265661,0.5175527568265661,0.3752623498439789,0.10718489513389261
skeleton,hybrid,Nested Sequence 354,drive,drive,True,0.8732332587242126,0.8732332587242126,0.11363755166530609,0.013129192404448986
skeleton,hybrid,Nested Sequence 355,drive,drive,True,0.6171437948942184,0.6171437948942184,0.38128307461738586,0.001573175541125238
skeleton,hybrid,Nested Sequence 356,drive,lob,True,0.4385354518890381,0.3387152345387767,0.4385354518890381,0.22274933406128186
skeleton,hybrid,Nested Sequence 357,drive,drive,True,0.8265319521172836,0.8265319521172836,0.00018800132966134697,0.17328003248135299
skeleton,hybrid,Nested Sequence 358,drive,drive,True,0.6946847140789032,0.6946847140789032,0.30324220657348633,0.00207304279319942
skeleton,hybrid,Nested Sequence 359,drive,drive,True,0.9997121691703796,0.9997121691703796,0.00014122419815976173,0.00014663052570540458
skeleton,hybrid,Nested Sequence 360,drive,drive,True,0.8908872008323669,0.8908872008323669,0.10835324227809906,0.0007595719071105123
skeleton,hybrid,Nested Sequence 361,drive,drive,True,0.8886075655283692,0.8886075655283692,0.0005262507474981248,0.11086618692555397
skeleton,hybrid,Nested Sequence 362,drive,drive,True,0.7015390396118164,0.7015390396118164,0.1988878697156906,0.09957308322191238
skeleton,hybrid,Nested Sequence 363,drive,drive,True,0.8089107275009155,0.8089107275009155,0.08874175697565079,0.10234753787517548
skeleton,hybrid,Nested Sequence 364,drive,drive,True,0.40061962563493314,0.40061962563493314,0.20048465963125434,0.39889571915759475
skeleton,hybrid,Nested Sequence 365,drive,drive,True,0.9057838320732117,0.9057838320732117,0.00011537007230799645,0.09410079568624496
skeleton,hybrid,Nested Sequence 366,drive,drive,True,0.7425965964794159,0.7425965964794159,0.15765543282032013,0.09974794089794159
skeleton,hybrid,Nested Sequence 367,drive,drive,True,0.9952123165130615,0.9952123165130615,0.001857362105511129,0.0029303256887942553
skeleton,hybrid,Nested Sequence 368,drive,drive,True,0.9123519957065582,0.9123519957065582,0.0003205442917533219,0.08732745051383972
skeleton,hybrid,Nested Sequence 369,drive,drive,True,0.999819815158844,0.999819815158844,5.926489757257514e-05,0.000120938966574613
skeleton,hybrid,Nested Sequence 370,drive,drive,True,0.9088829457759857,0.9088829457759857,0.00015563919441774487,0.09096142649650574
skeleton,hybrid,Nested Sequence 311,lob,lob,True,0.605980013676688,0.19750398891721682,0.605980013676688,0.19651596248149872
skeleton,hybrid,Nested Sequence 312,lob,drive,True,0.41424769204744794,0.41424769204744794,0.38126295804977417,0.2044893648039391
skeleton,hybrid,Nested Sequence 313,lob,lob,True,0.4592118989449765,0.32905153537034226,0.4592118989449765,0.21173654147029436
skeleton,hybrid,Nested Sequence 314,lob,lob,True,0.9994369149208069,0.0004052799195051193,0.9994369149208069,0.0001577962248120457
skeleton,hybrid,Nested Sequence 315,lob,lob,True,0.4917988567715757,0.3275163096009771,0.4917988567715757,0.1806848150009957
skeleton,hybrid,Nested Sequence 316,lob,lob,True,0.6038975480946024,0.19782875427023866,0.6038975480946024,0.1982736885547638
skeleton,hybrid,Nested Sequence 317,lob,lob,True,0.798488199710846,0.00074585439870134,0.798488199710846,0.2007659375667572
skeleton,hybrid,Nested Sequence 318,lob,lob,True,0.6902964753056693,0.10791083967035606,0.6902964753056693,0.2017926722764969
skeleton,hybrid,Nested Sequence 319,lob,lob,True,0.8451682031154633,0.005601082928478718,0.8451682031154633,0.1492307037115097
skeleton,hybrid,Nested Sequence 320,lob,lob,True,0.8212489187717438,0.0017776319291442633,0.8212489187717438,0.17697349190711975
skeleton,hybrid,Nested Sequence 321,lob,lob,True,0.6010546133179602,0.19488554574536046,0.6010546133179602,0.20405986905097961
skeleton,hybrid,Nested Sequence 322,lob,drive,True,0.5009693129104562,0.5009693129104562,0.23962649703025818,0.2594042122364044
skeleton,hybrid,Nested Sequence 323,lob,lob,True,0.5987828329594338,0.20727675653365457,0.5987828329594338,0.1939404010772705
skeleton,hybrid,Nested Sequence 324,lob,lob,True,0.5991674356672395,0.40065776084806354,0.5991674356672395,0.00017480153474025428
skeleton,hybrid,Nested Sequence 325,lob,lob,True,0.8070895244779458,0.1928327318858428,0.8070895244779458,7.773490506224334e-05
skeleton,hybrid,Nested Sequence 326,lob,drive,True,0.5003279498196207,0.5003279498196207,0.49957403540611267,9.804461296880618e-05
skeleton,hybrid,Nested Sequence 327,lob,lob,True,0.6039836879621957,0.39593335203474866,0.6039836879621957,8.295844600070268e-05
skeleton,hybrid,Nested Sequence 328,lob,drive,True,0.5003198322374374,0.5003198322374374,0.4995509684085846,0.00012918247375637293
skeleton,hybrid,Nested Sequence 329,lob,drive,True,0.5001699040440144,0.5001699040440144,0.49970778822898865,0.00012231586151756346
skeleton,hybrid,Nested Sequence 330,lob,topspin,True,0.3987417221069336,0.3088447689672637,0.29241351579430663,0.3987417221069336
skeleton,hybrid,Nested Sequence 331,lob,lob,True,0.5963350981749682,0.40345833249892166,0.5963350981749682,0.00020658629364334047
skeleton,hybrid,Nested Sequence 332,lob,lob,True,0.5928729346095016,0.4070546812537694,0.5928729346095016,7.235404336825013e-05
skeleton,hybrid,Nested Sequence 333,lob,drive,True,0.5004324997717049,0.5004324997717049,0.4994870722293854,8.041052205953747e-05
skeleton,hybrid,Nested Sequence 334,lob,drive,True,0.5008375772158615,0.5008375772158615,0.4989050030708313,0.00025741421268321574
skeleton,hybrid,Nested Sequence 335,lob,drive,True,0.4191916856656075,0.4191916856656075,0.20421600046360494,0.3765923082828522
skeleton,hybrid,Nested Sequence 336,lob,lob,True,0.5968578299181657,0.4030548972403509,0.5968578299181657,8.7313586845994e-05
skeleton,hybrid,Nested Sequence 337,lob,lob,True,0.5933902905832086,0.3161661790358638,0.5933902905832086,0.09044350227390338
skeleton,hybrid,Nested Sequence 338,lob,drive,True,0.5007526517729275,0.5007526517729275,0.49917513132095337,7.225081935757771e-05
skeleton,hybrid,Nested Sequence 339,lob,lob,True,0.5933558744101392,0.29540102748813185,0.5933558744101392,0.11124310984512456
skeleton,hybrid,Nested Sequence 340,lob,drive,True,0.5005688945529982,0.5005688945529982,0.4127574563026428,0.08667366951704025
skeleton,hybrid,Nested Sequence 371,topspin,topspin,True,0.5166395502604312,0.1960808662258321,0.28727957606315613,0.5166395502604312
skeleton,hybrid,Nested Sequence 372,topspin,lob,True,0.3496849536895752,0.30330966686280003,0.3496849536895752,0.34700538689820537
skeleton,hybrid,Nested Sequence 373,topspin,drive,True,0.9998022019863129,0.9998022019863129,0.00011505659495014697,8.272168633993715e-05
skeleton,hybrid,Nested Sequence 374,topspin,drive,True,0.9045694112046028,0.9045694112046028,0.09479270477645457,0.0006378859397955239
skeleton,hybrid,Nested Sequence 375,topspin,drive,True,0.9998428225517273,0.9998428225517273,7.654646469745785e-05,8.060613617999479e-05
skeleton,hybrid,Nested Sequence 376,topspin,drive,True,0.9996202886104584,0.9996202886104584,0.0002747015096247196,0.00010501525684958324
skeleton,hybrid,Nested Sequence 377,topspin,topspin,True,0.4109872009707832,0.19086139713318706,0.3981513977050781,0.4109872009707832
skeleton,hybrid,Nested Sequence 378,topspin,drive,True,0.9410342276096344,0.9410342276096344,0.0002508952748030424,0.058714885264635086
skeleton,hybrid,Nested Sequence 379,topspin,drive,True,0.8105001883725678,0.8105001883725678,0.0011170038487762213,0.1883827758808578
skeleton,hybrid,Nested Sequence 380,topspin,drive,True,0.696652814745903,0.696652814745903,0.20298340916633606,0.10036377608776093
skeleton,hybrid,Nested Sequence 381,topspin,drive,True,0.9995600581169128,0.9995600581169128,0.0002266544906888157,0.00021327550348360091
skeleton,hybrid,Nested Sequence 382,topspin,drive,True,0.9029580950737,0.9029580950737,0.0005517658428288996,0.09649012237787247
skeleton,hybrid,Nested Sequence 383,topspin,drive,True,0.69894939661026,0.69894939661026,0.2975609302520752,0.003489666385576129
skeleton,hybrid,Nested Sequence 384,topspin,drive,True,0.901176780462265,0.901176780462265,0.00028148884302936494,0.09854172170162201
skeleton,hybrid,Nested Sequence 385,topspin,drive,True,0.999413788318634,0.999413788318634,0.00030705484095960855,0.0002791310544125736
skeleton,hybrid,Nested Sequence 386,topspin,drive,True,0.8842496370578192,0.8842496370578192,0.01490811724215746,0.10084222975112431
skeleton,hybrid,Nested Sequence 387,topspin,drive,True,0.9991942346096039,0.9991942346096039,0.0005666086217388511,0.00023913795303087682
skeleton,hybrid,Nested Sequence 388,topspin,drive,True,0.9882800579071045,0.9882800579071045,0.009182428941130638,0.002537479856982827
skeleton,hybrid,Nested Sequence 389,topspin,drive,True,0.6490859091281891,0.6490859091281891,0.24990341067314148,0.10101070255041122
skeleton,hybrid,Nested Sequence 390,topspin,drive,True,0.8140076169671224,0.8140076169671224,0.0002918361860793084,0.18570053634031541
skeleton,hybrid,Nested Sequence 391,topspin,drive,True,0.6232379898428917,0.6232379898428917,0.37408071756362915,0.0026812732685357332
skeleton,hybrid,Nested Sequence 392,topspin,drive,True,0.6063477398145255,0.6063477398145255,0.3782383649361078,0.015413853339850903
skeleton,hybrid,Nested Sequence 393,topspin,drive,True,0.889038221882507,0.889038221882507,0.0003448410425335169,0.11061693078853206
skeleton,hybrid,Nested Sequence 394,topspin,drive,True,0.8930132985115051,0.8930132985115051,0.008731848560273647,0.09825485944747925
skeleton,hybrid,Nested Sequence 395,topspin,drive,True,0.7137705981731415,0.7137705981731415,0.28285127878189087,0.0033781349193304777
skeleton,hybrid,Nested Sequence 396,topspin,drive,True,0.9994010925292969,0.9994010925292969,0.0002283289795741439,0.0003705798299051821
skeleton,hybrid,Nested Sequence 397,topspin,drive,True,0.9843538403511047,0.9843538403511047,0.0002726153179537505,0.015373523347079754
skeleton,hybrid,Nested Sequence 398,topspin,drive,True,0.9832013249397278,0.9832013249397278,0.0006115154246799648,0.016187187284231186
skeleton,hybrid,Nested Sequence 399,topspin,drive,True,0.9653200209140778,0.9653200209140778,0.00042967204353772104,0.03425029665231705
skeleton,hybrid,Nested Sequence 400,topspin,lob,True,0.47920265793800354,0.41534459247314504,0.47920265793800354,0.10545278497910926
skeleton_motion,gru,Beginner3_Drive_001,drive,drive,True,0.756384015083313,0.756384015083313,0.0013524991227313876,0.24226351082324982
skeleton_motion,gru,Beginner3_Drive_002,drive,drive,True,0.7994610071182251,0.7994610071182251,0.0003613476292230189,0.20017774403095245
skeleton_motion,gru,Beginner3_Drive_003,drive,drive,True,0.800216794013977,0.800216794013977,0.0003853029920719564,0.19939789175987244
skeleton_motion,gru,Beginner3_Drive_004,drive,drive,True,0.9990288019180298,0.9990288019180298,0.0003931256942451,0.0005781451473012567
skeleton_motion,gru,Beginner3_Drive_005,drive,drive,True,0.7833741903305054,0.7833741903305054,0.001214973279275,0.21541078388690948
skeleton_motion,gru,Beginner3_Drive_006,drive,drive,True,0.9991558194160461,0.9991558194160461,0.0003969521203543991,0.00044722933671437204
skeleton_motion,gru,Beginner3_Drive_007,drive,drive,True,0.999352753162384,0.999352753162384,0.0004311614320613444,0.00021605915389955044
skeleton_motion,gru,Beginner3_Drive_008,drive,drive,True,0.8799574971199036,0.8799574971199036,0.0004893559962511063,0.11955319344997406
skeleton_motion,gru,Beginner3_Drive_009,drive,drive,True,0.8003767132759094,0.8003767132759094,0.0002652096445672214,0.19935813546180725
skeleton_motion,gru,Beginner3_Drive_010,drive,drive,True,0.8241642117500305,0.8241642117500305,0.0007224709261208773,0.1751132756471634
skeleton_motion,gru,Beginner3_Drive_011,drive,drive,True,0.9994808435440063,0.9994808435440063,0.00028517446480691433,0.0002340393839403987
skeleton_motion,gru,Beginner3_Drive_012,drive,drive,True,0.9993559122085571,0.9993559122085571,0.00042055704398080707,0.00022352402447722852
skeleton_motion,gru,Beginner3_Drive_013,drive,drive,True,0.9463736414909363,0.9463736414909363,0.0009254139149561524,0.05270088464021683
skeleton_motion,gru,Beginner3_Drive_014,drive,drive,True,0.9987475275993347,0.9987475275993347,0.00043731872574426234,0.0008151697111316025
skeleton_motion,gru,Beginner3_Drive_015,drive,drive,True,0.999343991279602,0.999343991279602,0.000322283071000129,0.00033374442136846483
skeleton_motion,gru,Beginner3_Drive_016,drive,drive,True,0.9989150166511536,0.9989150166511536,0.0007438490865752101,0.0003411017241887748
skeleton_motion,gru,Beginner3_Drive_017,drive,drive,True,0.9404497146606445,0.9404497146606445,0.002502275165170431,0.0570480115711689
skeleton_motion,gru,Beginner3_Drive_018,drive,drive,True,0.9994390606880188,0.9994390606880188,0.00030117618734948337,0.00025976827600970864
skeleton_motion,gru,Beginner3_Drive_019,drive,unavailable,False,0.9990791082382202,0.9990791082382202,0.0006867553456686437,0.00023414343013428152
skeleton_motion,gru,Beginner3_Drive_020,drive,drive,True,0.9992237091064453,0.9992237091064453,0.0005210730014368892,0.00025514891603961587
skeleton_motion,gru,Beginner3_Drive_021,drive,drive,True,0.999007523059845,0.999007523059845,0.0007444859365932643,0.00024796463549137115
skeleton_motion,gru,Beginner3_Drive_022,drive,drive,True,0.9993737936019897,0.9993737936019897,0.00041791313560679555,0.00020827268599532545
skeleton_motion,gru,Beginner3_Drive_023,drive,drive,True,0.7993885278701782,0.7993885278701782,0.000477613415569067,0.20013384521007538
skeleton_motion,gru,Beginner3_Drive_024,drive,drive,True,0.9989200830459595,0.9989200830459595,0.0007491324795410037,0.0003308107261545956
skeleton_motion,gru,Beginner3_Drive_025,drive,drive,True,0.9981881976127625,0.9981881976127625,0.00034580507781356573,0.0014660838060081005
skeleton_motion,gru,Beginner3_Drive_026,drive,drive,True,0.99945467710495,0.99945467710495,0.00031937373569235206,0.0002259643079014495
skeleton_motion,gru,Beginner3_Drive_027,drive,drive,True,0.8001505136489868,0.8001505136489868,0.00027438081451691687,0.19957521557807922
skeleton_motion,gru,Beginner3_Drive_028,drive,drive,True,0.9986392855644226,0.9986392855644226,0.0009896745905280113,0.0003710261080414057
skeleton_motion,gru,Beginner3_Drive_029,drive,drive,True,0.9992145299911499,0.9992145299911499,0.00044926488772034645,0.00033626655931584537
skeleton_motion,gru,Beginner3_Drive_030,drive,drive,True,0.9981685876846313,0.9981685876846313,0.0008403904503211379,0.000991067267023027
skeleton_motion,gru,Beginner3_Drive_031,drive,drive,True,0.9989738464355469,0.9989738464355469,0.0004315502883400768,0.0005945700686424971
skeleton_motion,gru,Beginner3_Lob_001,lob,lob,True,0.9990137815475464,0.0006431358051486313,0.9990137815475464,0.0003430597425904125
skeleton_motion,gru,Beginner3_Lob_002,lob,lob,True,0.9987384080886841,0.0011542451102286577,0.9987384080886841,0.000107325948192738
skeleton_motion,gru,Beginner3_Lob_003,lob,drive,True,0.9985518455505371,0.9985518455505371,0.001243695616722107,0.00020440711523406208
skeleton_motion,gru,Beginner3_Lob_004,lob,lob,True,0.682073712348938,0.021279359236359596,0.682073712348938,0.2966468930244446
skeleton_motion,gru,Beginner3_Lob_005,lob,lob,True,0.9990308880805969,0.0008145803585648537,0.9990308880805969,0.00015451335639227182
skeleton_motion,gru,Beginner3_Lob_006,lob,lob,True,0.9761180877685547,0.023400459438562393,0.9761180877685547,0.00048138474812731147
skeleton_motion,gru,Beginner3_Lob_007,lob,drive,True,0.9979527592658997,0.9979527592658997,0.00178358459379524,0.0002636535500641912
skeleton_motion,gru,Beginner3_Lob_008,lob,drive,True,0.9959264993667603,0.9959264993667603,0.0038255315739661455,0.00024805075372569263
skeleton_motion,gru,Beginner3_Lob_009,lob,drive,True,0.9976646304130554,0.9976646304130554,0.0020763794891536236,0.00025897088926285505
skeleton_motion,gru,Beginner3_Lob_010,lob,drive,True,0.8165897130966187,0.8165897130966187,0.18257582187652588,0.000834414386190474
skeleton_motion,gru,Beginner3_Lob_011,lob,drive,True,0.9978655576705933,0.9978655576705933,0.0019223472336307168,0.00021203397773206234
skeleton_motion,gru,Beginner3_Lob_012,lob,lob,True,0.8495479822158813,0.14994628727436066,0.8495479822158813,0.0005058111273683608
skeleton_motion,gru,Beginner3_Lob_013,lob,drive,True,0.9611916542053223,0.9611916542053223,0.0384182408452034,0.0003900746232829988
skeleton_motion,gru,Beginner3_Lob_014,lob,lob,True,0.9992449879646301,0.0006363542634062469,0.9992449879646301,0.00011868651199620217
skeleton_motion,gru,Beginner3_Lob_015,lob,lob,True,0.7276815176010132,0.27140024304389954,0.7276815176010132,0.0009182720677927136
skeleton_motion,gru,Beginner3_Lob_016,lob,lob,True,0.9992986917495728,0.000538335763849318,0.9992986917495728,0.00016297056572511792
skeleton_motion,gru,Beginner3_Lob_017,lob,lob,True,0.9993553161621094,0.0004306902992539108,0.9993553161621094,0.00021401439153123647
skeleton_motion,gru,Beginner3_Lob_018,lob,lob,True,0.9988910555839539,0.0003817864344455302,0.9988910555839539,0.0007270729984156787
skeleton_motion,gru,Beginner3_Lob_019,lob,lob,True,0.9818601608276367,0.014968441799283028,0.9818601608276367,0.0031713987700641155
skeleton_motion,gru,Beginner3_Lob_020,lob,drive,True,0.7755010724067688,0.7755010724067688,0.007446199655532837,0.21705269813537598
skeleton_motion,gru,Beginner3_Lob_021,lob,lob,True,0.9992656707763672,0.00044728146167472005,0.9992656707763672,0.0002871030883397907
skeleton_motion,gru,Beginner3_Lob_022,lob,lob,True,0.9743924140930176,0.021359294652938843,0.9743924140930176,0.004248260520398617
skeleton_motion,gru,Beginner3_Lob_023,lob,drive,True,0.9945419430732727,0.9945419430732727,0.003231888171285391,0.0022261720150709152
skeleton_motion,gru,Beginner3_Lob_024,lob,drive,True,0.8777257800102234,0.8777257800102234,0.12099094688892365,0.0012832263018935919
skeleton_motion,gru,Beginner3_Lob_025,lob,drive,True,0.9983202815055847,0.9983202815055847,0.0012731102760881186,0.0004064910172019154
skeleton_motion,gru,Beginner3_Lob_026,lob,drive,True,0.995468020439148,0.995468020439148,0.002369670430198312,0.0021622725762426853
skeleton_motion,gru,Beginner3_Lob_027,lob,lob,True,0.6083821058273315,0.18111199140548706,0.6083821058273315,0.21050584316253662
skeleton_motion,gru,Beginner3_Lob_028,lob,lob,True,0.9833289384841919,0.009601572528481483,0.9833289384841919,0.007069489918649197
skeleton_motion,gru,Beginner3_Topsin_001,topspin,drive,True,0.9132896661758423,0.9132896661758423,0.0006772582419216633,0.08603305369615555
skeleton_motion,gru,Beginner3_Topsin_002,topspin,drive,True,0.9103887677192688,0.9103887677192688,0.0017981302225962281,0.08781308680772781
skeleton_motion,gru,Beginner3_Topsin_003,topspin,drive,True,0.9906627535820007,0.9906627535820007,0.00046772713540121913,0.008869505487382412
skeleton_motion,gru,Beginner3_Topsin_004,topspin,drive,True,0.7982372045516968,0.7982372045516968,0.0007161811226978898,0.20104661583900452
skeleton_motion,gru,Beginner3_Topsin_005,topspin,drive,True,0.9989501237869263,0.9989501237869263,0.0006772734923288226,0.0003725583665072918
skeleton_motion,gru,Beginner3_Topsin_006,topspin,drive,True,0.9348604083061218,0.9348604083061218,0.002157505601644516,0.06298206746578217
skeleton_motion,gru,Beginner3_Topsin_007,topspin,drive,True,0.8034707307815552,0.8034707307815552,0.0003867034683935344,0.19614256918430328
skeleton_motion,gru,Beginner3_Topsin_008,topspin,drive,True,0.8111220598220825,0.8111220598220825,0.0008749213884584606,0.1880030333995819
skeleton_motion,gru,Beginner3_Topsin_009,topspin,drive,True,0.8074038624763489,0.8074038624763489,0.0005635162233375013,0.1920326054096222
skeleton_motion,gru,Beginner3_Topsin_010,topspin,drive,True,0.8740352392196655,0.8740352392196655,0.0009399942355230451,0.1250246912240982
skeleton_motion,gru,Beginner3_Topsin_011,topspin,drive,True,0.6145328283309937,0.6145328283309937,0.001690833130851388,0.3837762475013733
skeleton_motion,gru,Beginner3_Topsin_012,topspin,topspin,True,0.5451601147651672,0.4464419484138489,0.00839796382933855,0.5451601147651672
skeleton_motion,gru,Beginner3_Topsin_013,topspin,drive,True,0.8157657384872437,0.8157657384872437,0.0006150745321065187,0.1836191564798355
skeleton_motion,gru,Beginner3_Topsin_014,topspin,drive,True,0.8828546404838562,0.8828546404838562,0.001470903167501092,0.11567442119121552
skeleton_motion,gru,Beginner3_Topsin_015,topspin,drive,True,0.8064200282096863,0.8064200282096863,0.0006331101758405566,0.19294686615467072
skeleton_motion,gru,Beginner3_Topsin_016,topspin,drive,True,0.6117247343063354,0.6117247343063354,0.000800943176727742,0.38747432827949524
skeleton_motion,gru,Beginner3_Topsin_017,topspin,drive,True,0.7473809719085693,0.7473809719085693,0.0011942300479859114,0.2514248192310333
skeleton_motion,gru,Beginner3_Topsin_018,topspin,drive,True,0.9956491589546204,0.9956491589546204,0.0019721363205462694,0.0023787785321474075
skeleton_motion,gru,Beginner3_Topsin_019,topspin,drive,True,0.7789049744606018,0.7789049744606018,0.0008305053925141692,0.2202644795179367
skeleton_motion,gru,Beginner3_Topsin_020,topspin,drive,True,0.7825146913528442,0.7825146913528442,0.0019614247139543295,0.21552380919456482
skeleton_motion,gru,Beginner3_Topsin_021,topspin,drive,True,0.7955138087272644,0.7955138087272644,0.0006356612429954112,0.20385046303272247
skeleton_motion,gru,Beginner3_Topsin_022,topspin,drive,True,0.8019596338272095,0.8019596338272095,0.000494865351356566,0.19754558801651
skeleton_motion,gru,Beginner3_Topsin_023,topspin,drive,True,0.7507314682006836,0.7507314682006836,0.001229328801855445,0.24803924560546875
skeleton_motion,gru,Beginner3_Topsin_024,topspin,drive,True,0.9324042201042175,0.9324042201042175,0.0009622249635867774,0.06663352996110916
skeleton_motion,gru,Beginner3_Topsin_025,topspin,drive,True,0.6699874401092529,0.6699874401092529,0.0005893406923860312,0.32942312955856323
skeleton_motion,gru,Beginner3_Topsin_026,topspin,drive,True,0.9914266467094421,0.9914266467094421,0.0073349205777049065,0.0012384146684780717
skeleton_motion,gru,Nested Sequence 341,drive,lob,True,0.9621570706367493,0.0092069823294878,0.9621570706367493,0.02863593026995659
skeleton_motion,gru,Nested Sequence 342,drive,lob,True,0.9955781698226929,0.0035713762044906616,0.9955781698226929,0.0008504347060807049
skeleton_motion,gru,Nested Sequence 343,drive,drive,True,0.9904500246047974,0.9904500246047974,0.0004536879132501781,0.009096255525946617
skeleton_motion,gru,Nested Sequence 344,drive,drive,True,0.9992792010307312,0.9992792010307312,0.0001998686057049781,0.000520946632605046
skeleton_motion,gru,Nested Sequence 345,drive,drive,True,0.9989946484565735,0.9989946484565735,0.0001763014297466725,0.0008290190016850829
skeleton_motion,gru,Nested Sequence 346,drive,drive,True,0.9986394643783569,0.9986394643783569,0.0003387902397662401,0.0010217797243967652
skeleton_motion,gru,Nested Sequence 347,drive,drive,True,0.9986807107925415,0.9986807107925415,0.0003089935635216534,0.0010103655513375998
skeleton_motion,gru,Nested Sequence 348,drive,drive,True,0.998675525188446,0.998675525188446,0.0006571485428139567,0.0006672324379906058
skeleton_motion,gru,Nested Sequence 349,drive,drive,True,0.998970627784729,0.998970627784729,0.000510787358507514,0.0005185793852433562
skeleton_motion,gru,Nested Sequence 350,drive,drive,True,0.9979936480522156,0.9979936480522156,0.00038578835665248334,0.0016205946449190378
skeleton_motion,gru,Nested Sequence 351,drive,drive,True,0.9992201924324036,0.9992201924324036,0.00017511582700535655,0.0006047337083145976
skeleton_motion,gru,Nested Sequence 352,drive,drive,True,0.9993842244148254,0.9993842244148254,0.00013682205462828279,0.0004790082457475364
skeleton_motion,gru,Nested Sequence 353,drive,lob,True,0.799615740776062,0.19968578219413757,0.799615740776062,0.0006985218496993184
skeleton_motion,gru,Nested Sequence 354,drive,drive,True,0.8942753076553345,0.8942753076553345,0.09640584886074066,0.009318863973021507
skeleton_motion,gru,Nested Sequence 355,drive,lob,True,0.9069787263870239,0.0913514494895935,0.9069787263870239,0.0016698099207133055
skeleton_motion,gru,Nested Sequence 356,drive,lob,True,0.9699453115463257,0.02436806820333004,0.9699453115463257,0.005686587188392878
skeleton_motion,gru,Nested Sequence 357,drive,drive,True,0.9986349940299988,0.9986349940299988,0.00019189291924703866,0.0011730673722922802
skeleton_motion,gru,Nested Sequence 358,drive,lob,True,0.6834555268287659,0.3115074932575226,0.6834555268287659,0.005036983639001846
skeleton_motion,gru,Nested Sequence 359,drive,drive,True,0.9992810487747192,0.9992810487747192,0.00021281660883687437,0.0005061809788458049
skeleton_motion,gru,Nested Sequence 360,drive,drive,True,0.8293778300285339,0.8293778300285339,0.15168575942516327,0.018936404958367348
skeleton_motion,gru,Nested Sequence 361,drive,drive,True,0.9982302784919739,0.9982302784919739,0.00026216713013127446,0.0015075199771672487
skeleton_motion,gru,Nested Sequence 362,drive,drive,True,0.5595859885215759,0.5595859885215759,0.34302788972854614,0.09738612920045853
skeleton_motion,gru,Nested Sequence 363,drive,drive,True,0.6447781324386597,0.6447781324386597,0.11804425716400146,0.23717761039733887
skeleton_motion,gru,Nested Sequence 364,drive,drive,True,0.715916097164154,0.715916097164154,0.0015829410403966904,0.2825009226799011
skeleton_motion,gru,Nested Sequence 365,drive,drive,True,0.9712988138198853,0.9712988138198853,0.0004253080114722252,0.028275925666093826
skeleton_motion,gru,Nested Sequence 366,drive,drive,True,0.5495400428771973,0.5495400428771973,0.41155806183815,0.03890195116400719
skeleton_motion,gru,Nested Sequence 367,drive,drive,True,0.997922420501709,0.997922420501709,0.0006956792785786092,0.0013818624429404736
skeleton_motion,gru,Nested Sequence 368,drive,drive,True,0.9943130612373352,0.9943130612373352,0.00029551383340731263,0.00539147574454546
skeleton_motion,gru,Nested Sequence 369,drive,drive,True,0.9995628595352173,0.9995628595352173,0.00015584408538416028,0.0002812519087456167
skeleton_motion,gru,Nested Sequence 370,drive,drive,True,0.9993442296981812,0.9993442296981812,0.00016359330038540065,0.0004921274958178401
skeleton_motion,gru,Nested Sequence 311,lob,lob,True,0.5951279997825623,0.0019261793931946158,0.5951279997825623,0.4029458165168762
skeleton_motion,gru,Nested Sequence 312,lob,lob,True,0.6076127290725708,0.0019537219777703285,0.6076127290725708,0.39043357968330383
skeleton_motion,gru,Nested Sequence 313,lob,lob,True,0.5994151830673218,0.013297103345394135,0.5994151830673218,0.3872877061367035
skeleton_motion,gru,Nested Sequence 314,lob,lob,True,0.9987249374389648,0.0007416561711579561,0.9987249374389648,0.0005333579611033201
skeleton_motion,gru,Nested Sequence 315,lob,lob,True,0.8032094836235046,0.11706272512674332,0.8032094836235046,0.07972770929336548
skeleton_motion,gru,Nested Sequence 316,lob,lob,True,0.59480881690979,0.0009882034501060843,0.59480881690979,0.40420299768447876
skeleton_motion,gru,Nested Sequence 317,lob,lob,True,0.5916732549667358,0.001080206478945911,0.5916732549667358,0.40724653005599976
skeleton_motion,gru,Nested Sequence 318,lob,lob,True,0.5882250666618347,0.001168425427749753,0.5882250666618347,0.4106065332889557
skeleton_motion,gru,Nested Sequence 319,lob,lob,True,0.5983794927597046,0.01265176385641098,0.5983794927597046,0.3889687657356262
skeleton_motion,gru,Nested Sequence 320,lob,lob,True,0.588342547416687,0.0008279277826659381,0.588342547416687,0.41082948446273804
skeleton_motion,gru,Nested Sequence 321,lob,lob,True,0.5761201977729797,0.0006212369771674275,0.5761201977729797,0.42325860261917114
skeleton_motion,gru,Nested Sequence 322,lob,topspin,True,0.5156474709510803,0.0013721055584028363,0.4829804301261902,0.5156474709510803
skeleton_motion,gru,Nested Sequence 323,lob,lob,True,0.559381365776062,0.0008395591867156327,0.559381365776062,0.4397791028022766
skeleton_motion,gru,Nested Sequence 324,lob,lob,True,0.9969064593315125,0.00274975155480206,0.9969064593315125,0.00034381781006231904
skeleton_motion,gru,Nested Sequence 325,lob,lob,True,0.9995394945144653,0.0003014722024090588,0.9995394945144653,0.00015904454630799592
skeleton_motion,gru,Nested Sequence 326,lob,lob,True,0.9991744756698608,0.0005636865389533341,0.9991744756698608,0.00026178735424764454
skeleton_motion,gru,Nested Sequence 327,lob,lob,True,0.9977906942367554,0.002038658130913973,0.9977906942367554,0.00017063650011550635
skeleton_motion,gru,Nested Sequence 328,lob,lob,True,0.9990549087524414,0.0004770563100464642,0.9990549087524414,0.0004680186393670738
skeleton_motion,gru,Nested Sequence 329,lob,lob,True,0.9994041323661804,0.0003122128255199641,0.9994041323661804,0.0002837284409906715
skeleton_motion,gru,Nested Sequence 330,lob,topspin,True,0.8073833584785461,0.0017890650779008865,0.1908276379108429,0.8073833584785461
skeleton_motion,gru,Nested Sequence 331,lob,lob,True,0.9988285303115845,0.0006636179750785232,0.9988285303115845,0.0005078555550426245
skeleton_motion,gru,Nested Sequence 332,lob,lob,True,0.9985214471817017,0.0012947407085448503,0.9985214471817017,0.00018391093180980533
skeleton_motion,gru,Nested Sequence 333,lob,lob,True,0.9987899661064148,0.0009813301730901003,0.9987899661064148,0.0002287057286594063
skeleton_motion,gru,Nested Sequence 334,lob,lob,True,0.9971626400947571,0.001982729882001877,0.9971626400947571,0.0008546528406441212
skeleton_motion,gru,Nested Sequence 335,lob,topspin,True,0.785401463508606,0.012720322236418724,0.20187826454639435,0.785401463508606
skeleton_motion,gru,Nested Sequence 336,lob,lob,True,0.9987699389457703,0.0009242650121450424,0.9987699389457703,0.0003058376896660775
skeleton_motion,gru,Nested Sequence 337,lob,lob,True,0.9986289143562317,0.0011235502315685153,0.9986289143562317,0.0002475651854183525
skeleton_motion,gru,Nested Sequence 338,lob,lob,True,0.9983659982681274,0.0014139462728053331,0.9983659982681274,0.0002201210882049054
skeleton_motion,gru,Nested Sequence 339,lob,lob,True,0.9983406066894531,0.0009397341636940837,0.9983406066894531,0.0007196686347015202
skeleton_motion,gru,Nested Sequence 340,lob,lob,True,0.9876967668533325,0.0013777869753539562,0.9876967668533325,0.01092546433210373
skeleton_motion,gru,Nested Sequence 371,topspin,lob,True,0.5846531391143799,0.21132619678974152,0.5846531391143799,0.2040206640958786
skeleton_motion,gru,Nested Sequence 372,topspin,lob,True,0.828316867351532,0.16723203659057617,0.828316867351532,0.004451093729585409
skeleton_motion,gru,Nested Sequence 373,topspin,drive,True,0.999343752861023,0.999343752861023,0.00041728970245458186,0.00023888373107183725
skeleton_motion,gru,Nested Sequence 374,topspin,drive,True,0.9992325901985168,0.9992325901985168,0.000284218171145767,0.0004831266705878079
skeleton_motion,gru,Nested Sequence 375,topspin,drive,True,0.9996568560600281,0.9996568560600281,0.00014165331958793104,0.00020147980831097811
skeleton_motion,gru,Nested Sequence 376,topspin,drive,True,0.9992526769638062,0.9992526769638062,0.0004923260421492159,0.0002549848868511617
skeleton_motion,gru,Nested Sequence 377,topspin,lob,True,0.7883990406990051,0.18954336643218994,0.7883990406990051,0.02205762267112732
skeleton_motion,gru,Nested Sequence 378,topspin,drive,True,0.999451756477356,0.999451756477356,0.0002857741783373058,0.00026249513030052185
skeleton_motion,gru,Nested Sequence 379,topspin,drive,True,0.9877810478210449,0.9877810478210449,0.000984410522505641,0.011234552599489689
skeleton_motion,gru,Nested Sequence 380,topspin,lob,True,0.6095556020736694,0.2032936066389084,0.6095556020736694,0.18715080618858337
skeleton_motion,gru,Nested Sequence 381,topspin,drive,True,0.9993559122085571,0.9993559122085571,0.00043052417458966374,0.00021353564807213843
skeleton_motion,gru,Nested Sequence 382,topspin,drive,True,0.9957920908927917,0.9957920908927917,0.0012335608480498195,0.002974297385662794
skeleton_motion,gru,Nested Sequence 383,topspin,drive,True,0.5621362924575806,0.5621362924575806,0.43483877182006836,0.003024947363883257
skeleton_motion,gru,Nested Sequence 384,topspin,drive,True,0.9191266894340515,0.9191266894340515,0.000915815238840878,0.07995748519897461
skeleton_motion,gru,Nested Sequence 385,topspin,drive,True,0.9993377923965454,0.9993377923965454,0.0004321186861488968,0.00023009476717561483
skeleton_motion,gru,Nested Sequence 386,topspin,drive,True,0.9872359037399292,0.9872359037399292,0.011923009529709816,0.000841036788187921
skeleton_motion,gru,Nested Sequence 387,topspin,drive,True,0.9990354776382446,0.9990354776382446,0.0005098861292935908,0.00045463891001418233
skeleton_motion,gru,Nested Sequence 388,topspin,drive,True,0.9702602624893188,0.9702602624893188,0.028194505721330643,0.0015452670631930232
skeleton_motion,gru,Nested Sequence 389,topspin,lob,True,0.6433990001678467,0.20864062011241913,0.6433990001678467,0.1479603797197342
skeleton_motion,gru,Nested Sequence 390,topspin,drive,True,0.9991839528083801,0.9991839528083801,0.00036675299634225667,0.00044923071982339025
skeleton_motion,gru,Nested Sequence 391,topspin,lob,True,0.8223360180854797,0.17507602274417877,0.8223360180854797,0.0025879857130348682
skeleton_motion,gru,Nested Sequence 392,topspin,lob,True,0.5823808908462524,0.32031917572021484,0.5823808908462524,0.09729994833469391
skeleton_motion,gru,Nested Sequence 393,topspin,drive,True,0.9992958307266235,0.9992958307266235,0.0003681620000861585,0.0003359951952006668
skeleton_motion,gru,Nested Sequence 394,topspin,drive,True,0.9913337826728821,0.9913337826728821,0.002496168250218034,0.0061701578088104725
skeleton_motion,gru,Nested Sequence 395,topspin,lob,True,0.5553073883056641,0.43872904777526855,0.5553073883056641,0.005963621661067009
skeleton_motion,gru,Nested Sequence 396,topspin,drive,True,0.9991960525512695,0.9991960525512695,0.0005598469288088381,0.00024410690821241587
skeleton_motion,gru,Nested Sequence 397,topspin,drive,True,0.9991234540939331,0.9991234540939331,0.0003908914513885975,0.00048558632261119783
skeleton_motion,gru,Nested Sequence 398,topspin,drive,True,0.9990144968032837,0.9990144968032837,0.000693306908942759,0.00029226564220152795
skeleton_motion,gru,Nested Sequence 399,topspin,drive,True,0.9992713928222656,0.9992713928222656,0.00041837533353827894,0.0003102253540419042
skeleton_motion,gru,Nested Sequence 400,topspin,lob,True,0.9416000247001648,0.01943282037973404,0.9416000247001648,0.03896711394190788
skeleton_motion,hybrid,Beginner3_Drive_001,drive,drive,True,0.6748198295125278,0.6748198295125278,0.0006762495613656938,0.3245039334407535
skeleton_motion,hybrid,Beginner3_Drive_002,drive,drive,True,0.5974153070988577,0.5974153070988577,0.00018067381461150944,0.4024040684757311
skeleton_motion,hybrid,Beginner3_Drive_003,drive,drive,True,0.9001083970069885,0.9001083970069885,0.0001926514960359782,0.09969894587993622
skeleton_motion,hybrid,Beginner3_Drive_004,drive,drive,True,0.9995144009590149,0.9995144009590149,0.00019656284712255,0.00028907257365062833
skeleton_motion,hybrid,Beginner3_Drive_005,drive,drive,True,0.7944434424074429,0.7944434424074429,0.0006074866396375,0.20494904470126443
skeleton_motion,hybrid,Beginner3_Drive_006,drive,drive,True,0.8999220650943709,0.8999220650943709,0.00019847606017719954,0.09987945928200924
skeleton_motion,hybrid,Beginner3_Drive_007,drive,drive,True,0.999676376581192,0.999676376581192,0.0002155807160306722,0.00010802957694977522
skeleton_motion,hybrid,Beginner3_Drive_008,drive,drive,True,0.8374876108820203,0.8374876108820203,0.00024467799812555313,0.16226773440291858
skeleton_motion,hybrid,Beginner3_Drive_009,drive,drive,True,0.800769519556935,0.800769519556935,0.0001326048222836107,0.1990979048119234
skeleton_motion,hybrid,Beginner3_Drive_010,drive,drive,True,0.8104070995555827,0.8104070995555827,0.00036123546306043863,0.18923164414301427
skeleton_motion,hybrid,Beginner3_Drive_011,drive,drive,True,0.4997404217720032,0.4997404217720032,0.20183467790796308,0.2984249290164106
skeleton_motion,hybrid,Beginner3_Drive_012,drive,drive,True,0.9996779561042786,0.9996779561042786,0.00021027852199040353,0.00011176201223861426
skeleton_motion,hybrid,Beginner3_Drive_013,drive,drive,True,0.8698580909109597,0.8698580909109597,0.0004627069574780762,0.12967917215461688
skeleton_motion,hybrid,Beginner3_Drive_014,drive,drive,True,0.9993737637996674,0.9993737637996674,0.00021865936287213117,0.00040758485556580126
skeleton_motion,hybrid,Beginner3_Drive_015,drive,drive,True,0.999671995639801,0.999671995639801,0.0001611415355000645,0.00016687221068423241
skeleton_motion,hybrid,Beginner3_Drive_016,drive,drive,True,0.9994575083255768,0.9994575083255768,0.00037192454328760505,0.0001705508620943874
skeleton_motion,hybrid,Beginner3_Drive_017,drive,drive,True,0.9702248573303223,0.9702248573303223,0.0012511375825852156,0.02852400578558445
skeleton_motion,hybrid,Beginner3_Drive_018,drive,drive,True,0.9997195303440094,0.9997195303440094,0.00015058809367474169,0.00012988413800485432
skeleton_motion,hybrid,Beginner3_Drive_019,drive,unavailable,False,0.9995395541191101,0.9995395541191101,0.00034337767283432186,0.00011707171506714076
skeleton_motion,hybrid,Beginner3_Drive_020,drive,drive,True,0.9018528350808546,0.9018528350808546,0.0002605365007184446,0.09788659393038786
skeleton_motion,hybrid,Beginner3_Drive_021,drive,drive,True,0.9995037615299225,0.9995037615299225,0.00037224296829663217,0.00012398231774568558
skeleton_motion,hybrid,Beginner3_Drive_022,drive,drive,True,0.7833679707227826,0.7833679707227826,0.11110422190607692,0.1055277970829364
skeleton_motion,hybrid,Beginner3_Drive_023,drive,drive,True,0.811411491448619,0.811411491448619,0.0885215791942546,0.10006692260503769
skeleton_motion,hybrid,Beginner3_Drive_024,drive,drive,True,0.9994600415229797,0.9994600415229797,0.00037456623977050185,0.0001654053630772978
skeleton_motion,hybrid,Beginner3_Drive_025,drive,drive,True,0.9990940988063812,0.9990940988063812,0.00017290253890678287,0.0007330419030040503
skeleton_motion,hybrid,Beginner3_Drive_026,drive,drive,True,0.6871561096354494,0.6871561096354494,0.1050153584280862,0.20782853951073635
skeleton_motion,hybrid,Beginner3_Drive_027,drive,drive,True,0.9000752568244934,0.9000752568244934,0.00013719040725845844,0.09978760778903961
skeleton_motion,hybrid,Beginner3_Drive_028,drive,drive,True,0.9062305081454113,0.9062305081454113,0.0004948372952640057,0.09327464769082074
skeleton_motion,hybrid,Beginner3_Drive_029,drive,drive,True,0.999607264995575,0.999607264995575,0.00022463244386017323,0.00016813327965792269
skeleton_motion,hybrid,Beginner3_Drive_030,drive,drive,True,0.9990842938423157,0.9990842938423157,0.00042019522516056895,0.0004955336335115135
skeleton_motion,hybrid,Beginner3_Drive_031,drive,drive,True,0.9994869232177734,0.9994869232177734,0.0002157751441700384,0.00029728503432124853
skeleton_motion,hybrid,Beginner3_Lob_001,lob,drive,True,0.5003215679025743,0.5003215679025743,0.4995068907737732,0.00017152987129520625
skeleton_motion,hybrid,Beginner3_Lob_002,lob,drive,True,0.5005771225551143,0.5005771225551143,0.49936920404434204,5.3662974096369e-05
skeleton_motion,hybrid,Beginner3_Lob_003,lob,drive,True,0.9992759227752686,0.9992759227752686,0.0006218478083610535,0.00010220355761703104
skeleton_motion,hybrid,Beginner3_Lob_004,lob,drive,True,0.5106396796181798,0.5106396796181798,0.341036856174469,0.1483234465122223
skeleton_motion,hybrid,Beginner3_Lob_005,lob,drive,True,0.5004072901792824,0.5004072901792824,0.49951544404029846,7.725667819613591e-05
skeleton_motion,hybrid,Beginner3_Lob_006,lob,drive,True,0.5117002297192812,0.5117002297192812,0.48805904388427734,0.00024069237406365573
skeleton_motion,hybrid,Beginner3_Lob_007,lob,drive,True,0.9989763796329498,0.9989763796329498,0.00089179229689762,0.0001318267750320956
skeleton_motion,hybrid,Beginner3_Lob_008,lob,drive,True,0.8957684516182771,0.8957684516182771,0.0019127657869830728,0.1023188234419659
skeleton_motion,hybrid,Beginner3_Lob_009,lob,drive,True,0.9988323152065277,0.9988323152065277,0.0010381897445768118,0.00012948544463142753
skeleton_motion,hybrid,Beginner3_Lob_010,lob,drive,True,0.9082948565483093,0.9082948565483093,0.09128791093826294,0.000417207193095237
skeleton_motion,hybrid,Beginner3_Lob_011,lob,drive,True,0.9989327788352966,0.9989327788352966,0.0009611736168153584,0.00010601698886603117
skeleton_motion,hybrid,Beginner3_Lob_012,lob,drive,True,0.5749731436371803,0.5749731436371803,0.4247739911079407,0.0002529055636841804
skeleton_motion,hybrid,Beginner3_Lob_013,lob,drive,True,0.9805958271026611,0.9805958271026611,0.0192091204226017,0.0001950373116414994
skeleton_motion,hybrid,Beginner3_Lob_014,lob,drive,True,0.5003181771317031,0.5003181771317031,0.49962249398231506,5.9343255998101085e-05
skeleton_motion,hybrid,Beginner3_Lob_015,lob,drive,True,0.6357001215219498,0.6357001215219498,0.3638407588005066,0.0004591360338963568
skeleton_motion,hybrid,Beginner3_Lob_016,lob,drive,True,0.5002691678819247,0.5002691678819247,0.4996493458747864,8.148528286255896e-05
skeleton_motion,hybrid,Beginner3_Lob_017,lob,lob,True,0.4996776580810547,0.40504809611208603,0.4996776580810547,0.09527425623330657
skeleton_motion,hybrid,Beginner3_Lob_018,lob,drive,True,0.5001908932172228,0.5001908932172228,0.49944552779197693,0.00036353649920783937
skeleton_motion,hybrid,Beginner3_Lob_019,lob,drive,True,0.5074842208996415,0.5074842208996415,0.49093008041381836,0.0015856993850320578
skeleton_motion,hybrid,Beginner3_Lob_020,lob,drive,True,0.8877505362033844,0.8877505362033844,0.0037230998277664185,0.10852634906768799
skeleton_motion,hybrid,Beginner3_Lob_021,lob,drive,True,0.5002236407308374,0.5002236407308374,0.4996328353881836,0.00014355154416989535
skeleton_motion,hybrid,Beginner3_Lob_022,lob,drive,True,0.5106796473264694,0.5106796473264694,0.4871962070465088,0.0021241302601993084
skeleton_motion,hybrid,Beginner3_Lob_023,lob,drive,True,0.9972709715366364,0.9972709715366364,0.0016159440856426954,0.0011130860075354576
skeleton_motion,hybrid,Beginner3_Lob_024,lob,drive,True,0.9388628900051117,0.9388628900051117,0.06049547344446182,0.0006416131509467959
skeleton_motion,hybrid,Beginner3_Lob_025,lob,drive,True,0.9991601407527924,0.9991601407527924,0.0006365551380440593,0.0002032455086009577
skeleton_motion,hybrid,Beginner3_Lob_026,lob,drive,True,0.997734010219574,0.997734010219574,0.001184835215099156,0.0010811362881213427
skeleton_motion,hybrid,Beginner3_Lob_027,lob,drive,True,0.39105143596331987,0.39105143596331987,0.30419105291366577,0.304757481320692
skeleton_motion,hybrid,Beginner3_Lob_028,lob,drive,True,0.5048007862642407,0.5048007862642407,0.49166446924209595,0.0035347449593245983
skeleton_motion,hybrid,Beginner3_Topsin_001,topspin,drive,True,0.8550618268782109,0.8550618268782109,0.00033862912096083164,0.1445995330577881
skeleton_motion,hybrid,Beginner3_Topsin_002,topspin,drive,True,0.7498836061577043,0.7498836061577043,0.0008990651112981141,0.24921732110579392
skeleton_motion,hybrid,Beginner3_Topsin_003,topspin,drive,True,0.9953313767910004,0.9953313767910004,0.00023386356770060956,0.004434752743691206
skeleton_motion,hybrid,Beginner3_Topsin_004,topspin,drive,True,0.8991186022758484,0.8991186022758484,0.0003580905613489449,0.10052330791950226
skeleton_motion,hybrid,Beginner3_Topsin_005,topspin,drive,True,0.9994750618934631,0.9994750618934631,0.0003386367461644113,0.0001862791832536459
skeleton_motion,hybrid,Beginner3_Topsin_006,topspin,drive,True,0.8704417546416615,0.8704417546416615,0.001078752800822258,0.12847948324429045
skeleton_motion,hybrid,Beginner3_Topsin_007,topspin,drive,True,0.8053050968385205,0.8053050968385205,0.0001933517341967672,0.19450155314440873
skeleton_motion,hybrid,Beginner3_Topsin_008,topspin,drive,True,0.9055610299110413,0.9055610299110413,0.0004374606942292303,0.09400151669979095
skeleton_motion,hybrid,Beginner3_Topsin_009,topspin,drive,True,0.9037019312381744,0.9037019312381744,0.00028175811166875064,0.0960163027048111
skeleton_motion,hybrid,Beginner3_Topsin_010,topspin,drive,True,0.9370176196098328,0.9370176196098328,0.00046999711776152253,0.0625123456120491
skeleton_motion,hybrid,Beginner3_Topsin_011,topspin,drive,True,0.5926045243280044,0.5926045243280044,0.000845416565425694,0.4065500135881791
skeleton_motion,hybrid,Beginner3_Topsin_012,topspin,drive,True,0.42068444266309524,0.42068444266309524,0.2059946306217418,0.37332094021934026
skeleton_motion,hybrid,Beginner3_Topsin_013,topspin,drive,True,0.9078828692436218,0.9078828692436218,0.00030753726605325937,0.09180957823991776
skeleton_motion,hybrid,Beginner3_Topsin_014,topspin,drive,True,0.8450608078813411,0.8450608078813411,0.000735451583750546,0.15420372295619483
skeleton_motion,hybrid,Beginner3_Topsin_015,topspin,drive,True,0.8035582430811213,0.8035582430811213,0.0003165550879202783,0.19612520410105713
skeleton_motion,hybrid,Beginner3_Topsin_016,topspin,topspin,True,0.5123552531227322,0.4872442781701832,0.000400471588363871,0.5123552531227322
skeleton_motion,hybrid,Beginner3_Topsin_017,topspin,drive,True,0.5659625993097105,0.5659625993097105,0.0005971150239929557,0.43344029626009084
skeleton_motion,hybrid,Beginner3_Topsin_018,topspin,drive,True,0.8946809139801168,0.8946809139801168,0.0009860681602731347,0.104333054763267
skeleton_motion,hybrid,Beginner3_Topsin_019,topspin,drive,True,0.8011630349637864,0.8011630349637864,0.0004152526962570846,0.19842169202548288
skeleton_motion,hybrid,Beginner3_Topsin_020,topspin,drive,True,0.3912573456764221,0.3912573456764221,0.29719432318652106,0.31154829376773857
skeleton_motion,hybrid,Beginner3_Topsin_021,topspin,drive,True,0.5826969516550253,0.5826969516550253,0.0003178306214977056,0.4169851842249681
skeleton_motion,hybrid,Beginner3_Topsin_022,topspin,drive,True,0.5863880444346504,0.5863880444346504,0.000247432675678283,0.4133645664872093
skeleton_motion,hybrid,Beginner3_Topsin_023,topspin,drive,True,0.567366457222188,0.567366457222188,0.0006146644009277225,0.43201889968088814
skeleton_motion,hybrid,Beginner3_Topsin_024,topspin,drive,True,0.5616261141785933,0.5616261141785933,0.0004811124817933887,0.43789276085407
skeleton_motion,hybrid,Beginner3_Topsin_025,topspin,drive,True,0.5291372308970111,0.5291372308970111,0.0002946703461930156,0.47056805393689694
skeleton_motion,hybrid,Beginner3_Topsin_026,topspin,drive,True,0.49571332335472107,0.49571332335472107,0.09505969725310974,0.4092269703699818
skeleton_motion,hybrid,Nested Sequence 341,drive,drive,True,0.5046034911647439,0.5046034911647439,0.48107853531837463,0.014317965134978294
skeleton_motion,hybrid,Nested Sequence 342,drive,lob,True,0.49778908491134644,0.1945066805678835,0.49778908491134644,0.3077042248874022
skeleton_motion,hybrid,Nested Sequence 343,drive,drive,True,0.6948532634519098,0.6948532634519098,0.00022684395662508905,0.30491987661346215
skeleton_motion,hybrid,Nested Sequence 344,drive,drive,True,0.9996396005153656,0.9996396005153656,9.993430285248905e-05,0.000260473316302523
skeleton_motion,hybrid,Nested Sequence 345,drive,drive,True,0.9994973242282867,0.9994973242282867,8.815071487333626e-05,0.00041450950084254146
skeleton_motion,hybrid,Nested Sequence 346,drive,drive,True,0.9993197321891785,0.9993197321891785,0.00016939511988312006,0.0005108898621983826
skeleton_motion,hybrid,Nested Sequence 347,drive,drive,True,0.9993403553962708,0.9993403553962708,0.0001544967817608267,0.0005051827756687999
skeleton_motion,hybrid,Nested Sequence 348,drive,drive,True,0.999337762594223,0.999337762594223,0.00032857427140697837,0.0003336162189953029
skeleton_motion,hybrid,Nested Sequence 349,drive,drive,True,0.9994853138923645,0.9994853138923645,0.000255393679253757,0.0002592896926216781
skeleton_motion,hybrid,Nested Sequence 350,drive,drive,True,0.8825856160343778,0.8825856160343778,0.00019289417832624167,0.1172215053141895
skeleton_motion,hybrid,Nested Sequence 351,drive,drive,True,0.9996100962162018,0.9996100962162018,8.755791350267828e-05,0.0003023668541572988
skeleton_motion,hybrid,Nested Sequence 352,drive,drive,True,0.9996921122074127,0.9996921122074127,6.841102731414139e-05,0.0002395041228737682
skeleton_motion,hybrid,Nested Sequence 353,drive,drive,True,0.49308680848328906,0.49308680848328906,0.399807870388031,0.10710534353862942
skeleton_motion,hybrid,Nested Sequence 354,drive,drive,True,0.9471376538276672,0.9471376538276672,0.04820292443037033,0.004659431986510754
skeleton_motion,hybrid,Nested Sequence 355,drive,drive,True,0.5456757247447968,0.5456757247447968,0.45348936319351196,0.0008349049603566527
skeleton_motion,hybrid,Nested Sequence 356,drive,lob,True,0.48497265577316284,0.3128098591698836,0.48497265577316284,0.2022174685259779
skeleton_motion,hybrid,Nested Sequence 357,drive,drive,True,0.9043010825856521,0.9043010825856521,9.594645962351933e-05,0.09560294811549336
skeleton_motion,hybrid,Nested Sequence 358,drive,drive,True,0.6557537466287613,0.6557537466287613,0.34172776341438293,0.002518491819500923
skeleton_motion,hybrid,Nested Sequence 359,drive,drive,True,0.9996405243873596,0.9996405243873596,0.00010640830441843718,0.00025309048942290246
skeleton_motion,hybrid,Nested Sequence 360,drive,drive,True,0.914688915014267,0.914688915014267,0.07584287971258163,0.009468202479183674
skeleton_motion,hybrid,Nested Sequence 361,drive,drive,True,0.9024765828909638,0.9024765828909638,0.00013108356506563723,0.0973923163436067
skeleton_motion,hybrid,Nested Sequence 362,drive,drive,True,0.779792994260788,0.779792994260788,0.17151394486427307,0.04869306460022926
skeleton_motion,hybrid,Nested Sequence 363,drive,drive,True,0.8223890662193298,0.8223890662193298,0.05902212858200073,0.11858880519866943
skeleton_motion,hybrid,Nested Sequence 364,drive,drive,True,0.45572760660150113,0.45572760660150113,0.20105225068189408,0.3432201231588307
skeleton_motion,hybrid,Nested Sequence 365,drive,drive,True,0.9856494069099426,0.9856494069099426,0.0002126540057361126,0.014137962833046913
skeleton_motion,hybrid,Nested Sequence 366,drive,drive,True,0.7747700214385986,0.7747700214385986,0.205779030919075,0.019450975582003593
skeleton_motion,hybrid,Nested Sequence 367,drive,drive,True,0.9989612102508545,0.9989612102508545,0.0003478396392893046,0.0006909312214702368
skeleton_motion,hybrid,Nested Sequence 368,drive,drive,True,0.9971565306186676,0.9971565306186676,0.00014775691670365632,0.00269573787227273
skeleton_motion,hybrid,Nested Sequence 369,drive,drive,True,0.9997814297676086,0.9997814297676086,7.792204269208014e-05,0.00014062595437280834
skeleton_motion,hybrid,Nested Sequence 370,drive,drive,True,0.9996721148490906,0.9996721148490906,8.179665019270033e-05,0.00024606374790892005
skeleton_motion,hybrid,Nested Sequence 311,lob,lob,True,0.6029735851965397,0.19555350439133884,0.6029735851965397,0.2014729082584381
skeleton_motion,hybrid,Nested Sequence 312,lob,drive,True,0.4105366700764904,0.4105366700764904,0.3038063645362854,0.28565698075404666
skeleton_motion,hybrid,Nested Sequence 313,lob,lob,True,0.3979236315709378,0.3086323754662199,0.3979236315709378,0.29344398923755205
skeleton_motion,hybrid,Nested Sequence 314,lob,lob,True,0.9993624687194824,0.00037082808557897806,0.9993624687194824,0.00026667898055166006
skeleton_motion,hybrid,Nested Sequence 315,lob,lob,True,0.49749828270732094,0.35669684378495614,0.49749828270732094,0.14580483252952964
skeleton_motion,hybrid,Nested Sequence 316,lob,lob,True,0.6005571249874552,0.19734138519249284,0.6005571249874552,0.20210149884223938
skeleton_motion,hybrid,Nested Sequence 317,lob,lob,True,0.7958366274833679,0.0005401032394729555,0.7958366274833679,0.20362326502799988
skeleton_motion,hybrid,Nested Sequence 318,lob,lob,True,0.6868165177251029,0.10788022831968933,0.6868165177251029,0.20530326664447784
skeleton_motion,hybrid,Nested Sequence 319,lob,lob,True,0.7991897463798523,0.00632588192820549,0.7991897463798523,0.1944843828678131
skeleton_motion,hybrid,Nested Sequence 320,lob,lob,True,0.7941712737083435,0.00041396389133296907,0.7941712737083435,0.20541474223136902
skeleton_motion,hybrid,Nested Sequence 321,lob,lob,True,0.5934968337674078,0.1948738836076658,0.5934968337674078,0.21162930130958557
skeleton_motion,hybrid,Nested Sequence 322,lob,drive,True,0.5006860527792014,0.5006860527792014,0.2414902150630951,0.25782373547554016
skeleton_motion,hybrid,Nested Sequence 323,lob,lob,True,0.5729609981568062,0.20714946432458253,0.5729609981568062,0.2198895514011383
skeleton_motion,hybrid,Nested Sequence 324,lob,lob,True,0.5984652035448182,0.40136290189833895,0.5984652035448182,0.00017190890503115952
skeleton_motion,hybrid,Nested Sequence 325,lob,lob,True,0.8070977797212472,0.19282270363718998,0.8070977797212472,7.952227315399796e-05
skeleton_motion,hybrid,Nested Sequence 326,lob,drive,True,0.5002818432694767,0.5002818432694767,0.4995872378349304,0.00013089367712382227
skeleton_motion,hybrid,Nested Sequence 327,lob,lob,True,0.603981095160148,0.3959335810236867,0.603981095160148,8.531825005775318e-05
skeleton_motion,hybrid,Nested Sequence 328,lob,drive,True,0.5002385281550232,0.5002385281550232,0.4995274543762207,0.0002340093196835369
skeleton_motion,hybrid,Nested Sequence 329,lob,drive,True,0.50015610641276,0.50015610641276,0.4997020661830902,0.00014186422049533576
skeleton_motion,hybrid,Nested Sequence 330,lob,topspin,True,0.40369167923927307,0.3079513192072216,0.28835703228715026,0.40369167923927307
skeleton_motion,hybrid,Nested Sequence 331,lob,lob,True,0.5964774042643695,0.4032686698789621,0.5964774042643695,0.00025392777752131224
skeleton_motion,hybrid,Nested Sequence 332,lob,lob,True,0.5927370062170914,0.4071710877280319,0.5927370062170914,9.195546590490267e-05
skeleton_motion,hybrid,Nested Sequence 333,lob,drive,True,0.500490665086545,0.500490665086545,0.4993949830532074,0.00011435286432970315
skeleton_motion,hybrid,Nested Sequence 334,lob,drive,True,0.5009913649410009,0.5009913649410009,0.49858132004737854,0.0004273264203220606
skeleton_motion,hybrid,Nested Sequence 335,lob,drive,True,0.4024388847613931,0.4024388847613931,0.20486040863001348,0.392700731754303
skeleton_motion,hybrid,Nested Sequence 336,lob,lob,True,0.5968607207434373,0.4029863812355203,0.5968607207434373,0.00015291884483303875
skeleton_motion,hybrid,Nested Sequence 337,lob,lob,True,0.5933903501878534,0.3161257919413773,0.5933903501878534,0.09048387275737865
skeleton_motion,hybrid,Nested Sequence 338,lob,drive,True,0.5007069731364027,0.5007069731364027,0.4991829991340637,0.0001100605441024527
skeleton_motion,hybrid,Nested Sequence 339,lob,lob,True,0.5933405560164319,0.2951804104997598,0.5933405560164319,0.11147903822773267
skeleton_motion,hybrid,Nested Sequence 340,lob,drive,True,0.500688893487677,0.500688893487677,0.49384838342666626,0.005462732166051865
skeleton_motion,hybrid,Nested Sequence 371,topspin,topspin,True,0.5067529129303759,0.20092051751243412,0.29232656955718994,0.5067529129303759
skeleton_motion,hybrid,Nested Sequence 372,topspin,lob,True,0.414158433675766,0.28625056420834294,0.414158433675766,0.29959100095173785
skeleton_motion,hybrid,Nested Sequence 373,topspin,drive,True,0.9996718764305115,0.9996718764305115,0.00020864485122729093,0.00011944186553591862
skeleton_motion,hybrid,Nested Sequence 374,topspin,drive,True,0.90495293729141,0.90495293729141,0.09480546689342134,0.00024156333529390395
skeleton_motion,hybrid,Nested Sequence 375,topspin,drive,True,0.999828428030014,0.999828428030014,7.082665979396552e-05,0.00010073990415548906
skeleton_motion,hybrid,Nested Sequence 376,topspin,drive,True,0.9996263384819031,0.9996263384819031,0.00024616302107460797,0.00012749244342558086
skeleton_motion,hybrid,Nested Sequence 377,topspin,topspin,True,0.41851396049468154,0.18728653405697704,0.39419952034950256,0.41851396049468154
skeleton_motion,hybrid,Nested Sequence 378,topspin,drive,True,0.999725878238678,0.999725878238678,0.0001428870891686529,0.00013124756515026093
skeleton_motion,hybrid,Nested Sequence 379,topspin,drive,True,0.9035390453557526,0.9035390453557526,0.0004922052612528205,0.0959687548545147
skeleton_motion,hybrid,Nested Sequence 380,topspin,drive,True,0.6016468033194542,0.6016468033194542,0.3047778010368347,0.09357540309429169
skeleton_motion,hybrid,Nested Sequence 381,topspin,drive,True,0.9996779561042786,0.9996779561042786,0.00021526208729483187,0.00010676782403606921
skeleton_motion,hybrid,Nested Sequence 382,topspin,drive,True,0.9978960454463959,0.9978960454463959,0.0006167804240249097,0.001487148692831397
skeleton_motion,hybrid,Nested Sequence 383,topspin,drive,True,0.7810681462287903,0.7810681462287903,0.21741938591003418,0.0015124736819416285
skeleton_motion,hybrid,Nested Sequence 384,topspin,drive,True,0.9595633447170258,0.9595633447170258,0.000457907619420439,0.039978742599487305
skeleton_motion,hybrid,Nested Sequence 385,topspin,drive,True,0.9996688961982727,0.9996688961982727,0.0002160593430744484,0.00011504738358780742
skeleton_motion,hybrid,Nested Sequence 386,topspin,drive,True,0.8940292095446967,0.8940292095446967,0.005961504764854908,0.10000926071936198
skeleton_motion,hybrid,Nested Sequence 387,topspin,drive,True,0.9995177388191223,0.9995177388191223,0.0002549430646467954,0.00022731945500709116
skeleton_motion,hybrid,Nested Sequence 388,topspin,drive,True,0.9851301312446594,0.9851301312446594,0.014097252860665321,0.0007726335315965116
skeleton_motion,hybrid,Nested Sequence 389,topspin,drive,True,0.6043203100562096,0.6043203100562096,0.32169950008392334,0.0739801898598671
skeleton_motion,hybrid,Nested Sequence 390,topspin,drive,True,0.8996954033078359,0.8996954033078359,0.00018337649817112833,0.10012118845626576
skeleton_motion,hybrid,Nested Sequence 391,topspin,drive,True,0.5875380113720894,0.5875380113720894,0.41116800904273987,0.0012939928565174341
skeleton_motion,hybrid,Nested Sequence 392,topspin,drive,True,0.5672848374831733,0.5672848374831733,0.38406519580006043,0.048649974167346954
skeleton_motion,hybrid,Nested Sequence 393,topspin,drive,True,0.9019112158285825,0.9019112158285825,0.00018408100004307926,0.09790469713232962
skeleton_motion,hybrid,Nested Sequence 394,topspin,drive,True,0.995666891336441,0.995666891336441,0.001248084125109017,0.0030850789044052362
skeleton_motion,hybrid,Nested Sequence 395,topspin,drive,True,0.7193645238876343,0.7193645238876343,0.27765369415283203,0.0029818108305335045
skeleton_motion,hybrid,Nested Sequence 396,topspin,drive,True,0.9995980262756348,0.9995980262756348,0.00027992346440441906,0.00012205345410620794
skeleton_motion,hybrid,Nested Sequence 397,topspin,drive,True,0.9995617270469666,0.9995617270469666,0.00019544572569429874,0.00024279316130559891
skeleton_motion,hybrid,Nested Sequence 398,topspin,drive,True,0.9995072484016418,0.9995072484016418,0.0003466534544713795,0.00014613282110076398
skeleton_motion,hybrid,Nested Sequence 399,topspin,drive,True,0.9996356964111328,0.9996356964111328,0.00020918766676913947,0.0001551126770209521
skeleton_motion,hybrid,Nested Sequence 400,topspin,lob,True,0.4708000123500824,0.410270142658289,0.4708000123500824,0.11892982450253198
