split,model,clip_id,subject,truth,predicted,confidence,quality_accepted,drive,lob,topspin
train,v2_ensemble,CoachA_Drive_001,CoachA,drive,drive,0.8852656483650208,True,0.8852656483650208,0.022307297214865685,0.09242702275514603
train,v2_ensemble,CoachA_Drive_002,CoachA,drive,drive,0.9454748034477234,True,0.9454748034477234,0.0029502350371330976,0.0515749566257
train,v2_ensemble,CoachA_Drive_003,CoachA,drive,drive,0.9049787521362305,True,0.9049787521362305,0.0163100678473711,0.07871124893426895
train,v2_ensemble,CoachA_Drive_004,CoachA,drive,drive,0.7543503642082214,True,0.7543503642082214,0.060537468641996384,0.1851121336221695
train,v2_ensemble,CoachA_Drive_005,CoachA,drive,drive,0.9712616205215454,True,0.9712616205215454,0.0031064182985574007,0.02563193440437317
train,v2_ensemble,CoachA_Drive_006,CoachA,drive,drive,0.9693678021430969,True,0.9693678021430969,0.004611037205904722,0.026021238416433334
train,v2_ensemble,CoachA_Drive_007,CoachA,drive,drive,0.983862042427063,True,0.983862042427063,0.006133813410997391,0.010004181414842606
train,v2_ensemble,CoachA_Drive_008,CoachA,drive,drive,0.7917827367782593,True,0.7917827367782593,0.008776270784437656,0.19944100081920624
train,v2_ensemble,CoachA_Drive_009,CoachA,drive,drive,0.9608745574951172,True,0.9608745574951172,0.0076036108657717705,0.03152184933423996
train,v2_ensemble,CoachA_Drive_010,CoachA,drive,drive,0.977087140083313,True,0.977087140083313,0.0034173994790762663,0.019495556131005287
train,v2_ensemble,CoachA_Drive_011,CoachA,drive,drive,0.9819098711013794,True,0.9819098711013794,0.006699749268591404,0.011390374973416328
train,v2_ensemble,CoachA_Drive_012,CoachA,drive,drive,0.8927215337753296,True,0.8927215337753296,0.09470120817422867,0.012577253393828869
train,v2_ensemble,CoachA_Drive_013,CoachA,drive,drive,0.9823325276374817,True,0.9823325276374817,0.002641311613842845,0.015026177279651165
train,v2_ensemble,CoachA_Drive_014,CoachA,drive,drive,0.9431630373001099,True,0.9431630373001099,0.014893822371959686,0.04194316640496254
train,v2_ensemble,CoachA_Drive_015,CoachA,drive,drive,0.9688915014266968,True,0.9688915014266968,0.0026719889137893915,0.02843645215034485
train,v2_ensemble,CoachA_Drive_016,CoachA,drive,drive,0.9835718870162964,True,0.9835718870162964,0.0025678719393908978,0.013860208913683891
train,v2_ensemble,CoachA_Drive_017,CoachA,drive,drive,0.7788776159286499,True,0.7788776159286499,0.0016198193188756704,0.2195025235414505
train,v2_ensemble,CoachA_Drive_018,CoachA,drive,unavailable,,False,0.7644286155700684,0.018923800438642502,0.21664755046367645
train,v2_ensemble,CoachA_Drive_019,CoachA,drive,drive,0.9927874803543091,True,0.9927874803543091,0.0009891643421724439,0.006223367061465979
train,v2_ensemble,CoachA_Drive_020,CoachA,drive,drive,0.635621964931488,True,0.635621964931488,0.005686722695827484,0.3586913049221039
train,v2_ensemble,CoachA_Drive_021,CoachA,drive,drive,0.9735282063484192,True,0.9735282063484192,0.0055051399394869804,0.02096666768193245
train,v2_ensemble,CoachA_Drive_022,CoachA,drive,drive,0.9763467907905579,True,0.9763467907905579,0.004095711745321751,0.019557448104023933
train,v2_ensemble,CoachA_Drive_023,CoachA,drive,drive,0.9898056983947754,True,0.9898056983947754,0.002014691475778818,0.008179609663784504
train,v2_ensemble,CoachA_Drive_024,CoachA,drive,drive,0.9890404939651489,True,0.9890404939651489,0.0028603423852473497,0.00809917226433754
train,v2_ensemble,CoachA_Topspin_001,CoachA,topspin,topspin,0.7340134382247925,True,0.09835442900657654,0.16763219237327576,0.7340134382247925
train,v2_ensemble,CoachA_Topspin_002,CoachA,topspin,topspin,0.7423447370529175,True,0.16475486755371094,0.09290042519569397,0.7423447370529175
train,v2_ensemble,CoachA_Topspin_003,CoachA,topspin,topspin,0.9706041216850281,True,0.003257687436416745,0.026138195767998695,0.9706041216850281
train,v2_ensemble,CoachA_Topspin_004,CoachA,topspin,topspin,0.823320209980011,True,0.03114563599228859,0.1455341875553131,0.823320209980011
train,v2_ensemble,CoachA_Topspin_005,CoachA,topspin,topspin,0.9845155477523804,True,0.004502723924815655,0.010981720872223377,0.9845155477523804
train,v2_ensemble,CoachA_Topspin_006,CoachA,topspin,topspin,0.9576708674430847,True,0.036056794226169586,0.006272288970649242,0.9576708674430847
train,v2_ensemble,CoachA_Topspin_007,CoachA,topspin,topspin,0.9632846713066101,True,0.0072937821969389915,0.02942156419157982,0.9632846713066101
train,v2_ensemble,CoachA_Topspin_008,CoachA,topspin,topspin,0.6847286820411682,True,0.31045183539390564,0.004819503985345364,0.6847286820411682
train,v2_ensemble,CoachA_Topspin_009,CoachA,topspin,topspin,0.9809838533401489,True,0.0037706512957811356,0.015245418064296246,0.9809838533401489
train,v2_ensemble,CoachA_Topspin_010,CoachA,topspin,topspin,0.8666612505912781,True,0.11071226745843887,0.02262650616466999,0.8666612505912781
train,v2_ensemble,CoachA_Topspin_011,CoachA,topspin,topspin,0.9099953770637512,True,0.024636125192046165,0.06536851823329926,0.9099953770637512
train,v2_ensemble,CoachA_Topspin_012,CoachA,topspin,topspin,0.9175224304199219,True,0.07920055091381073,0.0032770081888884306,0.9175224304199219
train,v2_ensemble,CoachA_Topspin_013,CoachA,topspin,topspin,0.6957234144210815,True,0.12606556713581085,0.1782110333442688,0.6957234144210815
train,v2_ensemble,CoachA_Topspin_014,CoachA,topspin,topspin,0.9519561529159546,True,0.043220724910497665,0.0048231156542897224,0.9519561529159546
train,v2_ensemble,CoachA_Topspin_015,CoachA,topspin,lob,0.5964569449424744,True,0.015266316942870617,0.5964569449424744,0.38827672600746155
train,v2_ensemble,CoachA_Topspin_016,CoachA,topspin,topspin,0.9101282358169556,True,0.08740295469760895,0.002468914957717061,0.9101282358169556
train,v2_ensemble,CoachA_Topspin_017,CoachA,topspin,topspin,0.7570165991783142,True,0.0929977148771286,0.149985671043396,0.7570165991783142
train,v2_ensemble,CoachA_Topspin_018,CoachA,topspin,topspin,0.7561838030815125,True,0.013351025991141796,0.2304651290178299,0.7561838030815125
train,v2_ensemble,CoachA_Topspin_019,CoachA,topspin,topspin,0.7998854517936707,True,0.017391931265592575,0.18272259831428528,0.7998854517936707
train,v2_ensemble,CoachA_Topspin_020,CoachA,topspin,topspin,0.754277229309082,True,0.240019753575325,0.00570302689447999,0.754277229309082
train,v2_ensemble,CoachA_Topspin_021,CoachA,topspin,topspin,0.6857352256774902,True,0.008813606575131416,0.3054511249065399,0.6857352256774902
train,v2_ensemble,CoachA_Topspin_022,CoachA,topspin,topspin,0.9760851860046387,True,0.011777790263295174,0.012137018144130707,0.9760851860046387
train,v2_ensemble,CoachA_Topspin_023,CoachA,topspin,topspin,0.7531091570854187,True,0.23812516033649445,0.008765652775764465,0.7531091570854187
train,v2_ensemble,CoachA_Topspin_024,CoachA,topspin,topspin,0.9342514872550964,True,0.031827814877033234,0.03392070159316063,0.9342514872550964
train,v2_ensemble,CoachA_Lob_001,CoachA,lob,topspin,0.5049899816513062,True,0.01134422980248928,0.48366579413414,0.5049899816513062
train,v2_ensemble,CoachA_Lob_002,CoachA,lob,lob,0.8175119161605835,True,0.0034460225142538548,0.8175119161605835,0.17904198169708252
train,v2_ensemble,CoachA_Lob_003,CoachA,lob,lob,0.9782556295394897,True,0.001163590350188315,0.9782556295394897,0.020580722019076347
train,v2_ensemble,CoachA_Lob_004,CoachA,lob,lob,0.9009599685668945,True,0.003245954867452383,0.9009599685668945,0.09579400718212128
train,v2_ensemble,CoachA_Lob_005,CoachA,lob,lob,0.9932042360305786,True,0.0013094234745949507,0.9932042360305786,0.005486407317221165
train,v2_ensemble,CoachA_Lob_006,CoachA,lob,lob,0.9967106580734253,True,0.001127038267441094,0.9967106580734253,0.0021622623316943645
train,v2_ensemble,CoachA_Lob_007,CoachA,lob,lob,0.9873564839363098,True,0.0025461476761847734,0.9873564839363098,0.010097427293658257
train,v2_ensemble,CoachA_Lob_008,CoachA,lob,lob,0.9857962727546692,True,0.0011532302014529705,0.9857962727546692,0.013050498440861702
train,v2_ensemble,CoachA_Lob_009,CoachA,lob,lob,0.9911645650863647,True,0.0014015653869137168,0.9911645650863647,0.007433749735355377
train,v2_ensemble,CoachA_Lob_010,CoachA,lob,lob,0.9815964698791504,True,0.002326692920178175,0.9815964698791504,0.016076836735010147
train,v2_ensemble,CoachA_Lob_011,CoachA,lob,lob,0.9729825258255005,True,0.010093433782458305,0.9729825258255005,0.01692407764494419
train,v2_ensemble,CoachA_Lob_012,CoachA,lob,lob,0.9962077140808105,True,0.0010377191938459873,0.9962077140808105,0.0027545280754566193
train,v2_ensemble,CoachA_Lob_013,CoachA,lob,topspin,0.5967780351638794,True,0.02842918410897255,0.37479275465011597,0.5967780351638794
train,v2_ensemble,CoachA_Lob_014,CoachA,lob,lob,0.8796208500862122,True,0.0034108287654817104,0.8796208500862122,0.1169682964682579
train,v2_ensemble,CoachA_Lob_015,CoachA,lob,lob,0.9937597513198853,True,0.0016319925198331475,0.9937597513198853,0.004608245100826025
train,v2_ensemble,CoachA_Lob_016,CoachA,lob,lob,0.8986385464668274,True,0.0034121472854167223,0.8986385464668274,0.0979493111371994
train,v2_ensemble,CoachA_Lob_017,CoachA,lob,lob,0.8598653674125671,True,0.010377475991845131,0.8598653674125671,0.12975715100765228
train,v2_ensemble,CoachA_Lob_018,CoachA,lob,lob,0.9710992574691772,True,0.003829055931419134,0.9710992574691772,0.02507166936993599
train,v2_ensemble,CoachA_Lob_019,CoachA,lob,lob,0.9102867245674133,True,0.011250521056354046,0.9102867245674133,0.07846277207136154
train,v2_ensemble,CoachA_Lob_020,CoachA,lob,lob,0.9483257532119751,True,0.0038734362460672855,0.9483257532119751,0.047800853848457336
train,v2_ensemble,CoachA_Lob_021,CoachA,lob,lob,0.8154751658439636,True,0.08792873471975327,0.8154751658439636,0.0965961143374443
train,v2_ensemble,CoachA_Lob_022,CoachA,lob,lob,0.5452631115913391,True,0.014287510886788368,0.5452631115913391,0.4404493272304535
train,v2_ensemble,CoachA_Lob_023,CoachA,lob,lob,0.5219351053237915,True,0.01489808689802885,0.5219351053237915,0.46316686272621155
train,v2_ensemble,CoachA_Lob_024,CoachA,lob,lob,0.9552232027053833,True,0.0039731962606310844,0.9552232027053833,0.040803585201501846
train,v2_ensemble,Beginner1_Drive_001,Beginner1,drive,drive,0.9931780099868774,True,0.9931780099868774,0.0005089939804747701,0.0063130781054496765
train,v2_ensemble,Beginner1_Drive_002,Beginner1,drive,drive,0.9920212626457214,True,0.9920212626457214,0.0006713079055771232,0.007307451218366623
train,v2_ensemble,Beginner1_Drive_003,Beginner1,drive,drive,0.9944654703140259,True,0.9944654703140259,0.00031402046442963183,0.005220581777393818
train,v2_ensemble,Beginner1_Drive_004,Beginner1,drive,drive,0.967042088508606,True,0.967042088508606,0.0005408930010162294,0.03241700306534767
train,v2_ensemble,Beginner1_Drive_005,Beginner1,drive,drive,0.9836467504501343,True,0.9836467504501343,0.0004757934366352856,0.015877339988946915
train,v2_ensemble,Beginner1_Drive_006,Beginner1,drive,drive,0.9910123944282532,True,0.9910123944282532,0.00044252039515413344,0.008545102551579475
train,v2_ensemble,Beginner1_Drive_007,Beginner1,drive,drive,0.9894086122512817,True,0.9894086122512817,0.00034604413667693734,0.01024535857141018
train,v2_ensemble,Beginner1_Drive_008,Beginner1,drive,drive,0.9753639101982117,True,0.9753639101982117,0.0008655543206259608,0.023770511150360107
train,v2_ensemble,Beginner1_Drive_009,Beginner1,drive,drive,0.9657425880432129,True,0.9657425880432129,0.0023317704908549786,0.03192558139562607
train,v2_ensemble,Beginner1_Drive_010,Beginner1,drive,drive,0.9913709759712219,True,0.9913709759712219,0.00038337468868121505,0.008245663717389107
train,v2_ensemble,Beginner1_Drive_011,Beginner1,drive,drive,0.9817503094673157,True,0.9817503094673157,0.0007286856998689473,0.017521047964692116
train,v2_ensemble,Beginner1_Drive_012,Beginner1,drive,drive,0.9886838793754578,True,0.9886838793754578,0.0003089181846007705,0.011007269844412804
train,v2_ensemble,Beginner1_Drive_013,Beginner1,drive,drive,0.9918649792671204,True,0.9918649792671204,0.00042591820238158107,0.007709194906055927
train,v2_ensemble,Beginner1_Drive_014,Beginner1,drive,drive,0.9543439149856567,True,0.9543439149856567,0.0007090492872521281,0.04494700953364372
train,v2_ensemble,Beginner1_Drive_015,Beginner1,drive,drive,0.9825320243835449,True,0.9825320243835449,0.0006415923708118498,0.016826385632157326
train,v2_ensemble,Beginner1_Drive_016,Beginner1,drive,drive,0.9948972463607788,True,0.9948972463607788,0.0003366865566931665,0.004765983205288649
train,v2_ensemble,Beginner1_Drive_017,Beginner1,drive,drive,0.9669502377510071,True,0.9669502377510071,0.0018466264009475708,0.03120308555662632
train,v2_ensemble,Beginner1_Drive_018,Beginner1,drive,drive,0.9923276901245117,True,0.9923276901245117,0.0008013773476704955,0.006870882119983435
train,v2_ensemble,Beginner1_Drive_019,Beginner1,drive,drive,0.9947521090507507,True,0.9947521090507507,0.00040475575951859355,0.004843117203563452
train,v2_ensemble,Beginner1_Drive_020,Beginner1,drive,drive,0.9866626858711243,True,0.9866626858711243,0.00043419282883405685,0.012903114780783653
train,v2_ensemble,Beginner1_Drive_021,Beginner1,drive,drive,0.9195811152458191,True,0.9195811152458191,0.0004307126218918711,0.07998812198638916
train,v2_ensemble,Beginner1_Drive_022,Beginner1,drive,drive,0.989723801612854,True,0.989723801612854,0.00047391754924319685,0.00980240199714899
train,v2_ensemble,Beginner1_Drive_023,Beginner1,drive,drive,0.9914639592170715,True,0.9914639592170715,0.000566152564715594,0.007969924248754978
train,v2_ensemble,Beginner1_Topspin_001,Beginner1,topspin,topspin,0.9378746747970581,True,0.05417163297533989,0.007953621447086334,0.9378746747970581
train,v2_ensemble,Beginner1_Topspin_002,Beginner1,topspin,topspin,0.654559850692749,True,0.049273569136857986,0.2961665391921997,0.654559850692749
train,v2_ensemble,Beginner1_Topspin_003,Beginner1,topspin,topspin,0.985896110534668,True,0.008615924045443535,0.005487964488565922,0.985896110534668
train,v2_ensemble,Beginner1_Topspin_004,Beginner1,topspin,topspin,0.9703723788261414,True,0.025310322642326355,0.0043173194862902164,0.9703723788261414
train,v2_ensemble,Beginner1_Topspin_005,Beginner1,topspin,topspin,0.9702207446098328,True,0.02206304855644703,0.007716234773397446,0.9702207446098328
train,v2_ensemble,Beginner1_Topspin_006,Beginner1,topspin,topspin,0.9548239707946777,True,0.035536739975214005,0.009639249183237553,0.9548239707946777
train,v2_ensemble,Beginner1_Topspin_007,Beginner1,topspin,topspin,0.6232069730758667,True,0.3740774095058441,0.002715588081628084,0.6232069730758667
train,v2_ensemble,Beginner1_Topspin_008,Beginner1,topspin,topspin,0.9373752474784851,True,0.05509839206933975,0.007526402827352285,0.9373752474784851
train,v2_ensemble,Beginner1_Topspin_009,Beginner1,topspin,topspin,0.9491504430770874,True,0.04692995920777321,0.003919564187526703,0.9491504430770874
train,v2_ensemble,Beginner1_Topspin_010,Beginner1,topspin,topspin,0.9713646769523621,True,0.025085780769586563,0.0035495280753821135,0.9713646769523621
train,v2_ensemble,Beginner1_Topspin_011,Beginner1,topspin,topspin,0.9821947813034058,True,0.009056071750819683,0.008749119937419891,0.9821947813034058
train,v2_ensemble,Beginner1_Topspin_012,Beginner1,topspin,topspin,0.8955224752426147,True,0.10084650665521622,0.0036309869028627872,0.8955224752426147
train,v2_ensemble,Beginner1_Topspin_013,Beginner1,topspin,topspin,0.7632135152816772,True,0.04296305403113365,0.1938234120607376,0.7632135152816772
train,v2_ensemble,Beginner1_Topspin_014,Beginner1,topspin,topspin,0.9892389178276062,True,0.008508021011948586,0.0022529964335262775,0.9892389178276062
train,v2_ensemble,Beginner1_Topspin_015,Beginner1,topspin,topspin,0.8822256922721863,True,0.11061777919530869,0.007156536914408207,0.8822256922721863
train,v2_ensemble,Beginner1_Topspin_016,Beginner1,topspin,topspin,0.9780508875846863,True,0.014371131546795368,0.007577943615615368,0.9780508875846863
train,v2_ensemble,Beginner1_Topspin_017,Beginner1,topspin,topspin,0.894647479057312,True,0.10218212753534317,0.003170342417433858,0.894647479057312
train,v2_ensemble,Beginner1_Topspin_018,Beginner1,topspin,topspin,0.9763489961624146,True,0.015004964545369148,0.008646097034215927,0.9763489961624146
train,v2_ensemble,Beginner1_Topspin_019,Beginner1,topspin,topspin,0.9868553280830383,True,0.008207054808735847,0.00493765389546752,0.9868553280830383
train,v2_ensemble,Beginner1_Topspin_020,Beginner1,topspin,topspin,0.9715437889099121,True,0.02034626714885235,0.00810991320759058,0.9715437889099121
train,v2_ensemble,Beginner1_Topspin_021,Beginner1,topspin,topspin,0.980563759803772,True,0.015029030852019787,0.004407252185046673,0.980563759803772
train,v2_ensemble,Beginner1_Topspin_022,Beginner1,topspin,topspin,0.9788867831230164,True,0.016062213107943535,0.005050926934927702,0.9788867831230164
train,v2_ensemble,Beginner1_Topspin_023,Beginner1,topspin,topspin,0.8680265545845032,True,0.1303327977657318,0.0016407467192038894,0.8680265545845032
train,v2_ensemble,Beginner1_Lob_001,Beginner1,lob,lob,0.9967789649963379,True,0.0008259125170297921,0.9967789649963379,0.0023950496688485146
train,v2_ensemble,Beginner1_Lob_002,Beginner1,lob,lob,0.970009446144104,True,0.005859077908098698,0.970009446144104,0.024131478741765022
train,v2_ensemble,Beginner1_Lob_003,Beginner1,lob,lob,0.9962714910507202,True,0.0010893254075199366,0.9962714910507202,0.002639191458001733
train,v2_ensemble,Beginner1_Lob_004,Beginner1,lob,lob,0.9963037371635437,True,0.0008917488157749176,0.9963037371635437,0.0028044930659234524
train,v2_ensemble,Beginner1_Lob_005,Beginner1,lob,lob,0.996467113494873,True,0.0011888246517628431,0.996467113494873,0.0023440474178642035
train,v2_ensemble,Beginner1_Lob_006,Beginner1,lob,lob,0.9960489273071289,True,0.0008936233934946358,0.9960489273071289,0.0030574584379792213
train,v2_ensemble,Beginner1_Lob_007,Beginner1,lob,lob,0.9979912638664246,True,0.0007934809545986354,0.9979912638664246,0.0012152367271482944
train,v2_ensemble,Beginner1_Lob_008,Beginner1,lob,lob,0.9970108270645142,True,0.0011169923236593604,0.9970108270645142,0.001872250810265541
train,v2_ensemble,Beginner1_Lob_009,Beginner1,lob,lob,0.9844419360160828,True,0.0018899773713201284,0.9844419360160828,0.013668025843799114
train,v2_ensemble,Beginner1_Lob_010,Beginner1,lob,lob,0.9976123571395874,True,0.0007213024655357003,0.9976123571395874,0.0016663193237036467
train,v2_ensemble,Beginner1_Lob_011,Beginner1,lob,lob,0.9945429563522339,True,0.0013275123201310635,0.9945429563522339,0.004129469394683838
train,v2_ensemble,Beginner1_Lob_012,Beginner1,lob,lob,0.9005550146102905,True,0.004859446547925472,0.9005550146102905,0.09458550065755844
train,v2_ensemble,Beginner1_Lob_013,Beginner1,lob,lob,0.9955692291259766,True,0.0009078931761905551,0.9955692291259766,0.003522844286635518
train,v2_ensemble,Beginner1_Lob_014,Beginner1,lob,lob,0.9947934150695801,True,0.0013066374231129885,0.9947934150695801,0.003899945644661784
train,v2_ensemble,Beginner1_Lob_015,Beginner1,lob,lob,0.9915944933891296,True,0.001704616704955697,0.9915944933891296,0.006700875703245401
train,v2_ensemble,Beginner1_Lob_016,Beginner1,lob,lob,0.9968689680099487,True,0.0008673875709064305,0.9968689680099487,0.002263629110530019
train,v2_ensemble,Beginner1_Lob_017,Beginner1,lob,lob,0.9953341484069824,True,0.0012783922720700502,0.9953341484069824,0.003387449774891138
train,v2_ensemble,Beginner1_Lob_018,Beginner1,lob,lob,0.9888766407966614,True,0.0014372607693076134,0.9888766407966614,0.009686059318482876
train,v2_ensemble,Beginner1_Lob_019,Beginner1,lob,lob,0.7940380573272705,True,0.010103821754455566,0.7940380573272705,0.19585809111595154
train,v2_ensemble,Beginner1_Lob_020,Beginner1,lob,lob,0.9973832368850708,True,0.0007608038722537458,0.9973832368850708,0.0018560404423624277
train,v2_ensemble,Beginner1_Lob_021,Beginner1,lob,lob,0.9884503483772278,True,0.002429771702736616,0.9884503483772278,0.009119891561567783
train,v2_ensemble,Beginner1_Lob_022,Beginner1,lob,lob,0.9970682263374329,True,0.0006924205808900297,0.9970682263374329,0.0022394058760255575
train,v2_ensemble,Beginner1_Lob_023,Beginner1,lob,lob,0.9913608431816101,True,0.0022548967972397804,0.9913608431816101,0.006384273525327444
train,v2_ensemble,Beginner2_Drive_001,Beginner2,drive,drive,0.8252909779548645,True,0.8252909779548645,0.004494517110288143,0.17021450400352478
train,v2_ensemble,Beginner2_Drive_002,Beginner2,drive,topspin,0.5858449935913086,True,0.40841418504714966,0.00574079342186451,0.5858449935913086
train,v2_ensemble,Beginner2_Drive_003,Beginner2,drive,drive,0.9205487966537476,True,0.9205487966537476,0.0025302900467067957,0.07692090421915054
train,v2_ensemble,Beginner2_Drive_004,Beginner2,drive,drive,0.7202765941619873,True,0.7202765941619873,0.002232265193015337,0.27749115228652954
train,v2_ensemble,Beginner2_Drive_005,Beginner2,drive,drive,0.9823643565177917,True,0.9823643565177917,0.00224861828610301,0.015386998653411865
train,v2_ensemble,Beginner2_Drive_006,Beginner2,drive,drive,0.9722152948379517,True,0.9722152948379517,0.002307299990206957,0.025477435439825058
train,v2_ensemble,Beginner2_Drive_007,Beginner2,drive,drive,0.9819211959838867,True,0.9819211959838867,0.0010117738274857402,0.017067059874534607
train,v2_ensemble,Beginner2_Drive_008,Beginner2,drive,drive,0.9897027015686035,True,0.9897027015686035,0.0015036440454423428,0.008793682791292667
train,v2_ensemble,Beginner2_Drive_009,Beginner2,drive,drive,0.9884915351867676,True,0.9884915351867676,0.001037814887240529,0.010470647364854813
train,v2_ensemble,Beginner2_Drive_010,Beginner2,drive,drive,0.9891401529312134,True,0.9891401529312134,0.0009617569157853723,0.009898067452013493
train,v2_ensemble,Beginner2_Drive_011,Beginner2,drive,drive,0.8235021829605103,True,0.8235021829605103,0.002748474944382906,0.17374934256076813
train,v2_ensemble,Beginner2_Drive_012,Beginner2,drive,drive,0.9890878796577454,True,0.9890878796577454,0.0015685602556914091,0.009343508630990982
train,v2_ensemble,Beginner2_Drive_013,Beginner2,drive,drive,0.990221381187439,True,0.990221381187439,0.0012229511048644781,0.008555611595511436
train,v2_ensemble,Beginner2_Drive_014,Beginner2,drive,drive,0.9849651455879211,True,0.9849651455879211,0.001674547791481018,0.013360371813178062
train,v2_ensemble,Beginner2_Drive_015,Beginner2,drive,drive,0.9911273121833801,True,0.9911273121833801,0.0028253376949578524,0.006047419272363186
train,v2_ensemble,Beginner2_Drive_016,Beginner2,drive,drive,0.9918922185897827,True,0.9918922185897827,0.0014082773122936487,0.006699456367641687
train,v2_ensemble,Beginner2_Drive_017,Beginner2,drive,drive,0.9867851138114929,True,0.9867851138114929,0.0011918253730982542,0.0120230158790946
train,v2_ensemble,Beginner2_Drive_018,Beginner2,drive,drive,0.9903241991996765,True,0.9903241991996765,0.0016055383021011949,0.008070260286331177
train,v2_ensemble,Beginner2_Drive_019,Beginner2,drive,drive,0.9897297024726868,True,0.9897297024726868,0.002045893808826804,0.008224370889365673
train,v2_ensemble,Beginner2_Drive_020,Beginner2,drive,drive,0.9909070134162903,True,0.9909070134162903,0.0011754196602851152,0.007917595095932484
train,v2_ensemble,Beginner2_Drive_021,Beginner2,drive,drive,0.9920857548713684,True,0.9920857548713684,0.0016507823020219803,0.00626348564401269
train,v2_ensemble,Beginner2_Drive_022,Beginner2,drive,drive,0.9870608448982239,True,0.9870608448982239,0.0013181946706026793,0.011620926670730114
train,v2_ensemble,Beginner2_Drive_023,Beginner2,drive,drive,0.9894596338272095,True,0.9894596338272095,0.0009937158320099115,0.009546725079417229
train,v2_ensemble,Beginner2_Topspin_001,Beginner2,topspin,topspin,0.9438761472702026,True,0.04805569723248482,0.008068179711699486,0.9438761472702026
train,v2_ensemble,Beginner2_Topspin_002,Beginner2,topspin,topspin,0.8442455530166626,True,0.15054093301296234,0.005213500000536442,0.8442455530166626
train,v2_ensemble,Beginner2_Topspin_003,Beginner2,topspin,topspin,0.9634998440742493,True,0.03141532838344574,0.005084904842078686,0.9634998440742493
train,v2_ensemble,Beginner2_Topspin_004,Beginner2,topspin,topspin,0.9225400686264038,True,0.06389476358890533,0.013565100729465485,0.9225400686264038
train,v2_ensemble,Beginner2_Topspin_005,Beginner2,topspin,topspin,0.9646023511886597,True,0.031313519924879074,0.004084085579961538,0.9646023511886597
train,v2_ensemble,Beginner2_Topspin_006,Beginner2,topspin,topspin,0.9361281394958496,True,0.058991748839616776,0.004880107007920742,0.9361281394958496
train,v2_ensemble,Beginner2_Topspin_007,Beginner2,topspin,topspin,0.9114857912063599,True,0.08189858496189117,0.006615656428039074,0.9114857912063599
train,v2_ensemble,Beginner2_Topspin_008,Beginner2,topspin,topspin,0.961676299571991,True,0.012510810978710651,0.025812914595007896,0.961676299571991
train,v2_ensemble,Beginner2_Topspin_009,Beginner2,topspin,topspin,0.9602247476577759,True,0.03634628653526306,0.003428956028074026,0.9602247476577759
train,v2_ensemble,Beginner2_Topspin_010,Beginner2,topspin,topspin,0.9681373834609985,True,0.02595602348446846,0.005906505510210991,0.9681373834609985
train,v2_ensemble,Beginner2_Topspin_011,Beginner2,topspin,topspin,0.9338439702987671,True,0.0489831380546093,0.017172837629914284,0.9338439702987671
train,v2_ensemble,Beginner2_Topspin_012,Beginner2,topspin,topspin,0.9633749127388,True,0.03100694715976715,0.005618151742964983,0.9633749127388
train,v2_ensemble,Beginner2_Topspin_013,Beginner2,topspin,topspin,0.9260581135749817,True,0.06947077065706253,0.004471121821552515,0.9260581135749817
train,v2_ensemble,Beginner2_Topspin_014,Beginner2,topspin,topspin,0.958459734916687,True,0.03569373860955238,0.005846485495567322,0.958459734916687
train,v2_ensemble,Beginner2_Topspin_015,Beginner2,topspin,topspin,0.8952134251594543,True,0.0996905192732811,0.005096110049635172,0.8952134251594543
train,v2_ensemble,Beginner2_Topspin_016,Beginner2,topspin,topspin,0.5259561538696289,True,0.4662601947784424,0.007783629931509495,0.5259561538696289
train,v2_ensemble,Beginner2_Topspin_017,Beginner2,topspin,topspin,0.5341209769248962,True,0.45836973190307617,0.007509239017963409,0.5341209769248962
train,v2_ensemble,Beginner2_Topspin_018,Beginner2,topspin,topspin,0.8479709625244141,True,0.14518384635448456,0.0068451776169240475,0.8479709625244141
train,v2_ensemble,Beginner2_Topspin_019,Beginner2,topspin,topspin,0.8708222508430481,True,0.11923490464687347,0.009942857548594475,0.8708222508430481
train,v2_ensemble,Beginner2_Topspin_020,Beginner2,topspin,topspin,0.9719222187995911,True,0.02224452793598175,0.005833285860717297,0.9719222187995911
train,v2_ensemble,Beginner2_Topspin_021,Beginner2,topspin,topspin,0.9781703948974609,True,0.01922193355858326,0.002607623813673854,0.9781703948974609
train,v2_ensemble,Beginner2_Topspin_022,Beginner2,topspin,topspin,0.8338233232498169,True,0.1503744274377823,0.015802254900336266,0.8338233232498169
train,v2_ensemble,Beginner2_Topspin_023,Beginner2,topspin,topspin,0.7120209336280823,True,0.2809757590293884,0.0070032998919487,0.7120209336280823
train,v2_ensemble,Beginner2_Lob_001,Beginner2,lob,lob,0.8826054334640503,True,0.01389325875788927,0.8826054334640503,0.10350130498409271
train,v2_ensemble,Beginner2_Lob_002,Beginner2,lob,lob,0.9962507486343384,True,0.0006282952381297946,0.9962507486343384,0.003120900597423315
train,v2_ensemble,Beginner2_Lob_003,Beginner2,lob,lob,0.9973026514053345,True,0.0007353639230132103,0.9973026514053345,0.001961969304829836
train,v2_ensemble,Beginner2_Lob_004,Beginner2,lob,lob,0.9902907609939575,True,0.0009650149149820209,0.9902907609939575,0.008744177408516407
train,v2_ensemble,Beginner2_Lob_005,Beginner2,lob,lob,0.9375633001327515,True,0.0015868206974118948,0.9375633001327515,0.0608498752117157
train,v2_ensemble,Beginner2_Lob_006,Beginner2,lob,lob,0.9982468485832214,True,0.0007688238983973861,0.9982468485832214,0.000984321115538478
train,v2_ensemble,Beginner2_Lob_007,Beginner2,lob,lob,0.9962323904037476,True,0.0008310444536618888,0.9962323904037476,0.002936570905148983
train,v2_ensemble,Beginner2_Lob_008,Beginner2,lob,lob,0.9979707598686218,True,0.0006370521150529385,0.9979707598686218,0.0013921702047809958
train,v2_ensemble,Beginner2_Lob_009,Beginner2,lob,lob,0.9975911378860474,True,0.000560977088753134,0.9975911378860474,0.001847923151217401
train,v2_ensemble,Beginner2_Lob_010,Beginner2,lob,lob,0.9895893335342407,True,0.0009265654953196645,0.9895893335342407,0.009484176523983479
train,v2_ensemble,Beginner2_Lob_011,Beginner2,lob,lob,0.9983078241348267,True,0.0009364699944853783,0.9983078241348267,0.0007556964410468936
train,v2_ensemble,Beginner2_Lob_012,Beginner2,lob,lob,0.9913646578788757,True,0.0007501993095502257,0.9913646578788757,0.007885174825787544
train,v2_ensemble,Beginner2_Lob_013,Beginner2,lob,lob,0.9941461682319641,True,0.0007932789740152657,0.9941461682319641,0.0050606559962034225
train,v2_ensemble,Beginner2_Lob_014,Beginner2,lob,lob,0.9975911974906921,True,0.0005697645246982574,0.9975911974906921,0.0018391162157058716
train,v2_ensemble,Beginner2_Lob_015,Beginner2,lob,lob,0.9976006746292114,True,0.0007293903036043048,0.9976006746292114,0.0016699578845873475
train,v2_ensemble,Beginner2_Lob_016,Beginner2,lob,lob,0.9906877279281616,True,0.001043026801198721,0.9906877279281616,0.008269177749752998
train,v2_ensemble,Beginner2_Lob_017,Beginner2,lob,lob,0.9965503811836243,True,0.0006891723605804145,0.9965503811836243,0.0027605011127889156
train,v2_ensemble,Beginner2_Lob_018,Beginner2,lob,lob,0.9963806867599487,True,0.0007924003293737769,0.9963806867599487,0.002826907206326723
train,v2_ensemble,Beginner2_Lob_019,Beginner2,lob,lob,0.9479009509086609,True,0.0012959354789927602,0.9479009509086609,0.05080307275056839
train,v2_ensemble,Beginner2_Lob_020,Beginner2,lob,lob,0.9882519841194153,True,0.0008833719184622169,0.9882519841194153,0.010864620096981525
train,v2_ensemble,Beginner2_Lob_021,Beginner2,lob,lob,0.8598732948303223,True,0.004820997826755047,0.8598732948303223,0.135305717587471
train,v2_ensemble,Beginner2_Lob_022,Beginner2,lob,topspin,0.5500441789627075,True,0.1065429225564003,0.3434128761291504,0.5500441789627075
train,v2_ensemble,Beginner2_Lob_023,Beginner2,lob,lob,0.5965515375137329,True,0.0032237463165074587,0.5965515375137329,0.4002246856689453
train,v2_single,CoachA_Drive_001,CoachA,drive,topspin,0.4863014817237854,True,0.3260701596736908,0.18762840330600739,0.4863014817237854
train,v2_single,CoachA_Drive_002,CoachA,drive,drive,0.9434760808944702,True,0.9434760808944702,0.0037153030280023813,0.05280866473913193
train,v2_single,CoachA_Drive_003,CoachA,drive,drive,0.9914979338645935,True,0.9914979338645935,0.00011401953088352457,0.008388044312596321
train,v2_single,CoachA_Drive_004,CoachA,drive,lob,0.8039526343345642,True,0.02517015114426613,0.8039526343345642,0.17087721824645996
train,v2_single,CoachA_Drive_005,CoachA,drive,drive,0.9683678150177002,True,0.9683678150177002,0.001169883762486279,0.030462393537163734
train,v2_single,CoachA_Drive_006,CoachA,drive,drive,0.9246370792388916,True,0.9246370792388916,0.007502699736505747,0.06786027550697327
train,v2_single,CoachA_Drive_007,CoachA,drive,drive,0.9715650081634521,True,0.9715650081634521,0.0017573107033967972,0.026677636429667473
train,v2_single,CoachA_Drive_008,CoachA,drive,drive,0.9380519986152649,True,0.9380519986152649,0.0003630893479567021,0.06158485636115074
train,v2_single,CoachA_Drive_009,CoachA,drive,drive,0.9948738217353821,True,0.9948738217353821,0.00010722008300945163,0.0050189802423119545
train,v2_single,CoachA_Drive_010,CoachA,drive,drive,0.9945072531700134,True,0.9945072531700134,0.00012106665963074192,0.005371701903641224
train,v2_single,CoachA_Drive_011,CoachA,drive,drive,0.9973703622817993,True,0.9973703622817993,6.676564953522757e-05,0.002562788315117359
train,v2_single,CoachA_Drive_012,CoachA,drive,drive,0.9975704550743103,True,0.9975704550743103,6.663501699222252e-05,0.0023629574570804834
train,v2_single,CoachA_Drive_013,CoachA,drive,drive,0.9940879344940186,True,0.9940879344940186,8.743194484850392e-05,0.005824592895805836
train,v2_single,CoachA_Drive_014,CoachA,drive,drive,0.9870304465293884,True,0.9870304465293884,0.00022734511003363878,0.012742186896502972
train,v2_single,CoachA_Drive_015,CoachA,drive,drive,0.9651837348937988,True,0.9651837348937988,0.0004976346390321851,0.03431861847639084
train,v2_single,CoachA_Drive_016,CoachA,drive,drive,0.9970839619636536,True,0.9970839619636536,5.240690370555967e-05,0.002863613422960043
train,v2_single,CoachA_Drive_017,CoachA,drive,drive,0.5796005725860596,True,0.5796005725860596,0.005133110098540783,0.4152662456035614
train,v2_single,CoachA_Drive_018,CoachA,drive,unavailable,,False,0.49717894196510315,0.2665320634841919,0.23628897964954376
train,v2_single,CoachA_Drive_019,CoachA,drive,drive,0.9875774383544922,True,0.9875774383544922,0.0003326494188513607,0.012089923955500126
train,v2_single,CoachA_Drive_020,CoachA,drive,drive,0.9630088210105896,True,0.9630088210105896,0.0003230081929359585,0.03666811063885689
train,v2_single,CoachA_Drive_021,CoachA,drive,drive,0.9941800832748413,True,0.9941800832748413,9.13446128834039e-05,0.005728577263653278
train,v2_single,CoachA_Drive_022,CoachA,drive,drive,0.9959523677825928,True,0.9959523677825928,0.0003046518249902874,0.0037430061493068933
train,v2_single,CoachA_Drive_023,CoachA,drive,drive,0.989700436592102,True,0.989700436592102,0.00012016078107990324,0.010179467499256134
train,v2_single,CoachA_Drive_024,CoachA,drive,drive,0.990164577960968,True,0.990164577960968,0.00048663202323950827,0.009348725900053978
train,v2_single,CoachA_Topspin_001,CoachA,topspin,topspin,0.6291928291320801,True,0.05246274918317795,0.31834444403648376,0.6291928291320801
train,v2_single,CoachA_Topspin_002,CoachA,topspin,topspin,0.5393154621124268,True,0.04987011104822159,0.41081446409225464,0.5393154621124268
train,v2_single,CoachA_Topspin_003,CoachA,topspin,topspin,0.9354298114776611,True,0.0033761633094400167,0.06119406223297119,0.9354298114776611
train,v2_single,CoachA_Topspin_004,CoachA,topspin,topspin,0.9833356142044067,True,0.014042188413441181,0.002622168278321624,0.9833356142044067
train,v2_single,CoachA_Topspin_005,CoachA,topspin,topspin,0.9926671385765076,True,0.005672855768352747,0.0016599876107648015,0.9926671385765076
train,v2_single,CoachA_Topspin_006,CoachA,topspin,topspin,0.968612551689148,True,0.02904644049704075,0.00234100385569036,0.968612551689148
train,v2_single,CoachA_Topspin_007,CoachA,topspin,topspin,0.9427585601806641,True,0.009181593544781208,0.04805994778871536,0.9427585601806641
train,v2_single,CoachA_Topspin_008,CoachA,topspin,topspin,0.9969909191131592,True,0.0013198540546000004,0.0016892742132768035,0.9969909191131592
train,v2_single,CoachA_Topspin_009,CoachA,topspin,topspin,0.9886159300804138,True,0.010595832020044327,0.0007882541394792497,0.9886159300804138
train,v2_single,CoachA_Topspin_010,CoachA,topspin,topspin,0.9242505431175232,True,0.004893037956207991,0.07085636258125305,0.9242505431175232
train,v2_single,CoachA_Topspin_011,CoachA,topspin,topspin,0.6286937594413757,True,0.36331847310066223,0.007987738586962223,0.6286937594413757
train,v2_single,CoachA_Topspin_012,CoachA,topspin,topspin,0.9841834306716919,True,0.014840162359178066,0.0009763767593540251,0.9841834306716919
train,v2_single,CoachA_Topspin_013,CoachA,topspin,topspin,0.688113808631897,True,0.29800814390182495,0.013878101482987404,0.688113808631897
train,v2_single,CoachA_Topspin_014,CoachA,topspin,topspin,0.9944974780082703,True,0.0042868866585195065,0.0012156590819358826,0.9944974780082703
train,v2_single,CoachA_Topspin_015,CoachA,topspin,topspin,0.5274848341941833,True,0.0033766767010092735,0.4691384732723236,0.5274848341941833
train,v2_single,CoachA_Topspin_016,CoachA,topspin,topspin,0.9759020209312439,True,0.023483725264668465,0.0006142344209365547,0.9759020209312439
train,v2_single,CoachA_Topspin_017,CoachA,topspin,topspin,0.8148718476295471,True,0.18311172723770142,0.002016472164541483,0.8148718476295471
train,v2_single,CoachA_Topspin_018,CoachA,topspin,topspin,0.9623802900314331,True,0.014316440559923649,0.0233032014220953,0.9623802900314331
train,v2_single,CoachA_Topspin_019,CoachA,topspin,topspin,0.6042607426643372,True,0.002139465417712927,0.39359980821609497,0.6042607426643372
train,v2_single,CoachA_Topspin_020,CoachA,topspin,topspin,0.9757397174835205,True,0.018871448934078217,0.005388874560594559,0.9757397174835205
train,v2_single,CoachA_Topspin_021,CoachA,topspin,lob,0.5618094205856323,True,0.018804123625159264,0.5618094205856323,0.41938644647598267
train,v2_single,CoachA_Topspin_022,CoachA,topspin,topspin,0.9278764128684998,True,0.015703605487942696,0.05641990900039673,0.9278764128684998
train,v2_single,CoachA_Topspin_023,CoachA,topspin,topspin,0.9471354484558105,True,0.05197496339678764,0.0008896342478692532,0.9471354484558105
train,v2_single,CoachA_Topspin_024,CoachA,topspin,topspin,0.6707305312156677,True,0.0033011818304657936,0.32596832513809204,0.6707305312156677
train,v2_single,CoachA_Lob_001,CoachA,lob,lob,0.8687908053398132,True,0.02798679657280445,0.8687908053398132,0.10322241485118866
train,v2_single,CoachA_Lob_002,CoachA,lob,lob,0.9909533262252808,True,0.005876593291759491,0.9909533262252808,0.0031700748950242996
train,v2_single,CoachA_Lob_003,CoachA,lob,lob,0.9990044236183167,True,0.0004086346598342061,0.9990044236183167,0.0005869523156434298
train,v2_single,CoachA_Lob_004,CoachA,lob,lob,0.9931138157844543,True,0.0012173926224932075,0.9931138157844543,0.005668751895427704
train,v2_single,CoachA_Lob_005,CoachA,lob,lob,0.9987194538116455,True,0.0009355434449389577,0.9987194538116455,0.0003450170042924583
train,v2_single,CoachA_Lob_006,CoachA,lob,lob,0.9987456798553467,True,0.0009434755775146186,0.9987456798553467,0.00031085670343600214
train,v2_single,CoachA_Lob_007,CoachA,lob,lob,0.9981587529182434,True,0.0011586337350308895,0.9981587529182434,0.0006826311000622809
train,v2_single,CoachA_Lob_008,CoachA,lob,lob,0.9987321496009827,True,0.0001385222130920738,0.9987321496009827,0.0011293331626802683
train,v2_single,CoachA_Lob_009,CoachA,lob,lob,0.9988654851913452,True,7.852306589484215e-05,0.9988654851913452,0.0010560499504208565
train,v2_single,CoachA_Lob_010,CoachA,lob,lob,0.9981822967529297,True,0.00026846001856029034,0.9981822967529297,0.0015492183156311512
train,v2_single,CoachA_Lob_011,CoachA,lob,lob,0.9995225667953491,True,0.00014073897909838706,0.9995225667953491,0.0003367079480085522
train,v2_single,CoachA_Lob_012,CoachA,lob,lob,0.9995310306549072,True,0.00027653470169752836,0.9995310306549072,0.00019251108460593969
train,v2_single,CoachA_Lob_013,CoachA,lob,lob,0.9276931881904602,True,0.043782107532024384,0.9276931881904602,0.02852475456893444
train,v2_single,CoachA_Lob_014,CoachA,lob,lob,0.9979953765869141,True,0.000998504227027297,0.9979953765869141,0.0010061674984171987
train,v2_single,CoachA_Lob_015,CoachA,lob,lob,0.9994738698005676,True,0.00025912164710462093,0.9994738698005676,0.000267075898591429
train,v2_single,CoachA_Lob_016,CoachA,lob,lob,0.997641921043396,True,0.0015911223599687219,0.997641921043396,0.0007669378537684679
train,v2_single,CoachA_Lob_017,CoachA,lob,lob,0.9972495436668396,True,0.0014290641993284225,0.9972495436668396,0.0013213451020419598
train,v2_single,CoachA_Lob_018,CoachA,lob,lob,0.9992291927337646,True,0.00016237012459896505,0.9992291927337646,0.00060847750864923
train,v2_single,CoachA_Lob_019,CoachA,lob,lob,0.9939565658569336,True,0.0036036295350641012,0.9939565658569336,0.002439793897792697
train,v2_single,CoachA_Lob_020,CoachA,lob,lob,0.9989626407623291,True,7.894858572399244e-05,0.9989626407623291,0.0009583786595612764
train,v2_single,CoachA_Lob_021,CoachA,lob,lob,0.986974835395813,True,0.00578230619430542,0.986974835395813,0.007242807187139988
train,v2_single,CoachA_Lob_022,CoachA,lob,lob,0.6080675721168518,True,0.0050394656136631966,0.6080675721168518,0.3868929445743561
train,v2_single,CoachA_Lob_023,CoachA,lob,lob,0.9447360634803772,True,0.0005346171674318612,0.9447360634803772,0.05472932010889053
train,v2_single,CoachA_Lob_024,CoachA,lob,lob,0.9922491312026978,True,0.004685856867581606,0.9922491312026978,0.003065071301534772
train,v2_single,Beginner1_Drive_001,Beginner1,drive,drive,0.9585019946098328,True,0.9585019946098328,0.00014734493743162602,0.041350677609443665
train,v2_single,Beginner1_Drive_002,Beginner1,drive,drive,0.9900904893875122,True,0.9900904893875122,5.685383075615391e-05,0.00985257513821125
train,v2_single,Beginner1_Drive_003,Beginner1,drive,drive,0.9905962944030762,True,0.9905962944030762,3.67351713066455e-05,0.009366941638290882
train,v2_single,Beginner1_Drive_004,Beginner1,drive,drive,0.9024450182914734,True,0.9024450182914734,0.00014935698709450662,0.09740569442510605
train,v2_single,Beginner1_Drive_005,Beginner1,drive,drive,0.9707940220832825,True,0.9707940220832825,0.0001420857006451115,0.029063796624541283
train,v2_single,Beginner1_Drive_006,Beginner1,drive,drive,0.948268711566925,True,0.948268711566925,0.00016772618982940912,0.05156349018216133
train,v2_single,Beginner1_Drive_007,Beginner1,drive,drive,0.9639282822608948,True,0.9639282822608948,7.984587864484638e-05,0.03599190339446068
train,v2_single,Beginner1_Drive_008,Beginner1,drive,topspin,0.5770569443702698,True,0.42228999733924866,0.0006529958918690681,0.5770569443702698
train,v2_single,Beginner1_Drive_009,Beginner1,drive,drive,0.9910701513290405,True,0.9910701513290405,0.00013845005014445633,0.00879134051501751
train,v2_single,Beginner1_Drive_010,Beginner1,drive,drive,0.9686539173126221,True,0.9686539173126221,8.740257908357307e-05,0.03125860169529915
train,v2_single,Beginner1_Drive_011,Beginner1,drive,drive,0.9915225505828857,True,0.9915225505828857,7.13296903995797e-05,0.008406199514865875
train,v2_single,Beginner1_Drive_012,Beginner1,drive,drive,0.9701955914497375,True,0.9701955914497375,6.913416291354224e-05,0.02973528951406479
train,v2_single,Beginner1_Drive_013,Beginner1,drive,drive,0.9785839915275574,True,0.9785839915275574,7.655573426745832e-05,0.02133949100971222
train,v2_single,Beginner1_Drive_014,Beginner1,drive,drive,0.9954818487167358,True,0.9954818487167358,2.284388756379485e-05,0.0044953590258955956
train,v2_single,Beginner1_Drive_015,Beginner1,drive,drive,0.9843385815620422,True,0.9843385815620422,0.0001357666915282607,0.01552568469196558
train,v2_single,Beginner1_Drive_016,Beginner1,drive,drive,0.996184766292572,True,0.996184766292572,2.2174319383339025e-05,0.0037930398248136044
train,v2_single,Beginner1_Drive_017,Beginner1,drive,drive,0.9877132177352905,True,0.9877132177352905,0.0005374762695282698,0.011749250814318657
train,v2_single,Beginner1_Drive_018,Beginner1,drive,drive,0.9904717206954956,True,0.9904717206954956,0.00021025411842856556,0.009318023920059204
train,v2_single,Beginner1_Drive_019,Beginner1,drive,drive,0.9954931735992432,True,0.9954931735992432,2.6136522137676366e-05,0.004480709787458181
train,v2_single,Beginner1_Drive_020,Beginner1,drive,drive,0.9416366815567017,True,0.9416366815567017,0.00010949771967716515,0.05825391039252281
train,v2_single,Beginner1_Drive_021,Beginner1,drive,drive,0.9234660863876343,True,0.9234660863876343,8.482982229907066e-05,0.07644906640052795
train,v2_single,Beginner1_Drive_022,Beginner1,drive,drive,0.9918959736824036,True,0.9918959736824036,5.2364379371283576e-05,0.00805168878287077
train,v2_single,Beginner1_Drive_023,Beginner1,drive,drive,0.990146815776825,True,0.990146815776825,4.0710248867981136e-05,0.009812475182116032
train,v2_single,Beginner1_Topspin_001,Beginner1,topspin,topspin,0.9849360585212708,True,0.012239748612046242,0.002824126509949565,0.9849360585212708
train,v2_single,Beginner1_Topspin_002,Beginner1,topspin,topspin,0.6123186945915222,True,0.0037914072163403034,0.38388997316360474,0.6123186945915222
train,v2_single,Beginner1_Topspin_003,Beginner1,topspin,topspin,0.9544580578804016,True,0.006379522383213043,0.03916233032941818,0.9544580578804016
train,v2_single,Beginner1_Topspin_004,Beginner1,topspin,topspin,0.9746536612510681,True,0.017267070710659027,0.008079218678176403,0.9746536612510681
train,v2_single,Beginner1_Topspin_005,Beginner1,topspin,topspin,0.9514849185943604,True,0.028640544041991234,0.019874529913067818,0.9514849185943604
train,v2_single,Beginner1_Topspin_006,Beginner1,topspin,topspin,0.8388338685035706,True,0.011952867731451988,0.14921320974826813,0.8388338685035706
train,v2_single,Beginner1_Topspin_007,Beginner1,topspin,topspin,0.9144783020019531,True,0.08476867526769638,0.0007530865841545165,0.9144783020019531
train,v2_single,Beginner1_Topspin_008,Beginner1,topspin,topspin,0.9602880477905273,True,0.03540010377764702,0.004311773926019669,0.9602880477905273
train,v2_single,Beginner1_Topspin_009,Beginner1,topspin,topspin,0.973177969455719,True,0.02446216531097889,0.002359931357204914,0.973177969455719
train,v2_single,Beginner1_Topspin_010,Beginner1,topspin,topspin,0.9657526016235352,True,0.030169783160090446,0.004077694844454527,0.9657526016235352
train,v2_single,Beginner1_Topspin_011,Beginner1,topspin,topspin,0.966242790222168,True,0.02737649716436863,0.006380708888173103,0.966242790222168
train,v2_single,Beginner1_Topspin_012,Beginner1,topspin,topspin,0.9454129934310913,True,0.041875723749399185,0.012711363844573498,0.9454129934310913
train,v2_single,Beginner1_Topspin_013,Beginner1,topspin,topspin,0.9561259150505066,True,0.0015696634072810411,0.042304374277591705,0.9561259150505066
train,v2_single,Beginner1_Topspin_014,Beginner1,topspin,topspin,0.982469916343689,True,0.013913397677242756,0.0036166319623589516,0.982469916343689
train,v2_single,Beginner1_Topspin_015,Beginner1,topspin,topspin,0.9466734528541565,True,0.04273567721247673,0.010590900667011738,0.9466734528541565
train,v2_single,Beginner1_Topspin_016,Beginner1,topspin,topspin,0.9862927198410034,True,0.008888090029358864,0.004819227382540703,0.9862927198410034
train,v2_single,Beginner1_Topspin_017,Beginner1,topspin,topspin,0.9688388705253601,True,0.024596061557531357,0.006565094459801912,0.9688388705253601
train,v2_single,Beginner1_Topspin_018,Beginner1,topspin,topspin,0.9625740051269531,True,0.032244447618722916,0.005181542132049799,0.9625740051269531
train,v2_single,Beginner1_Topspin_019,Beginner1,topspin,topspin,0.5232855081558228,True,0.4759548008441925,0.0007596537470817566,0.5232855081558228
train,v2_single,Beginner1_Topspin_020,Beginner1,topspin,topspin,0.9570664763450623,True,0.04144356772303581,0.0014899889938533306,0.9570664763450623
train,v2_single,Beginner1_Topspin_021,Beginner1,topspin,topspin,0.9839643239974976,True,0.007088539656251669,0.008947116322815418,0.9839643239974976
train,v2_single,Beginner1_Topspin_022,Beginner1,topspin,topspin,0.8948640823364258,True,0.01251270156353712,0.09262323379516602,0.8948640823364258
train,v2_single,Beginner1_Topspin_023,Beginner1,topspin,drive,0.582859218120575,True,0.582859218120575,0.00020121865964028984,0.4169396162033081
train,v2_single,Beginner1_Lob_001,Beginner1,lob,lob,0.9993687272071838,True,0.0003211347502656281,0.9993687272071838,0.00031011877581477165
train,v2_single,Beginner1_Lob_002,Beginner1,lob,lob,0.9697625637054443,True,0.01092412881553173,0.9697625637054443,0.01931336335837841
train,v2_single,Beginner1_Lob_003,Beginner1,lob,lob,0.99869304895401,True,0.0008074109209701419,0.99869304895401,0.0004995422204956412
train,v2_single,Beginner1_Lob_004,Beginner1,lob,lob,0.9992677569389343,True,0.0004122173704672605,0.9992677569389343,0.00031997187761589885
train,v2_single,Beginner1_Lob_005,Beginner1,lob,lob,0.9982498288154602,True,0.0009671737789176404,0.9982498288154602,0.0007830193499103189
train,v2_single,Beginner1_Lob_006,Beginner1,lob,lob,0.9988793730735779,True,0.0006721987156197429,0.9988793730735779,0.0004483732918743044
train,v2_single,Beginner1_Lob_007,Beginner1,lob,lob,0.9992234706878662,True,0.0005570839275605977,0.9992234706878662,0.00021945973276160657
train,v2_single,Beginner1_Lob_008,Beginner1,lob,lob,0.9985547661781311,True,0.0010615907376632094,0.9985547661781311,0.00038368237437680364
train,v2_single,Beginner1_Lob_009,Beginner1,lob,lob,0.989698588848114,True,0.006527461111545563,0.989698588848114,0.0037740112747997046
train,v2_single,Beginner1_Lob_010,Beginner1,lob,lob,0.9994908571243286,True,0.0003332964261062443,0.9994908571243286,0.00017585125169716775
train,v2_single,Beginner1_Lob_011,Beginner1,lob,lob,0.9980772733688354,True,0.0009280444355681539,0.9980772733688354,0.0009946729987859726
train,v2_single,Beginner1_Lob_012,Beginner1,lob,lob,0.8283272385597229,True,0.13908541202545166,0.8283272385597229,0.03258736431598663
train,v2_single,Beginner1_Lob_013,Beginner1,lob,lob,0.9991195797920227,True,0.0004878690233454108,0.9991195797920227,0.00039256838499568403
train,v2_single,Beginner1_Lob_014,Beginner1,lob,lob,0.99490886926651,True,0.0034246419090777636,0.99490886926651,0.0016664827708154917
train,v2_single,Beginner1_Lob_015,Beginner1,lob,lob,0.998195469379425,True,0.0010429633548483253,0.998195469379425,0.0007615725044161081
train,v2_single,Beginner1_Lob_016,Beginner1,lob,lob,0.9992769360542297,True,0.0004291575460229069,0.9992769360542297,0.0002939554105978459
train,v2_single,Beginner1_Lob_017,Beginner1,lob,lob,0.9981036186218262,True,0.0009433974628336728,0.9981036186218262,0.0009529590024612844
train,v2_single,Beginner1_Lob_018,Beginner1,lob,lob,0.9949400424957275,True,0.0023495007771998644,0.9949400424957275,0.0027105112094432116
train,v2_single,Beginner1_Lob_019,Beginner1,lob,lob,0.9985621571540833,True,0.0008637430146336555,0.9985621571540833,0.0005741011118516326
train,v2_single,Beginner1_Lob_020,Beginner1,lob,lob,0.9993115663528442,True,0.0004349757800810039,0.9993115663528442,0.0002535024250391871
train,v2_single,Beginner1_Lob_021,Beginner1,lob,lob,0.9954984188079834,True,0.0008419626974500716,0.9954984188079834,0.003659693757072091
train,v2_single,Beginner1_Lob_022,Beginner1,lob,lob,0.9989688396453857,True,0.0005075008375570178,0.9989688396453857,0.0005236995057202876
train,v2_single,Beginner1_Lob_023,Beginner1,lob,lob,0.9931637644767761,True,0.001812104950658977,0.9931637644767761,0.00502407643944025
train,v2_single,Beginner2_Drive_001,Beginner2,drive,drive,0.959339439868927,True,0.959339439868927,0.00029990237089805305,0.04036068916320801
train,v2_single,Beginner2_Drive_002,Beginner2,drive,drive,0.7451237440109253,True,0.7451237440109253,0.0037190760485827923,0.2511571943759918
train,v2_single,Beginner2_Drive_003,Beginner2,drive,drive,0.9930860996246338,True,0.9930860996246338,7.127060962375253e-05,0.006842657458037138
train,v2_single,Beginner2_Drive_004,Beginner2,drive,drive,0.8870852589607239,True,0.8870852589607239,0.0003439425490796566,0.11257091164588928
train,v2_single,Beginner2_Drive_005,Beginner2,drive,drive,0.9925066828727722,True,0.9925066828727722,7.069305138429627e-05,0.007422674912959337
train,v2_single,Beginner2_Drive_006,Beginner2,drive,drive,0.9939720034599304,True,0.9939720034599304,0.00011523437569849193,0.00591270811855793
train,v2_single,Beginner2_Drive_007,Beginner2,drive,drive,0.9905162453651428,True,0.9905162453651428,9.059526928467676e-05,0.009393159300088882
train,v2_single,Beginner2_Drive_008,Beginner2,drive,drive,0.9968798160552979,True,0.9968798160552979,8.163794700521976e-05,0.003038550727069378
train,v2_single,Beginner2_Drive_009,Beginner2,drive,drive,0.996415376663208,True,0.996415376663208,5.747860996052623e-05,0.0035271253436803818
train,v2_single,Beginner2_Drive_010,Beginner2,drive,drive,0.9940167665481567,True,0.9940167665481567,0.00011636358976829797,0.005866805091500282
train,v2_single,Beginner2_Drive_011,Beginner2,drive,drive,0.9838994741439819,True,0.9838994741439819,0.00029392974101938307,0.015806619077920914
train,v2_single,Beginner2_Drive_012,Beginner2,drive,drive,0.9763959050178528,True,0.9763959050178528,0.00016174543998204172,0.023442290723323822
train,v2_single,Beginner2_Drive_013,Beginner2,drive,drive,0.9787412285804749,True,0.9787412285804749,0.0001805334904929623,0.021078241989016533
train,v2_single,Beginner2_Drive_014,Beginner2,drive,drive,0.9936664700508118,True,0.9936664700508118,9.557417797623202e-05,0.006237879861146212
train,v2_single,Beginner2_Drive_015,Beginner2,drive,drive,0.9954332113265991,True,0.9954332113265991,8.891041215974838e-05,0.004477906972169876
train,v2_single,Beginner2_Drive_016,Beginner2,drive,drive,0.996001660823822,True,0.996001660823822,8.46902112243697e-05,0.0039136684499681
train,v2_single,Beginner2_Drive_017,Beginner2,drive,drive,0.987594485282898,True,0.987594485282898,0.00012109830277040601,0.012284372001886368
train,v2_single,Beginner2_Drive_018,Beginner2,drive,drive,0.9893081784248352,True,0.9893081784248352,0.00010862128692679107,0.010583273135125637
train,v2_single,Beginner2_Drive_019,Beginner2,drive,drive,0.9931119680404663,True,0.9931119680404663,0.00032242899760603905,0.006565655581653118
train,v2_single,Beginner2_Drive_020,Beginner2,drive,drive,0.9764605164527893,True,0.9764605164527893,0.00011722610361175612,0.023422328755259514
train,v2_single,Beginner2_Drive_021,Beginner2,drive,drive,0.9924694895744324,True,0.9924694895744324,0.00016238767420873046,0.007368140853941441
train,v2_single,Beginner2_Drive_022,Beginner2,drive,drive,0.9958508014678955,True,0.9958508014678955,5.8649944548960775e-05,0.004090566188097
train,v2_single,Beginner2_Drive_023,Beginner2,drive,drive,0.9170435070991516,True,0.9170435070991516,0.00038048706483095884,0.08257607370615005
train,v2_single,Beginner2_Topspin_001,Beginner2,topspin,topspin,0.9668148756027222,True,0.00495197344571352,0.028233129531145096,0.9668148756027222
train,v2_single,Beginner2_Topspin_002,Beginner2,topspin,topspin,0.9753043055534363,True,0.020557671785354614,0.004138024058192968,0.9753043055534363
train,v2_single,Beginner2_Topspin_003,Beginner2,topspin,topspin,0.9861960411071777,True,0.006520508322864771,0.007283423561602831,0.9861960411071777
train,v2_single,Beginner2_Topspin_004,Beginner2,topspin,topspin,0.9643759727478027,True,0.012830886989831924,0.022793207317590714,0.9643759727478027
train,v2_single,Beginner2_Topspin_005,Beginner2,topspin,topspin,0.9808583855628967,True,0.016271524131298065,0.002870152471587062,0.9808583855628967
train,v2_single,Beginner2_Topspin_006,Beginner2,topspin,topspin,0.9817935228347778,True,0.01103856973350048,0.007167920470237732,0.9817935228347778
train,v2_single,Beginner2_Topspin_007,Beginner2,topspin,topspin,0.9832292199134827,True,0.011738849803805351,0.005031886976212263,0.9832292199134827
train,v2_single,Beginner2_Topspin_008,Beginner2,topspin,topspin,0.8212890625,True,0.005004613660275936,0.1737063229084015,0.8212890625
train,v2_single,Beginner2_Topspin_009,Beginner2,topspin,topspin,0.991563081741333,True,0.0051553151570260525,0.003281606361269951,0.991563081741333
train,v2_single,Beginner2_Topspin_010,Beginner2,topspin,topspin,0.9809159636497498,True,0.00543984305113554,0.013644115999341011,0.9809159636497498
train,v2_single,Beginner2_Topspin_011,Beginner2,topspin,topspin,0.7808032631874084,True,0.0035007987171411514,0.21569599211215973,0.7808032631874084
train,v2_single,Beginner2_Topspin_012,Beginner2,topspin,topspin,0.9830044507980347,True,0.01219113077968359,0.00480443611741066,0.9830044507980347
train,v2_single,Beginner2_Topspin_013,Beginner2,topspin,topspin,0.8460056781768799,True,0.15224133431911469,0.0017529843607917428,0.8460056781768799
train,v2_single,Beginner2_Topspin_014,Beginner2,topspin,topspin,0.977984607219696,True,0.01918603666126728,0.0028294024523347616,0.977984607219696
train,v2_single,Beginner2_Topspin_015,Beginner2,topspin,topspin,0.5448374152183533,True,0.45381924510002136,0.0013433044077828526,0.5448374152183533
train,v2_single,Beginner2_Topspin_016,Beginner2,topspin,drive,0.7333215475082397,True,0.7333215475082397,0.0007498548366129398,0.26592856645584106
train,v2_single,Beginner2_Topspin_017,Beginner2,topspin,drive,0.729702889919281,True,0.729702889919281,0.0010116775520145893,0.26928550004959106
train,v2_single,Beginner2_Topspin_018,Beginner2,topspin,topspin,0.9701679944992065,True,0.0031244985293596983,0.02670750580728054,0.9701679944992065
train,v2_single,Beginner2_Topspin_019,Beginner2,topspin,topspin,0.685740053653717,True,0.31200045347213745,0.00225948728621006,0.685740053653717
train,v2_single,Beginner2_Topspin_020,Beginner2,topspin,topspin,0.9152268767356873,True,0.013163062743842602,0.07161007821559906,0.9152268767356873
train,v2_single,Beginner2_Topspin_021,Beginner2,topspin,topspin,0.9923381209373474,True,0.004866321105509996,0.0027955980040133,0.9923381209373474
train,v2_single,Beginner2_Topspin_022,Beginner2,topspin,topspin,0.9442440867424011,True,0.05137786641716957,0.004378012381494045,0.9442440867424011
train,v2_single,Beginner2_Topspin_023,Beginner2,topspin,topspin,0.9778391122817993,True,0.017835790291428566,0.004325144924223423,0.9778391122817993
train,v2_single,Beginner2_Lob_001,Beginner2,lob,lob,0.9951199293136597,True,0.0016771984519436955,0.9951199293136597,0.003202871885150671
train,v2_single,Beginner2_Lob_002,Beginner2,lob,lob,0.9991416931152344,True,0.0005861702957190573,0.9991416931152344,0.0002721624041441828
train,v2_single,Beginner2_Lob_003,Beginner2,lob,lob,0.9989103078842163,True,0.0008146369946189225,0.9989103078842163,0.00027507764752954245
train,v2_single,Beginner2_Lob_004,Beginner2,lob,lob,0.9978420734405518,True,0.001401448156684637,0.9978420734405518,0.0007564063998870552
train,v2_single,Beginner2_Lob_005,Beginner2,lob,lob,0.999390721321106,True,0.00030036107636988163,0.999390721321106,0.00030890002381056547
train,v2_single,Beginner2_Lob_006,Beginner2,lob,lob,0.9994020462036133,True,0.00046707873116247356,0.9994020462036133,0.00013090130232740194
train,v2_single,Beginner2_Lob_007,Beginner2,lob,lob,0.9984098672866821,True,0.0012373795034363866,0.9984098672866821,0.0003527486405801028
train,v2_single,Beginner2_Lob_008,Beginner2,lob,lob,0.9993501305580139,True,0.0004944837419316173,0.9993501305580139,0.00015543840709142387
train,v2_single,Beginner2_Lob_009,Beginner2,lob,lob,0.9994333386421204,True,0.00042641788604669273,0.9994333386421204,0.0001402624329784885
train,v2_single,Beginner2_Lob_010,Beginner2,lob,lob,0.9977656602859497,True,0.0014447091380134225,0.9977656602859497,0.0007896826136857271
train,v2_single,Beginner2_Lob_011,Beginner2,lob,lob,0.999384880065918,True,0.0004878108447883278,0.999384880065918,0.0001272549998247996
train,v2_single,Beginner2_Lob_012,Beginner2,lob,lob,0.9984082579612732,True,0.0010884341318160295,0.9984082579612732,0.0005033718189224601
train,v2_single,Beginner2_Lob_013,Beginner2,lob,lob,0.9984796643257141,True,0.001058942754752934,0.9984796643257141,0.0004614250792656094
train,v2_single,Beginner2_Lob_014,Beginner2,lob,lob,0.9994352459907532,True,0.000379506207536906,0.9994352459907532,0.0001851980050560087
train,v2_single,Beginner2_Lob_015,Beginner2,lob,lob,0.9989323019981384,True,0.0008127358159981668,0.9989323019981384,0.0002549797354731709
train,v2_single,Beginner2_Lob_016,Beginner2,lob,lob,0.9968108534812927,True,0.0021399229299277067,0.9968108534812927,0.001049250946380198
train,v2_single,Beginner2_Lob_017,Beginner2,lob,lob,0.9988300204277039,True,0.0007862240308895707,0.9988300204277039,0.00038373982533812523
train,v2_single,Beginner2_Lob_018,Beginner2,lob,lob,0.9988716244697571,True,0.0007571384776383638,0.9988716244697571,0.00037118670297786593
train,v2_single,Beginner2_Lob_019,Beginner2,lob,lob,0.9970216155052185,True,0.0020774323493242264,0.9970216155052185,0.0009008923661895096
train,v2_single,Beginner2_Lob_020,Beginner2,lob,lob,0.9981769323348999,True,0.0010481069330126047,0.9981769323348999,0.0007750162039883435
train,v2_single,Beginner2_Lob_021,Beginner2,lob,lob,0.9958832263946533,True,0.002124602207913995,0.9958832263946533,0.001992211677134037
train,v2_single,Beginner2_Lob_022,Beginner2,lob,lob,0.9919758439064026,True,0.004160946700721979,0.9919758439064026,0.00386326783336699
train,v2_single,Beginner2_Lob_023,Beginner2,lob,lob,0.9495224356651306,True,0.02047620713710785,0.9495224356651306,0.030001424252986908
train,legacy_desktop_ensemble,CoachA_Drive_001,CoachA,drive,lob,0.6443118453025818,True,0.10366182029247284,0.6443118453025818,0.2520262897014618
train,legacy_desktop_ensemble,CoachA_Drive_002,CoachA,drive,drive,0.6731957793235779,True,0.6731957793235779,0.2818726897239685,0.044931571930646896
train,legacy_desktop_ensemble,CoachA_Drive_003,CoachA,drive,topspin,0.6924265623092651,True,0.23315425217151642,0.07441921532154083,0.6924265623092651
train,legacy_desktop_ensemble,CoachA_Drive_004,CoachA,drive,drive,0.7750328183174133,True,0.7750328183174133,0.07809120416641235,0.14687597751617432
train,legacy_desktop_ensemble,CoachA_Drive_005,CoachA,drive,lob,0.7166808247566223,True,0.02138694003224373,0.7166808247566223,0.26193225383758545
train,legacy_desktop_ensemble,CoachA_Drive_006,CoachA,drive,lob,0.5358870625495911,True,0.08046053349971771,0.5358870625495911,0.38365235924720764
train,legacy_desktop_ensemble,CoachA_Drive_007,CoachA,drive,drive,0.5643354654312134,True,0.5643354654312134,0.27199292182922363,0.16367165744304657
train,legacy_desktop_ensemble,CoachA_Drive_008,CoachA,drive,drive,0.3668060898780823,True,0.3668060898780823,0.32829511165618896,0.30489885807037354
train,legacy_desktop_ensemble,CoachA_Drive_009,CoachA,drive,drive,0.6339771151542664,True,0.6339771151542664,0.11608314514160156,0.24993982911109924
train,legacy_desktop_ensemble,CoachA_Drive_010,CoachA,drive,drive,0.49427253007888794,True,0.49427253007888794,0.2755238115787506,0.23020367324352264
train,legacy_desktop_ensemble,CoachA_Drive_011,CoachA,drive,topspin,0.7956503033638,True,0.08289039880037308,0.12145936489105225,0.7956503033638
train,legacy_desktop_ensemble,CoachA_Drive_012,CoachA,drive,drive,0.8491125106811523,True,0.8491125106811523,0.041269876062870026,0.10961759090423584
train,legacy_desktop_ensemble,CoachA_Drive_013,CoachA,drive,drive,0.7728034257888794,True,0.7728034257888794,0.1669023185968399,0.060294199734926224
train,legacy_desktop_ensemble,CoachA_Drive_014,CoachA,drive,drive,0.8556010127067566,True,0.8556010127067566,0.09849882125854492,0.0459001250565052
train,legacy_desktop_ensemble,CoachA_Drive_015,CoachA,drive,topspin,0.6471258997917175,True,0.14044281840324402,0.21243134140968323,0.6471258997917175
train,legacy_desktop_ensemble,CoachA_Drive_016,CoachA,drive,topspin,0.6269389986991882,True,0.10155488550662994,0.2715061604976654,0.6269389986991882
train,legacy_desktop_ensemble,CoachA_Drive_017,CoachA,drive,drive,0.4294832646846771,True,0.4294832646846771,0.28416910767555237,0.2863476872444153
train,legacy_desktop_ensemble,CoachA_Drive_018,CoachA,drive,topspin,0.8297235369682312,True,0.007122280541807413,0.16315409541130066,0.8297235369682312
train,legacy_desktop_ensemble,CoachA_Drive_019,CoachA,drive,drive,0.5526787042617798,True,0.5526787042617798,0.10842738300561905,0.33889394998550415
train,legacy_desktop_ensemble,CoachA_Drive_020,CoachA,drive,drive,0.5020667910575867,True,0.5020667910575867,0.09337478876113892,0.40455836057662964
train,legacy_desktop_ensemble,CoachA_Drive_021,CoachA,drive,topspin,0.6919323801994324,True,0.12560661137104034,0.1824609637260437,0.6919323801994324
train,legacy_desktop_ensemble,CoachA_Drive_022,CoachA,drive,lob,0.8872240781784058,True,0.03913678601384163,0.8872240781784058,0.07363908737897873
train,legacy_desktop_ensemble,CoachA_Drive_023,CoachA,drive,lob,0.6869531869888306,True,0.05223831534385681,0.6869531869888306,0.26080846786499023
train,legacy_desktop_ensemble,CoachA_Drive_024,CoachA,drive,drive,0.6386346817016602,True,0.6386346817016602,0.2863367795944214,0.07502862066030502
train,legacy_desktop_ensemble,CoachA_Topspin_001,CoachA,topspin,lob,0.9031397700309753,True,0.014367938041687012,0.9031397700309753,0.08249226957559586
train,legacy_desktop_ensemble,CoachA_Topspin_002,CoachA,topspin,topspin,0.510722279548645,True,0.014199850149452686,0.4750778079032898,0.510722279548645
train,legacy_desktop_ensemble,CoachA_Topspin_003,CoachA,topspin,topspin,0.8398162722587585,True,0.01135539822280407,0.14882831275463104,0.8398162722587585
train,legacy_desktop_ensemble,CoachA_Topspin_004,CoachA,topspin,topspin,0.6506921052932739,True,0.09980949759483337,0.2494984120130539,0.6506921052932739
train,legacy_desktop_ensemble,CoachA_Topspin_005,CoachA,topspin,topspin,0.9309306144714355,True,0.008535720407962799,0.06053375080227852,0.9309306144714355
train,legacy_desktop_ensemble,CoachA_Topspin_006,CoachA,topspin,lob,0.7728767395019531,True,0.04150586575269699,0.7728767395019531,0.18561740219593048
train,legacy_desktop_ensemble,CoachA_Topspin_007,CoachA,topspin,lob,0.5594444274902344,True,0.009163346141576767,0.5594444274902344,0.43139225244522095
train,legacy_desktop_ensemble,CoachA_Topspin_008,CoachA,topspin,topspin,0.6075603365898132,True,0.016649018973112106,0.3757905960083008,0.6075603365898132
train,legacy_desktop_ensemble,CoachA_Topspin_009,CoachA,topspin,lob,0.6260753870010376,True,0.0075676157139241695,0.6260753870010376,0.3663570284843445
train,legacy_desktop_ensemble,CoachA_Topspin_010,CoachA,topspin,topspin,0.6042686104774475,True,0.0224961768835783,0.37323522567749023,0.6042686104774475
train,legacy_desktop_ensemble,CoachA_Topspin_011,CoachA,topspin,topspin,0.6833519339561462,True,0.010408228263258934,0.30623987317085266,0.6833519339561462
train,legacy_desktop_ensemble,CoachA_Topspin_012,CoachA,topspin,topspin,0.66228187084198,True,0.02691773511469364,0.3108004033565521,0.66228187084198
train,legacy_desktop_ensemble,CoachA_Topspin_013,CoachA,topspin,topspin,0.5995935201644897,True,0.0075486935675144196,0.39285776019096375,0.5995935201644897
train,legacy_desktop_ensemble,CoachA_Topspin_014,CoachA,topspin,topspin,0.7605037689208984,True,0.017950845882296562,0.22154541313648224,0.7605037689208984
train,legacy_desktop_ensemble,CoachA_Topspin_015,CoachA,topspin,topspin,0.9555355906486511,True,0.011499637737870216,0.032964807003736496,0.9555355906486511
train,legacy_desktop_ensemble,CoachA_Topspin_016,CoachA,topspin,lob,0.9635969400405884,True,0.007525105960667133,0.9635969400405884,0.028877943754196167
train,legacy_desktop_ensemble,CoachA_Topspin_017,CoachA,topspin,topspin,0.961624264717102,True,0.012336773797869682,0.026038963347673416,0.961624264717102
train,legacy_desktop_ensemble,CoachA_Topspin_018,CoachA,topspin,topspin,0.5932008028030396,True,0.018958956003189087,0.38784024119377136,0.5932008028030396
train,legacy_desktop_ensemble,CoachA_Topspin_019,CoachA,topspin,topspin,0.6270264387130737,True,0.010324359871447086,0.362649142742157,0.6270264387130737
train,legacy_desktop_ensemble,CoachA_Topspin_020,CoachA,topspin,lob,0.46551141142845154,True,0.13069215416908264,0.46551141142845154,0.4037964344024658
train,legacy_desktop_ensemble,CoachA_Topspin_021,CoachA,topspin,topspin,0.9537773132324219,True,0.011968471109867096,0.034254152327775955,0.9537773132324219
train,legacy_desktop_ensemble,CoachA_Topspin_022,CoachA,topspin,topspin,0.6918933987617493,True,0.04592007026076317,0.26218652725219727,0.6918933987617493
train,legacy_desktop_ensemble,CoachA_Topspin_023,CoachA,topspin,topspin,0.9392877817153931,True,0.04711233824491501,0.013599829748272896,0.9392877817153931
train,legacy_desktop_ensemble,CoachA_Topspin_024,CoachA,topspin,topspin,0.7134844064712524,True,0.013462523929774761,0.27305302023887634,0.7134844064712524
train,legacy_desktop_ensemble,CoachA_Lob_001,CoachA,lob,lob,0.8932275772094727,True,0.03342680633068085,0.8932275772094727,0.07334566861391068
train,legacy_desktop_ensemble,CoachA_Lob_002,CoachA,lob,lob,0.666004478931427,True,0.024885455146431923,0.666004478931427,0.3091101050376892
train,legacy_desktop_ensemble,CoachA_Lob_003,CoachA,lob,lob,0.5970531702041626,True,0.010567275807261467,0.5970531702041626,0.3923795819282532
train,legacy_desktop_ensemble,CoachA_Lob_004,CoachA,lob,lob,0.9291642904281616,True,0.006507995538413525,0.9291642904281616,0.064327672123909
train,legacy_desktop_ensemble,CoachA_Lob_005,CoachA,lob,topspin,0.5295619964599609,True,0.011781987734138966,0.45865607261657715,0.5295619964599609
train,legacy_desktop_ensemble,CoachA_Lob_006,CoachA,lob,lob,0.5598336458206177,True,0.009746527299284935,0.5598336458206177,0.4304198622703552
train,legacy_desktop_ensemble,CoachA_Lob_007,CoachA,lob,topspin,0.5665741562843323,True,0.010203358717262745,0.42322248220443726,0.5665741562843323
train,legacy_desktop_ensemble,CoachA_Lob_008,CoachA,lob,drive,0.5912550687789917,True,0.5912550687789917,0.02065259777009487,0.3880923390388489
train,legacy_desktop_ensemble,CoachA_Lob_009,CoachA,lob,topspin,0.5668278336524963,True,0.024374622851610184,0.40879756212234497,0.5668278336524963
train,legacy_desktop_ensemble,CoachA_Lob_010,CoachA,lob,topspin,0.5329688787460327,True,0.013489010743796825,0.45354214310646057,0.5329688787460327
train,legacy_desktop_ensemble,CoachA_Lob_011,CoachA,lob,topspin,0.798832893371582,True,0.015942636877298355,0.1852245032787323,0.798832893371582
train,legacy_desktop_ensemble,CoachA_Lob_012,CoachA,lob,topspin,0.6660717725753784,True,0.016440127044916153,0.31748804450035095,0.6660717725753784
train,legacy_desktop_ensemble,CoachA_Lob_013,CoachA,lob,lob,0.7838598489761353,True,0.012477099895477295,0.7838598489761353,0.20366303622722626
train,legacy_desktop_ensemble,CoachA_Lob_014,CoachA,lob,topspin,0.6455381512641907,True,0.012700757011771202,0.34176111221313477,0.6455381512641907
train,legacy_desktop_ensemble,CoachA_Lob_015,CoachA,lob,topspin,0.5741855502128601,True,0.015781810507178307,0.41003260016441345,0.5741855502128601
train,legacy_desktop_ensemble,CoachA_Lob_016,CoachA,lob,lob,0.8129846453666687,True,0.007424855139106512,0.8129846453666687,0.17959053814411163
train,legacy_desktop_ensemble,CoachA_Lob_017,CoachA,lob,topspin,0.6167874932289124,True,0.017077868804335594,0.3661345839500427,0.6167874932289124
train,legacy_desktop_ensemble,CoachA_Lob_018,CoachA,lob,topspin,0.5493731498718262,True,0.04331708326935768,0.40730971097946167,0.5493731498718262
train,legacy_desktop_ensemble,CoachA_Lob_019,CoachA,lob,lob,0.859683632850647,True,0.01118768472224474,0.859683632850647,0.12912864983081818
train,legacy_desktop_ensemble,CoachA_Lob_020,CoachA,lob,lob,0.6321555376052856,True,0.012752366252243519,0.6321555376052856,0.35509204864501953
train,legacy_desktop_ensemble,CoachA_Lob_021,CoachA,lob,topspin,0.6602857112884521,True,0.02190876007080078,0.3178054690361023,0.6602857112884521
train,legacy_desktop_ensemble,CoachA_Lob_022,CoachA,lob,lob,0.8038926124572754,True,0.007511014584451914,0.8038926124572754,0.1885964423418045
train,legacy_desktop_ensemble,CoachA_Lob_023,CoachA,lob,topspin,0.6935542225837708,True,0.019146963953971863,0.28729891777038574,0.6935542225837708
train,legacy_desktop_ensemble,CoachA_Lob_024,CoachA,lob,drive,0.5317097902297974,True,0.5317097902297974,0.23922152817249298,0.229068785905838
train,legacy_desktop_ensemble,Beginner1_Drive_001,Beginner1,drive,drive,0.47359809279441833,True,0.47359809279441833,0.3927232325077057,0.13367874920368195
train,legacy_desktop_ensemble,Beginner1_Drive_002,Beginner1,drive,drive,0.8400478363037109,True,0.8400478363037109,0.06671418249607086,0.09323800355195999
train,legacy_desktop_ensemble,Beginner1_Drive_003,Beginner1,drive,drive,0.7314887046813965,True,0.7314887046813965,0.04497230425477028,0.22353899478912354
train,legacy_desktop_ensemble,Beginner1_Drive_004,Beginner1,drive,drive,0.8259690999984741,True,0.8259690999984741,0.022521037608385086,0.1515098363161087
train,legacy_desktop_ensemble,Beginner1_Drive_005,Beginner1,drive,drive,0.6350201964378357,True,0.6350201964378357,0.009309669025242329,0.35567015409469604
train,legacy_desktop_ensemble,Beginner1_Drive_006,Beginner1,drive,drive,0.8336902856826782,True,0.8336902856826782,0.008587135002017021,0.15772253274917603
train,legacy_desktop_ensemble,Beginner1_Drive_007,Beginner1,drive,drive,0.9109358787536621,True,0.9109358787536621,0.015424293465912342,0.07363978028297424
train,legacy_desktop_ensemble,Beginner1_Drive_008,Beginner1,drive,drive,0.826457679271698,True,0.826457679271698,0.036197178065776825,0.13734515011310577
train,legacy_desktop_ensemble,Beginner1_Drive_009,Beginner1,drive,drive,0.6732646822929382,True,0.6732646822929382,0.020889203995466232,0.30584609508514404
train,legacy_desktop_ensemble,Beginner1_Drive_010,Beginner1,drive,drive,0.6743085980415344,True,0.6743085980415344,0.01180214248597622,0.3138893246650696
train,legacy_desktop_ensemble,Beginner1_Drive_011,Beginner1,drive,drive,0.5513493418693542,True,0.5513493418693542,0.06324770301580429,0.38540297746658325
train,legacy_desktop_ensemble,Beginner1_Drive_012,Beginner1,drive,drive,0.7977107167243958,True,0.7977107167243958,0.0195693988353014,0.182719886302948
train,legacy_desktop_ensemble,Beginner1_Drive_013,Beginner1,drive,drive,0.5406145453453064,True,0.5406145453453064,0.006452506873756647,0.4529329240322113
train,legacy_desktop_ensemble,Beginner1_Drive_014,Beginner1,drive,topspin,0.9805908203125,True,0.006431824527680874,0.01297739427536726,0.9805908203125
train,legacy_desktop_ensemble,Beginner1_Drive_015,Beginner1,drive,drive,0.896984875202179,True,0.896984875202179,0.009304584935307503,0.09371062368154526
train,legacy_desktop_ensemble,Beginner1_Drive_016,Beginner1,drive,drive,0.8048684000968933,True,0.8048684000968933,0.02303541824221611,0.1720961034297943
train,legacy_desktop_ensemble,Beginner1_Drive_017,Beginner1,drive,drive,0.5873138904571533,True,0.5873138904571533,0.18992142379283905,0.22276470065116882
train,legacy_desktop_ensemble,Beginner1_Drive_018,Beginner1,drive,drive,0.8622991442680359,True,0.8622991442680359,0.004634815268218517,0.1330660581588745
train,legacy_desktop_ensemble,Beginner1_Drive_019,Beginner1,drive,drive,0.8074439167976379,True,0.8074439167976379,0.010158281773328781,0.1823977828025818
train,legacy_desktop_ensemble,Beginner1_Drive_020,Beginner1,drive,drive,0.7677805423736572,True,0.7677805423736572,0.00605512410402298,0.2261643409729004
train,legacy_desktop_ensemble,Beginner1_Drive_021,Beginner1,drive,drive,0.5095839500427246,True,0.5095839500427246,0.006426425185054541,0.4839896261692047
train,legacy_desktop_ensemble,Beginner1_Drive_022,Beginner1,drive,drive,0.8567570447921753,True,0.8567570447921753,0.06151645630598068,0.08172646164894104
train,legacy_desktop_ensemble,Beginner1_Drive_023,Beginner1,drive,drive,0.8994967341423035,True,0.8994967341423035,0.016980525106191635,0.0835227370262146
train,legacy_desktop_ensemble,Beginner1_Topspin_001,Beginner1,topspin,topspin,0.9514797329902649,True,0.003823279170319438,0.04469708353281021,0.9514797329902649
train,legacy_desktop_ensemble,Beginner1_Topspin_002,Beginner1,topspin,topspin,0.9480341672897339,True,0.0034420681186020374,0.048523735255002975,0.9480341672897339
train,legacy_desktop_ensemble,Beginner1_Topspin_003,Beginner1,topspin,topspin,0.9611178636550903,True,0.016124973073601723,0.022757232189178467,0.9611178636550903
train,legacy_desktop_ensemble,Beginner1_Topspin_004,Beginner1,topspin,topspin,0.8681653141975403,True,0.004368813708424568,0.12746581435203552,0.8681653141975403
train,legacy_desktop_ensemble,Beginner1_Topspin_005,Beginner1,topspin,topspin,0.7189784049987793,True,0.003957411739975214,0.2770642638206482,0.7189784049987793
train,legacy_desktop_ensemble,Beginner1_Topspin_006,Beginner1,topspin,topspin,0.8681634664535522,True,0.005193498916924,0.12664297223091125,0.8681634664535522
train,legacy_desktop_ensemble,Beginner1_Topspin_007,Beginner1,topspin,topspin,0.8053072690963745,True,0.004275971557945013,0.19041672348976135,0.8053072690963745
train,legacy_desktop_ensemble,Beginner1_Topspin_008,Beginner1,topspin,topspin,0.9364585876464844,True,0.003229942172765732,0.06031149625778198,0.9364585876464844
train,legacy_desktop_ensemble,Beginner1_Topspin_009,Beginner1,topspin,topspin,0.8341010808944702,True,0.003219597740098834,0.1626792848110199,0.8341010808944702
train,legacy_desktop_ensemble,Beginner1_Topspin_010,Beginner1,topspin,topspin,0.8724077343940735,True,0.004495291970670223,0.12309692054986954,0.8724077343940735
train,legacy_desktop_ensemble,Beginner1_Topspin_011,Beginner1,topspin,topspin,0.946140468120575,True,0.00319616193883121,0.05066338926553726,0.946140468120575
train,legacy_desktop_ensemble,Beginner1_Topspin_012,Beginner1,topspin,topspin,0.7313114404678345,True,0.004539019428193569,0.26414954662323,0.7313114404678345
train,legacy_desktop_ensemble,Beginner1_Topspin_013,Beginner1,topspin,topspin,0.9627804756164551,True,0.004959416575729847,0.032260145992040634,0.9627804756164551
train,legacy_desktop_ensemble,Beginner1_Topspin_014,Beginner1,topspin,lob,0.8704890012741089,True,0.014365816488862038,0.8704890012741089,0.11514514684677124
train,legacy_desktop_ensemble,Beginner1_Topspin_015,Beginner1,topspin,topspin,0.9264562726020813,True,0.007886611856520176,0.06565714627504349,0.9264562726020813
train,legacy_desktop_ensemble,Beginner1_Topspin_016,Beginner1,topspin,topspin,0.6373916864395142,True,0.0038345549255609512,0.35877376794815063,0.6373916864395142
train,legacy_desktop_ensemble,Beginner1_Topspin_017,Beginner1,topspin,topspin,0.7584313154220581,True,0.003204772947356105,0.23836389183998108,0.7584313154220581
train,legacy_desktop_ensemble,Beginner1_Topspin_018,Beginner1,topspin,drive,0.5355151295661926,True,0.5355151295661926,0.05862727761268616,0.40585756301879883
train,legacy_desktop_ensemble,Beginner1_Topspin_019,Beginner1,topspin,topspin,0.8798593282699585,True,0.003878276329487562,0.11626233905553818,0.8798593282699585
train,legacy_desktop_ensemble,Beginner1_Topspin_020,Beginner1,topspin,topspin,0.9355530738830566,True,0.011395856738090515,0.05305102467536926,0.9355530738830566
train,legacy_desktop_ensemble,Beginner1_Topspin_021,Beginner1,topspin,topspin,0.6916424036026001,True,0.01008419506251812,0.2982734441757202,0.6916424036026001
train,legacy_desktop_ensemble,Beginner1_Topspin_022,Beginner1,topspin,topspin,0.968558669090271,True,0.0036779907532036304,0.02776329778134823,0.968558669090271
train,legacy_desktop_ensemble,Beginner1_Topspin_023,Beginner1,topspin,topspin,0.928671658039093,True,0.0040000928565859795,0.06732819974422455,0.928671658039093
train,legacy_desktop_ensemble,Beginner1_Lob_001,Beginner1,lob,lob,0.5570920705795288,True,0.0033307739067822695,0.5570920705795288,0.4395771026611328
train,legacy_desktop_ensemble,Beginner1_Lob_002,Beginner1,lob,lob,0.9546340107917786,True,0.017378684133291245,0.9546340107917786,0.027987301349639893
train,legacy_desktop_ensemble,Beginner1_Lob_003,Beginner1,lob,lob,0.9741538166999817,True,0.00460480060428381,0.9741538166999817,0.021241381764411926
train,legacy_desktop_ensemble,Beginner1_Lob_004,Beginner1,lob,lob,0.9772573709487915,True,0.00418153265491128,0.9772573709487915,0.018561122938990593
train,legacy_desktop_ensemble,Beginner1_Lob_005,Beginner1,lob,lob,0.9096213579177856,True,0.029366398230195045,0.9096213579177856,0.06101219728589058
train,legacy_desktop_ensemble,Beginner1_Lob_006,Beginner1,lob,drive,0.5626845359802246,True,0.5626845359802246,0.23778021335601807,0.1995352953672409
train,legacy_desktop_ensemble,Beginner1_Lob_007,Beginner1,lob,lob,0.8278566598892212,True,0.05646912008523941,0.8278566598892212,0.1156742125749588
train,legacy_desktop_ensemble,Beginner1_Lob_008,Beginner1,lob,lob,0.9665386080741882,True,0.005013615824282169,0.9665386080741882,0.028447743505239487
train,legacy_desktop_ensemble,Beginner1_Lob_009,Beginner1,lob,lob,0.9802562594413757,True,0.004039389081299305,0.9802562594413757,0.015704328194260597
train,legacy_desktop_ensemble,Beginner1_Lob_010,Beginner1,lob,lob,0.6504577994346619,True,0.010437035001814365,0.6504577994346619,0.33910518884658813
train,legacy_desktop_ensemble,Beginner1_Lob_011,Beginner1,lob,lob,0.8063862919807434,True,0.02642693743109703,0.8063862919807434,0.16718676686286926
train,legacy_desktop_ensemble,Beginner1_Lob_012,Beginner1,lob,lob,0.9816449880599976,True,0.004412781447172165,0.9816449880599976,0.01394217275083065
train,legacy_desktop_ensemble,Beginner1_Lob_013,Beginner1,lob,lob,0.9765743017196655,True,0.0049814945086836815,0.9765743017196655,0.018444163724780083
train,legacy_desktop_ensemble,Beginner1_Lob_014,Beginner1,lob,lob,0.9655593633651733,True,0.004015786107629538,0.9655593633651733,0.030424807220697403
train,legacy_desktop_ensemble,Beginner1_Lob_015,Beginner1,lob,lob,0.9783288836479187,True,0.0044395532459020615,0.9783288836479187,0.017231589183211327
train,legacy_desktop_ensemble,Beginner1_Lob_016,Beginner1,lob,lob,0.9723017811775208,True,0.004200643859803677,0.9723017811775208,0.023497620597481728
train,legacy_desktop_ensemble,Beginner1_Lob_017,Beginner1,lob,lob,0.9334848523139954,True,0.004019047133624554,0.9334848523139954,0.062496114522218704
train,legacy_desktop_ensemble,Beginner1_Lob_018,Beginner1,lob,lob,0.9814554452896118,True,0.0038995803333818913,0.9814554452896118,0.01464495062828064
train,legacy_desktop_ensemble,Beginner1_Lob_019,Beginner1,lob,lob,0.6524111032485962,True,0.2908782660961151,0.6524111032485962,0.0567106232047081
train,legacy_desktop_ensemble,Beginner1_Lob_020,Beginner1,lob,lob,0.9740670323371887,True,0.0058367568999528885,0.9740670323371887,0.020096248015761375
train,legacy_desktop_ensemble,Beginner1_Lob_021,Beginner1,lob,drive,0.4450010359287262,True,0.4450010359287262,0.11419053375720978,0.44080838561058044
train,legacy_desktop_ensemble,Beginner1_Lob_022,Beginner1,lob,lob,0.7869136333465576,True,0.017699696123600006,0.7869136333465576,0.19538670778274536
train,legacy_desktop_ensemble,Beginner1_Lob_023,Beginner1,lob,lob,0.9835962057113647,True,0.008791175670921803,0.9835962057113647,0.00761263445019722
train,legacy_desktop_ensemble,Beginner2_Drive_001,Beginner2,drive,lob,0.6908290982246399,True,0.05126192048192024,0.6908290982246399,0.2579089403152466
train,legacy_desktop_ensemble,Beginner2_Drive_002,Beginner2,drive,lob,0.8634587526321411,True,0.029312197118997574,0.8634587526321411,0.10722911357879639
train,legacy_desktop_ensemble,Beginner2_Drive_003,Beginner2,drive,lob,0.913565456867218,True,0.019921690225601196,0.913565456867218,0.0665128082036972
train,legacy_desktop_ensemble,Beginner2_Drive_004,Beginner2,drive,lob,0.8721187710762024,True,0.03109842538833618,0.8721187710762024,0.09678278118371964
train,legacy_desktop_ensemble,Beginner2_Drive_005,Beginner2,drive,lob,0.8443275690078735,True,0.026910800486803055,0.8443275690078735,0.1287616640329361
train,legacy_desktop_ensemble,Beginner2_Drive_006,Beginner2,drive,lob,0.8686114549636841,True,0.027178019285202026,0.8686114549636841,0.10421054065227509
train,legacy_desktop_ensemble,Beginner2_Drive_007,Beginner2,drive,lob,0.9650017023086548,True,0.008656984195113182,0.9650017023086548,0.026341412216424942
train,legacy_desktop_ensemble,Beginner2_Drive_008,Beginner2,drive,lob,0.8933054804801941,True,0.028201153501868248,0.8933054804801941,0.07849336415529251
train,legacy_desktop_ensemble,Beginner2_Drive_009,Beginner2,drive,lob,0.9113893508911133,True,0.023010514676570892,0.9113893508911133,0.06560017913579941
train,legacy_desktop_ensemble,Beginner2_Drive_010,Beginner2,drive,lob,0.8932070732116699,True,0.02503722533583641,0.8932070732116699,0.08175571262836456
train,legacy_desktop_ensemble,Beginner2_Drive_011,Beginner2,drive,lob,0.9129263162612915,True,0.021871354430913925,0.9129263162612915,0.06520234048366547
train,legacy_desktop_ensemble,Beginner2_Drive_012,Beginner2,drive,lob,0.849395751953125,True,0.022950518876314163,0.849395751953125,0.12765368819236755
train,legacy_desktop_ensemble,Beginner2_Drive_013,Beginner2,drive,lob,0.9360560178756714,True,0.017379416152834892,0.9360560178756714,0.04656451195478439
train,legacy_desktop_ensemble,Beginner2_Drive_014,Beginner2,drive,lob,0.889210045337677,True,0.02517319656908512,0.889210045337677,0.08561678975820541
train,legacy_desktop_ensemble,Beginner2_Drive_015,Beginner2,drive,lob,0.6260598301887512,True,0.1500840187072754,0.6260598301887512,0.223856121301651
train,legacy_desktop_ensemble,Beginner2_Drive_016,Beginner2,drive,lob,0.532211184501648,True,0.10646480321884155,0.532211184501648,0.3613240122795105
train,legacy_desktop_ensemble,Beginner2_Drive_017,Beginner2,drive,lob,0.6347674131393433,True,0.09323649108409882,0.6347674131393433,0.2719961106777191
train,legacy_desktop_ensemble,Beginner2_Drive_018,Beginner2,drive,lob,0.8314801454544067,True,0.03596179187297821,0.8314801454544067,0.13255804777145386
train,legacy_desktop_ensemble,Beginner2_Drive_019,Beginner2,drive,lob,0.7177141904830933,True,0.1185944527387619,0.7177141904830933,0.16369135677814484
train,legacy_desktop_ensemble,Beginner2_Drive_020,Beginner2,drive,lob,0.7252618670463562,True,0.11406199634075165,0.7252618670463562,0.16067612171173096
train,legacy_desktop_ensemble,Beginner2_Drive_021,Beginner2,drive,lob,0.5887073278427124,True,0.17040324211120605,0.5887073278427124,0.24088935554027557
train,legacy_desktop_ensemble,Beginner2_Drive_022,Beginner2,drive,lob,0.8693092465400696,True,0.031098630279302597,0.8693092465400696,0.09959205985069275
train,legacy_desktop_ensemble,Beginner2_Drive_023,Beginner2,drive,lob,0.46795353293418884,True,0.08014961332082748,0.46795353293418884,0.4518968462944031
train,legacy_desktop_ensemble,Beginner2_Topspin_001,Beginner2,topspin,lob,0.8130637407302856,True,0.01584583707153797,0.8130637407302856,0.17109040915966034
train,legacy_desktop_ensemble,Beginner2_Topspin_002,Beginner2,topspin,topspin,0.5619715452194214,True,0.01869308017194271,0.4193353056907654,0.5619715452194214
train,legacy_desktop_ensemble,Beginner2_Topspin_003,Beginner2,topspin,topspin,0.5184208154678345,True,0.013440258800983429,0.46813899278640747,0.5184208154678345
train,legacy_desktop_ensemble,Beginner2_Topspin_004,Beginner2,topspin,lob,0.4835298955440521,True,0.12050382047891617,0.4835298955440521,0.3959663510322571
train,legacy_desktop_ensemble,Beginner2_Topspin_005,Beginner2,topspin,lob,0.7066488265991211,True,0.08225206285715103,0.7066488265991211,0.21109911799430847
train,legacy_desktop_ensemble,Beginner2_Topspin_006,Beginner2,topspin,lob,0.6655927896499634,True,0.03314926475286484,0.6655927896499634,0.30125802755355835
train,legacy_desktop_ensemble,Beginner2_Topspin_007,Beginner2,topspin,topspin,0.4812133312225342,True,0.07069531083106995,0.4480913281440735,0.4812133312225342
train,legacy_desktop_ensemble,Beginner2_Topspin_008,Beginner2,topspin,topspin,0.5530298948287964,True,0.021086808294057846,0.42588329315185547,0.5530298948287964
train,legacy_desktop_ensemble,Beginner2_Topspin_009,Beginner2,topspin,lob,0.7962344884872437,True,0.014197011478245258,0.7962344884872437,0.189568430185318
train,legacy_desktop_ensemble,Beginner2_Topspin_010,Beginner2,topspin,topspin,0.79893559217453,True,0.0946563258767128,0.10640809684991837,0.79893559217453
train,legacy_desktop_ensemble,Beginner2_Topspin_011,Beginner2,topspin,topspin,0.5229738354682922,True,0.008123500272631645,0.46890267729759216,0.5229738354682922
train,legacy_desktop_ensemble,Beginner2_Topspin_012,Beginner2,topspin,lob,0.8795660734176636,True,0.014796016737818718,0.8795660734176636,0.10563794523477554
train,legacy_desktop_ensemble,Beginner2_Topspin_013,Beginner2,topspin,lob,0.6214601397514343,True,0.022499730810523033,0.6214601397514343,0.3560400605201721
train,legacy_desktop_ensemble,Beginner2_Topspin_014,Beginner2,topspin,lob,0.7305416464805603,True,0.037677932530641556,0.7305416464805603,0.23178043961524963
train,legacy_desktop_ensemble,Beginner2_Topspin_015,Beginner2,topspin,lob,0.8100169897079468,True,0.038539014756679535,0.8100169897079468,0.1514439880847931
train,legacy_desktop_ensemble,Beginner2_Topspin_016,Beginner2,topspin,lob,0.5468388795852661,True,0.06363202631473541,0.5468388795852661,0.38952913880348206
train,legacy_desktop_ensemble,Beginner2_Topspin_017,Beginner2,topspin,lob,0.7762137055397034,True,0.062095850706100464,0.7762137055397034,0.16169044375419617
train,legacy_desktop_ensemble,Beginner2_Topspin_018,Beginner2,topspin,lob,0.5169986486434937,True,0.20451471209526062,0.5169986486434937,0.27848654985427856
train,legacy_desktop_ensemble,Beginner2_Topspin_019,Beginner2,topspin,topspin,0.8055496215820312,True,0.015269395895302296,0.1791810244321823,0.8055496215820312
train,legacy_desktop_ensemble,Beginner2_Topspin_020,Beginner2,topspin,lob,0.548575758934021,True,0.17213773727416992,0.548575758934021,0.2792865037918091
train,legacy_desktop_ensemble,Beginner2_Topspin_021,Beginner2,topspin,topspin,0.4898499548435211,True,0.06204213947057724,0.44810789823532104,0.4898499548435211
train,legacy_desktop_ensemble,Beginner2_Topspin_022,Beginner2,topspin,lob,0.5013418197631836,True,0.029573876410722733,0.5013418197631836,0.4690842628479004
train,legacy_desktop_ensemble,Beginner2_Topspin_023,Beginner2,topspin,lob,0.724777102470398,True,0.023108337074518204,0.724777102470398,0.25211459398269653
train,legacy_desktop_ensemble,Beginner2_Lob_001,Beginner2,lob,lob,0.9410322904586792,True,0.010367447510361671,0.9410322904586792,0.04860023781657219
train,legacy_desktop_ensemble,Beginner2_Lob_002,Beginner2,lob,lob,0.8780573010444641,True,0.03757879137992859,0.8780573010444641,0.0843639001250267
train,legacy_desktop_ensemble,Beginner2_Lob_003,Beginner2,lob,lob,0.9283736348152161,True,0.018751684576272964,0.9283736348152161,0.052874691784381866
train,legacy_desktop_ensemble,Beginner2_Lob_004,Beginner2,lob,lob,0.8010314702987671,True,0.0515730194747448,0.8010314702987671,0.14739546179771423
train,legacy_desktop_ensemble,Beginner2_Lob_005,Beginner2,lob,lob,0.7595342993736267,True,0.07589560002088547,0.7595342993736267,0.16457010805606842
train,legacy_desktop_ensemble,Beginner2_Lob_006,Beginner2,lob,lob,0.9321044683456421,True,0.014851321466267109,0.9321044683456421,0.05304411053657532
train,legacy_desktop_ensemble,Beginner2_Lob_007,Beginner2,lob,lob,0.9148771166801453,True,0.02137148194015026,0.9148771166801453,0.06375134736299515
train,legacy_desktop_ensemble,Beginner2_Lob_008,Beginner2,lob,lob,0.7484442591667175,True,0.08103208988904953,0.7484442591667175,0.17052361369132996
train,legacy_desktop_ensemble,Beginner2_Lob_009,Beginner2,lob,lob,0.8863624334335327,True,0.03202099725604057,0.8863624334335327,0.08161653578281403
train,legacy_desktop_ensemble,Beginner2_Lob_010,Beginner2,lob,lob,0.8451623916625977,True,0.03725806251168251,0.8451623916625977,0.11757948249578476
train,legacy_desktop_ensemble,Beginner2_Lob_011,Beginner2,lob,lob,0.9111501574516296,True,0.02391844615340233,0.9111501574516296,0.06493128091096878
train,legacy_desktop_ensemble,Beginner2_Lob_012,Beginner2,lob,lob,0.8070859909057617,True,0.053016506135463715,0.8070859909057617,0.13989754021167755
train,legacy_desktop_ensemble,Beginner2_Lob_013,Beginner2,lob,lob,0.9355497360229492,True,0.01647433266043663,0.9355497360229492,0.04797600582242012
train,legacy_desktop_ensemble,Beginner2_Lob_014,Beginner2,lob,lob,0.7909011840820312,True,0.06486600637435913,0.7909011840820312,0.14423277974128723
train,legacy_desktop_ensemble,Beginner2_Lob_015,Beginner2,lob,lob,0.8293799161911011,True,0.04400912672281265,0.8293799161911011,0.12661094963550568
train,legacy_desktop_ensemble,Beginner2_Lob_016,Beginner2,lob,lob,0.8552296757698059,True,0.033685486763715744,0.8552296757698059,0.11108483374118805
train,legacy_desktop_ensemble,Beginner2_Lob_017,Beginner2,lob,lob,0.7401663064956665,True,0.07242993265390396,0.7401663064956665,0.1874038279056549
train,legacy_desktop_ensemble,Beginner2_Lob_018,Beginner2,lob,lob,0.7647444009780884,True,0.07102973759174347,0.7647444009780884,0.16422581672668457
train,legacy_desktop_ensemble,Beginner2_Lob_019,Beginner2,lob,lob,0.6629412770271301,True,0.0977073460817337,0.6629412770271301,0.23935146629810333
train,legacy_desktop_ensemble,Beginner2_Lob_020,Beginner2,lob,lob,0.9303876161575317,True,0.010826113633811474,0.9303876161575317,0.058786340057849884
train,legacy_desktop_ensemble,Beginner2_Lob_021,Beginner2,lob,lob,0.9518442153930664,True,0.0066692582331597805,0.9518442153930664,0.04148656874895096
train,legacy_desktop_ensemble,Beginner2_Lob_022,Beginner2,lob,lob,0.8450315594673157,True,0.009526177309453487,0.8450315594673157,0.14544232189655304
train,legacy_desktop_ensemble,Beginner2_Lob_023,Beginner2,lob,lob,0.8697153925895691,True,0.035639699548482895,0.8697153925895691,0.0946449264883995
diagnostic_test,v2_ensemble,Beginner3_Drive_001,Beginner3,drive,topspin,0.6472891569137573,True,0.35026055574417114,0.002450308296829462,0.6472891569137573
diagnostic_test,v2_ensemble,Beginner3_Drive_002,Beginner3,drive,topspin,0.6275136470794678,True,0.3699166476726532,0.0025697029195725918,0.6275136470794678
diagnostic_test,v2_ensemble,Beginner3_Drive_003,Beginner3,drive,drive,0.8318119049072266,True,0.8318119049072266,0.0011157996486872435,0.16707231104373932
diagnostic_test,v2_ensemble,Beginner3_Drive_004,Beginner3,drive,drive,0.944891095161438,True,0.944891095161438,0.0008643734036013484,0.05424454063177109
diagnostic_test,v2_ensemble,Beginner3_Drive_005,Beginner3,drive,drive,0.6729984879493713,True,0.6729984879493713,0.0016455694567412138,0.32535597681999207
diagnostic_test,v2_ensemble,Beginner3_Drive_006,Beginner3,drive,drive,0.7365421056747437,True,0.7365421056747437,0.0028810405638068914,0.26057687401771545
diagnostic_test,v2_ensemble,Beginner3_Drive_007,Beginner3,drive,drive,0.9196298718452454,True,0.9196298718452454,0.0026844001840800047,0.07768572866916656
diagnostic_test,v2_ensemble,Beginner3_Drive_008,Beginner3,drive,drive,0.7563999891281128,True,0.7563999891281128,0.0021286807022988796,0.2414712905883789
diagnostic_test,v2_ensemble,Beginner3_Drive_009,Beginner3,drive,drive,0.8828998804092407,True,0.8828998804092407,0.001471838215366006,0.11562840640544891
diagnostic_test,v2_ensemble,Beginner3_Drive_010,Beginner3,drive,drive,0.934773325920105,True,0.934773325920105,0.000979696516878903,0.06424692273139954
diagnostic_test,v2_ensemble,Beginner3_Drive_011,Beginner3,drive,drive,0.5521045923233032,True,0.5521045923233032,0.017466844990849495,0.43042856454849243
diagnostic_test,v2_ensemble,Beginner3_Drive_012,Beginner3,drive,drive,0.9625359773635864,True,0.9625359773635864,0.001652001403272152,0.03581209108233452
diagnostic_test,v2_ensemble,Beginner3_Drive_013,Beginner3,drive,drive,0.7389575839042664,True,0.7389575839042664,0.0067139663733541965,0.2543284296989441
diagnostic_test,v2_ensemble,Beginner3_Drive_014,Beginner3,drive,drive,0.9617797136306763,True,0.9617797136306763,0.0012998383026570082,0.0369204506278038
diagnostic_test,v2_ensemble,Beginner3_Drive_015,Beginner3,drive,drive,0.9488773345947266,True,0.9488773345947266,0.0014371221186593175,0.049685511738061905
diagnostic_test,v2_ensemble,Beginner3_Drive_016,Beginner3,drive,drive,0.9435890316963196,True,0.9435890316963196,0.0033780753146857023,0.053032852709293365
diagnostic_test,v2_ensemble,Beginner3_Drive_017,Beginner3,drive,topspin,0.5078444480895996,True,0.4858756959438324,0.006279895547777414,0.5078444480895996
diagnostic_test,v2_ensemble,Beginner3_Drive_018,Beginner3,drive,drive,0.8884897232055664,True,0.8884897232055664,0.0008206668426282704,0.11068958044052124
diagnostic_test,v2_ensemble,Beginner3_Drive_019,Beginner3,drive,unavailable,,False,0.9846148490905762,0.0017715117428451777,0.013613611459732056
diagnostic_test,v2_ensemble,Beginner3_Drive_020,Beginner3,drive,drive,0.8958958387374878,True,0.8958958387374878,0.006466039922088385,0.09763814508914948
diagnostic_test,v2_ensemble,Beginner3_Drive_021,Beginner3,drive,drive,0.9352694749832153,True,0.9352694749832153,0.002810788806527853,0.06191977858543396
diagnostic_test,v2_ensemble,Beginner3_Drive_022,Beginner3,drive,topspin,0.579455554485321,True,0.21073441207408905,0.20980998873710632,0.579455554485321
diagnostic_test,v2_ensemble,Beginner3_Drive_023,Beginner3,drive,drive,0.843625545501709,True,0.843625545501709,0.001343235489912331,0.15503129363059998
diagnostic_test,v2_ensemble,Beginner3_Drive_024,Beginner3,drive,drive,0.9718487858772278,True,0.9718487858772278,0.0015614907024428248,0.026589730754494667
diagnostic_test,v2_ensemble,Beginner3_Drive_025,Beginner3,drive,drive,0.8382502794265747,True,0.8382502794265747,0.0014368488918989897,0.16031290590763092
diagnostic_test,v2_ensemble,Beginner3_Drive_026,Beginner3,drive,topspin,0.7143012881278992,True,0.06583541631698608,0.21986332535743713,0.7143012881278992
diagnostic_test,v2_ensemble,Beginner3_Drive_027,Beginner3,drive,drive,0.7605802416801453,True,0.7605802416801453,0.0012564926873892546,0.23816326260566711
diagnostic_test,v2_ensemble,Beginner3_Drive_028,Beginner3,drive,drive,0.9623430967330933,True,0.9623430967330933,0.0018402518471702933,0.035816680639982224
diagnostic_test,v2_ensemble,Beginner3_Drive_029,Beginner3,drive,drive,0.9245989918708801,True,0.9245989918708801,0.0015054045943543315,0.07389568537473679
diagnostic_test,v2_ensemble,Beginner3_Drive_030,Beginner3,drive,drive,0.8685442209243774,True,0.8685442209243774,0.003237056313082576,0.12821872532367706
diagnostic_test,v2_ensemble,Beginner3_Drive_031,Beginner3,drive,drive,0.6872237920761108,True,0.6872237920761108,0.003986917436122894,0.30878931283950806
diagnostic_test,v2_ensemble,Beginner3_Lob_001,Beginner3,lob,drive,0.8645572662353516,True,0.8645572662353516,0.0034999162890017033,0.1319427639245987
diagnostic_test,v2_ensemble,Beginner3_Lob_002,Beginner3,lob,drive,0.9833387136459351,True,0.9833387136459351,0.0015009224880486727,0.0151603315025568
diagnostic_test,v2_ensemble,Beginner3_Lob_003,Beginner3,lob,drive,0.8937618136405945,True,0.8937618136405945,0.005987896583974361,0.10025026649236679
diagnostic_test,v2_ensemble,Beginner3_Lob_004,Beginner3,lob,topspin,0.6061381697654724,True,0.39232662320137024,0.0015351764159277081,0.6061381697654724
diagnostic_test,v2_ensemble,Beginner3_Lob_005,Beginner3,lob,drive,0.7095456123352051,True,0.7095456123352051,0.0073204925283789635,0.28313392400741577
diagnostic_test,v2_ensemble,Beginner3_Lob_006,Beginner3,lob,drive,0.8733921051025391,True,0.8733921051025391,0.006388866808265448,0.12021901458501816
diagnostic_test,v2_ensemble,Beginner3_Lob_007,Beginner3,lob,drive,0.7637150287628174,True,0.7637150287628174,0.003588911145925522,0.2326960265636444
diagnostic_test,v2_ensemble,Beginner3_Lob_008,Beginner3,lob,drive,0.7883402109146118,True,0.7883402109146118,0.004078534431755543,0.2075812816619873
diagnostic_test,v2_ensemble,Beginner3_Lob_009,Beginner3,lob,drive,0.7367557287216187,True,0.7367557287216187,0.00468274112790823,0.25856155157089233
diagnostic_test,v2_ensemble,Beginner3_Lob_010,Beginner3,lob,drive,0.9638556241989136,True,0.9638556241989136,0.002334669465199113,0.03380966559052467
diagnostic_test,v2_ensemble,Beginner3_Lob_011,Beginner3,lob,drive,0.9828686714172363,True,0.9828686714172363,0.0017584769520908594,0.015372770838439465
diagnostic_test,v2_ensemble,Beginner3_Lob_012,Beginner3,lob,drive,0.8680572509765625,True,0.8680572509765625,0.0027060615830123425,0.12923665344715118
diagnostic_test,v2_ensemble,Beginner3_Lob_013,Beginner3,lob,drive,0.9568153619766235,True,0.9568153619766235,0.005520288832485676,0.037664394825696945
diagnostic_test,v2_ensemble,Beginner3_Lob_014,Beginner3,lob,drive,0.9373812675476074,True,0.9373812675476074,0.0029322896152734756,0.05968649312853813
diagnostic_test,v2_ensemble,Beginner3_Lob_015,Beginner3,lob,drive,0.9033471345901489,True,0.9033471345901489,0.004081039689481258,0.09257181733846664
diagnostic_test,v2_ensemble,Beginner3_Lob_016,Beginner3,lob,drive,0.779693067073822,True,0.779693067073822,0.004113485105335712,0.21619343757629395
diagnostic_test,v2_ensemble,Beginner3_Lob_017,Beginner3,lob,drive,0.8871650695800781,True,0.8871650695800781,0.007250343915075064,0.10558450222015381
diagnostic_test,v2_ensemble,Beginner3_Lob_018,Beginner3,lob,drive,0.8003636598587036,True,0.8003636598587036,0.004459239076822996,0.1951771229505539
diagnostic_test,v2_ensemble,Beginner3_Lob_019,Beginner3,lob,drive,0.5342364311218262,True,0.5342364311218262,0.01252974383533001,0.4532338082790375
diagnostic_test,v2_ensemble,Beginner3_Lob_020,Beginner3,lob,drive,0.8268964886665344,True,0.8268964886665344,0.004582802765071392,0.16852062940597534
diagnostic_test,v2_ensemble,Beginner3_Lob_021,Beginner3,lob,drive,0.8542830348014832,True,0.8542830348014832,0.0050234016962349415,0.14069361984729767
diagnostic_test,v2_ensemble,Beginner3_Lob_022,Beginner3,lob,drive,0.6207606196403503,True,0.6207606196403503,0.0013209859607741237,0.3779183626174927
diagnostic_test,v2_ensemble,Beginner3_Lob_023,Beginner3,lob,drive,0.7371113300323486,True,0.7371113300323486,0.00738591980189085,0.25550276041030884
diagnostic_test,v2_ensemble,Beginner3_Lob_024,Beginner3,lob,drive,0.7562494874000549,True,0.7562494874000549,0.004441341385245323,0.23930911719799042
diagnostic_test,v2_ensemble,Beginner3_Lob_025,Beginner3,lob,drive,0.9159889221191406,True,0.9159889221191406,0.005442050285637379,0.07856907695531845
diagnostic_test,v2_ensemble,Beginner3_Lob_026,Beginner3,lob,drive,0.752111554145813,True,0.752111554145813,0.0046771010383963585,0.2432112693786621
diagnostic_test,v2_ensemble,Beginner3_Lob_027,Beginner3,lob,topspin,0.5110264420509338,True,0.4868167042732239,0.0021569121163338423,0.5110264420509338
diagnostic_test,v2_ensemble,Beginner3_Lob_028,Beginner3,lob,drive,0.8680679202079773,True,0.8680679202079773,0.005968647543340921,0.12596344947814941
diagnostic_test,v2_ensemble,Beginner3_Topsin_001,Beginner3,topspin,drive,0.7999858856201172,True,0.7999858856201172,0.0008966521127149463,0.19911743700504303
diagnostic_test,v2_ensemble,Beginner3_Topsin_002,Beginner3,topspin,drive,0.8643897175788879,True,0.8643897175788879,0.005906353238970041,0.12970390915870667
diagnostic_test,v2_ensemble,Beginner3_Topsin_003,Beginner3,topspin,drive,0.8025538325309753,True,0.8025538325309753,0.0008450321038253605,0.19660110771656036
diagnostic_test,v2_ensemble,Beginner3_Topsin_004,Beginner3,topspin,drive,0.7321580052375793,True,0.7321580052375793,0.0011090310290455818,0.26673296093940735
diagnostic_test,v2_ensemble,Beginner3_Topsin_005,Beginner3,topspin,drive,0.8913094401359558,True,0.8913094401359558,0.0019160814117640257,0.1067744642496109
diagnostic_test,v2_ensemble,Beginner3_Topsin_006,Beginner3,topspin,drive,0.8404248952865601,True,0.8404248952865601,0.00214558863081038,0.157429501414299
diagnostic_test,v2_ensemble,Beginner3_Topsin_007,Beginner3,topspin,topspin,0.6736104488372803,True,0.3242030739784241,0.0021864473819732666,0.6736104488372803
diagnostic_test,v2_ensemble,Beginner3_Topsin_008,Beginner3,topspin,drive,0.9786885976791382,True,0.9786885976791382,0.0011754396837204695,0.020135914906859398
diagnostic_test,v2_ensemble,Beginner3_Topsin_009,Beginner3,topspin,drive,0.9349644780158997,True,0.9349644780158997,0.0011381767690181732,0.06389732658863068
diagnostic_test,v2_ensemble,Beginner3_Topsin_010,Beginner3,topspin,drive,0.8505560159683228,True,0.8505560159683228,0.0019156744237989187,0.147528275847435
diagnostic_test,v2_ensemble,Beginner3_Topsin_011,Beginner3,topspin,topspin,0.5303806066513062,True,0.4664868414402008,0.003132570069283247,0.5303806066513062
diagnostic_test,v2_ensemble,Beginner3_Topsin_012,Beginner3,topspin,topspin,0.7800840139389038,True,0.205623596906662,0.01429237425327301,0.7800840139389038
diagnostic_test,v2_ensemble,Beginner3_Topsin_013,Beginner3,topspin,drive,0.9076317548751831,True,0.9076317548751831,0.0008914066711440682,0.09147680550813675
diagnostic_test,v2_ensemble,Beginner3_Topsin_014,Beginner3,topspin,drive,0.8907831907272339,True,0.8907831907272339,0.002682199003174901,0.10653456300497055
diagnostic_test,v2_ensemble,Beginner3_Topsin_015,Beginner3,topspin,drive,0.7686804533004761,True,0.7686804533004761,0.0032814457081258297,0.22803810238838196
diagnostic_test,v2_ensemble,Beginner3_Topsin_016,Beginner3,topspin,topspin,0.7789365649223328,True,0.21597304940223694,0.005090387538075447,0.7789365649223328
diagnostic_test,v2_ensemble,Beginner3_Topsin_017,Beginner3,topspin,topspin,0.8453754186630249,True,0.15007910132408142,0.004545436706393957,0.8453754186630249
diagnostic_test,v2_ensemble,Beginner3_Topsin_018,Beginner3,topspin,drive,0.960326075553894,True,0.960326075553894,0.0023690424859523773,0.03730491176247597
diagnostic_test,v2_ensemble,Beginner3_Topsin_019,Beginner3,topspin,topspin,0.5815374255180359,True,0.4122057855129242,0.006256752647459507,0.5815374255180359
diagnostic_test,v2_ensemble,Beginner3_Topsin_020,Beginner3,topspin,topspin,0.5651509165763855,True,0.2753514051437378,0.15949773788452148,0.5651509165763855
diagnostic_test,v2_ensemble,Beginner3_Topsin_021,Beginner3,topspin,topspin,0.7690690755844116,True,0.22667650878429413,0.004254382103681564,0.7690690755844116
diagnostic_test,v2_ensemble,Beginner3_Topsin_022,Beginner3,topspin,topspin,0.7312459945678711,True,0.2622779607772827,0.006476042326539755,0.7312459945678711
diagnostic_test,v2_ensemble,Beginner3_Topsin_023,Beginner3,topspin,topspin,0.5820214748382568,True,0.414996474981308,0.0029820657800883055,0.5820214748382568
diagnostic_test,v2_ensemble,Beginner3_Topsin_024,Beginner3,topspin,topspin,0.662154495716095,True,0.32931089401245117,0.00853465311229229,0.662154495716095
diagnostic_test,v2_ensemble,Beginner3_Topsin_025,Beginner3,topspin,topspin,0.7363532185554504,True,0.26087814569473267,0.0027686802204698324,0.7363532185554504
diagnostic_test,v2_ensemble,Beginner3_Topsin_026,Beginner3,topspin,drive,0.5125317573547363,True,0.5125317573547363,0.1883704960346222,0.2990977168083191
diagnostic_test,v2_ensemble,Nested Sequence 341,Beginner4,drive,topspin,0.5286238789558411,True,0.469099760055542,0.002276327461004257,0.5286238789558411
diagnostic_test,v2_ensemble,Nested Sequence 342,Beginner4,drive,topspin,0.6899780035018921,True,0.3072480857372284,0.0027739969082176685,0.6899780035018921
diagnostic_test,v2_ensemble,Nested Sequence 343,Beginner4,drive,drive,0.49891552329063416,True,0.49891552329063416,0.003474756609648466,0.4976097047328949
diagnostic_test,v2_ensemble,Nested Sequence 344,Beginner4,drive,drive,0.9203125834465027,True,0.9203125834465027,0.0020886033307760954,0.07759873569011688
diagnostic_test,v2_ensemble,Nested Sequence 345,Beginner4,drive,drive,0.5883389711380005,True,0.5883389711380005,0.007414485327899456,0.4042465090751648
diagnostic_test,v2_ensemble,Nested Sequence 346,Beginner4,drive,topspin,0.5481167435646057,True,0.44872355461120605,0.003159698797389865,0.5481167435646057
diagnostic_test,v2_ensemble,Nested Sequence 347,Beginner4,drive,drive,0.8972131609916687,True,0.8972131609916687,0.0020748297683894634,0.10071198642253876
diagnostic_test,v2_ensemble,Nested Sequence 348,Beginner4,drive,drive,0.9736167788505554,True,0.9736167788505554,0.0016529310960322618,0.02473037876188755
diagnostic_test,v2_ensemble,Nested Sequence 349,Beginner4,drive,drive,0.8860166668891907,True,0.8860166668891907,0.0036963485181331635,0.11028701066970825
diagnostic_test,v2_ensemble,Nested Sequence 350,Beginner4,drive,drive,0.6002025604248047,True,0.6002025604248047,0.006861385889351368,0.39293596148490906
diagnostic_test,v2_ensemble,Nested Sequence 351,Beginner4,drive,drive,0.9663563966751099,True,0.9663563966751099,0.0012398831313475966,0.032403796911239624
diagnostic_test,v2_ensemble,Nested Sequence 352,Beginner4,drive,drive,0.9511691927909851,True,0.9511691927909851,0.0011678833980113268,0.04766295850276947
diagnostic_test,v2_ensemble,Nested Sequence 353,Beginner4,drive,drive,0.686625599861145,True,0.686625599861145,0.0024957198183983564,0.3108786642551422
diagnostic_test,v2_ensemble,Nested Sequence 354,Beginner4,drive,drive,0.8718416094779968,True,0.8718416094779968,0.0016735236858949065,0.12648490071296692
diagnostic_test,v2_ensemble,Nested Sequence 355,Beginner4,drive,drive,0.7380334138870239,True,0.7380334138870239,0.0025819020811468363,0.2593846917152405
diagnostic_test,v2_ensemble,Nested Sequence 356,Beginner4,drive,drive,0.6421328783035278,True,0.6421328783035278,0.0024225967936217785,0.3554444909095764
diagnostic_test,v2_ensemble,Nested Sequence 357,Beginner4,drive,drive,0.8581565618515015,True,0.8581565618515015,0.0026660035364329815,0.13917748630046844
diagnostic_test,v2_ensemble,Nested Sequence 358,Beginner4,drive,drive,0.7375982999801636,True,0.7375982999801636,0.0029119127430021763,0.2594898045063019
diagnostic_test,v2_ensemble,Nested Sequence 359,Beginner4,drive,drive,0.9687143564224243,True,0.9687143564224243,0.000961029902100563,0.03032461740076542
diagnostic_test,v2_ensemble,Nested Sequence 360,Beginner4,drive,drive,0.9580420255661011,True,0.9580420255661011,0.0011138573754578829,0.04084407538175583
diagnostic_test,v2_ensemble,Nested Sequence 361,Beginner4,drive,drive,0.8873026967048645,True,0.8873026967048645,0.00244932621717453,0.11024799197912216
diagnostic_test,v2_ensemble,Nested Sequence 362,Beginner4,drive,drive,0.9064580798149109,True,0.9064580798149109,0.002313676755875349,0.09122820198535919
diagnostic_test,v2_ensemble,Nested Sequence 363,Beginner4,drive,drive,0.7608403563499451,True,0.7608403563499451,0.004436918999999762,0.23472265899181366
diagnostic_test,v2_ensemble,Nested Sequence 364,Beginner4,drive,topspin,0.5276170969009399,True,0.46767187118530273,0.0047110323794186115,0.5276170969009399
diagnostic_test,v2_ensemble,Nested Sequence 365,Beginner4,drive,drive,0.9075275659561157,True,0.9075275659561157,0.0013351874658837914,0.09113730490207672
diagnostic_test,v2_ensemble,Nested Sequence 366,Beginner4,drive,drive,0.8713904619216919,True,0.8713904619216919,0.0017942346166819334,0.12681534886360168
diagnostic_test,v2_ensemble,Nested Sequence 367,Beginner4,drive,drive,0.8792465925216675,True,0.8792465925216675,0.001490310998633504,0.11926305294036865
diagnostic_test,v2_ensemble,Nested Sequence 368,Beginner4,drive,drive,0.8011999130249023,True,0.8011999130249023,0.002769014099612832,0.19603103399276733
diagnostic_test,v2_ensemble,Nested Sequence 369,Beginner4,drive,drive,0.9217169880867004,True,0.9217169880867004,0.003467848524451256,0.07481508702039719
diagnostic_test,v2_ensemble,Nested Sequence 370,Beginner4,drive,drive,0.9222103953361511,True,0.9222103953361511,0.00166302768047899,0.07612662017345428
diagnostic_test,v2_ensemble,Nested Sequence 311,Beginner4,lob,lob,0.74863201379776,True,0.10351796448230743,0.74863201379776,0.1478499472141266
diagnostic_test,v2_ensemble,Nested Sequence 312,Beginner4,lob,topspin,0.8018046617507935,True,0.027085382491350174,0.1711098998785019,0.8018046617507935
diagnostic_test,v2_ensemble,Nested Sequence 313,Beginner4,lob,topspin,0.641166627407074,True,0.28615880012512207,0.07267452776432037,0.641166627407074
diagnostic_test,v2_ensemble,Nested Sequence 314,Beginner4,lob,lob,0.5888757705688477,True,0.20834505558013916,0.5888757705688477,0.20277920365333557
diagnostic_test,v2_ensemble,Nested Sequence 315,Beginner4,lob,topspin,0.761252760887146,True,0.22077977657318115,0.017967499792575836,0.761252760887146
diagnostic_test,v2_ensemble,Nested Sequence 316,Beginner4,lob,lob,0.46643152832984924,True,0.2601321041584015,0.46643152832984924,0.27343642711639404
diagnostic_test,v2_ensemble,Nested Sequence 317,Beginner4,lob,lob,0.6601790189743042,True,0.2860749363899231,0.6601790189743042,0.05374600738286972
diagnostic_test,v2_ensemble,Nested Sequence 318,Beginner4,lob,lob,0.6282243728637695,True,0.18717381358146667,0.6282243728637695,0.184601828455925
diagnostic_test,v2_ensemble,Nested Sequence 319,Beginner4,lob,topspin,0.536252498626709,True,0.13226830959320068,0.3314792215824127,0.536252498626709
diagnostic_test,v2_ensemble,Nested Sequence 320,Beginner4,lob,lob,0.5675403475761414,True,0.24958288669586182,0.5675403475761414,0.1828767955303192
diagnostic_test,v2_ensemble,Nested Sequence 321,Beginner4,lob,lob,0.6094877123832703,True,0.22857248783111572,0.6094877123832703,0.16193978488445282
diagnostic_test,v2_ensemble,Nested Sequence 322,Beginner4,lob,topspin,0.6533240079879761,True,0.09547032415866852,0.2512056529521942,0.6533240079879761
diagnostic_test,v2_ensemble,Nested Sequence 323,Beginner4,lob,lob,0.6469520330429077,True,0.17272832989692688,0.6469520330429077,0.1803196519613266
diagnostic_test,v2_ensemble,Nested Sequence 324,Beginner4,lob,lob,0.5722817182540894,True,0.20882932841777802,0.5722817182540894,0.21888892352581024
diagnostic_test,v2_ensemble,Nested Sequence 325,Beginner4,lob,lob,0.6160249710083008,True,0.022753402590751648,0.6160249710083008,0.36122164130210876
diagnostic_test,v2_ensemble,Nested Sequence 326,Beginner4,lob,topspin,0.5585418939590454,True,0.23948422074317932,0.20197387039661407,0.5585418939590454
diagnostic_test,v2_ensemble,Nested Sequence 327,Beginner4,lob,drive,0.886097252368927,True,0.886097252368927,0.028784146532416344,0.0851186141371727
diagnostic_test,v2_ensemble,Nested Sequence 328,Beginner4,lob,drive,0.7457407116889954,True,0.7457407116889954,0.007521836552768946,0.2467375099658966
diagnostic_test,v2_ensemble,Nested Sequence 329,Beginner4,lob,lob,0.41782039403915405,True,0.2084430456161499,0.41782039403915405,0.3737366199493408
diagnostic_test,v2_ensemble,Nested Sequence 330,Beginner4,lob,lob,0.7107737064361572,True,0.20221146941184998,0.7107737064361572,0.08701477199792862
diagnostic_test,v2_ensemble,Nested Sequence 331,Beginner4,lob,topspin,0.6435254216194153,True,0.15102137625217438,0.20545323193073273,0.6435254216194153
diagnostic_test,v2_ensemble,Nested Sequence 332,Beginner4,lob,drive,0.5606933236122131,True,0.5606933236122131,0.1719987839460373,0.2673078775405884
diagnostic_test,v2_ensemble,Nested Sequence 333,Beginner4,lob,drive,0.9398165941238403,True,0.9398165941238403,0.0013013060670346022,0.05888216570019722
diagnostic_test,v2_ensemble,Nested Sequence 334,Beginner4,lob,drive,0.6489139795303345,True,0.6489139795303345,0.005765558686107397,0.345320463180542
diagnostic_test,v2_ensemble,Nested Sequence 335,Beginner4,lob,lob,0.7375596761703491,True,0.19423958659172058,0.7375596761703491,0.06820069998502731
diagnostic_test,v2_ensemble,Nested Sequence 336,Beginner4,lob,drive,0.4747394025325775,True,0.4747394025325775,0.16527268290519714,0.35998791456222534
diagnostic_test,v2_ensemble,Nested Sequence 337,Beginner4,lob,drive,0.7872931361198425,True,0.7872931361198425,0.00211768364533782,0.21058917045593262
diagnostic_test,v2_ensemble,Nested Sequence 338,Beginner4,lob,drive,0.9888923764228821,True,0.9888923764228821,0.0009670068393461406,0.010140607133507729
diagnostic_test,v2_ensemble,Nested Sequence 339,Beginner4,lob,drive,0.9192550778388977,True,0.9192550778388977,0.0031555709429085255,0.07758940756320953
diagnostic_test,v2_ensemble,Nested Sequence 340,Beginner4,lob,drive,0.7503722310066223,True,0.7503722310066223,0.004557454027235508,0.24507026374340057
diagnostic_test,v2_ensemble,Nested Sequence 371,Beginner4,topspin,topspin,0.7914365530014038,True,0.20691141486167908,0.0016519969794899225,0.7914365530014038
diagnostic_test,v2_ensemble,Nested Sequence 372,Beginner4,topspin,topspin,0.6747199296951294,True,0.3202260434627533,0.00505402497947216,0.6747199296951294
diagnostic_test,v2_ensemble,Nested Sequence 373,Beginner4,topspin,drive,0.9858991503715515,True,0.9858991503715515,0.0011526693124324083,0.012948150746524334
diagnostic_test,v2_ensemble,Nested Sequence 374,Beginner4,topspin,drive,0.9596269726753235,True,0.9596269726753235,0.000985018559731543,0.03938806802034378
diagnostic_test,v2_ensemble,Nested Sequence 375,Beginner4,topspin,drive,0.9850082397460938,True,0.9850082397460938,0.00085417804075405,0.014137610793113708
diagnostic_test,v2_ensemble,Nested Sequence 376,Beginner4,topspin,drive,0.9765249490737915,True,0.9765249490737915,0.0012084031477570534,0.02226671203970909
diagnostic_test,v2_ensemble,Nested Sequence 377,Beginner4,topspin,topspin,0.6545652151107788,True,0.34169289469718933,0.0037419013679027557,0.6545652151107788
diagnostic_test,v2_ensemble,Nested Sequence 378,Beginner4,topspin,drive,0.9178986549377441,True,0.9178986549377441,0.0024287367705255747,0.07967258989810944
diagnostic_test,v2_ensemble,Nested Sequence 379,Beginner4,topspin,drive,0.6978135704994202,True,0.6978135704994202,0.0026960100512951612,0.29949039220809937
diagnostic_test,v2_ensemble,Nested Sequence 380,Beginner4,topspin,topspin,0.5711617469787598,True,0.4261040687561035,0.002734213601797819,0.5711617469787598
diagnostic_test,v2_ensemble,Nested Sequence 381,Beginner4,topspin,drive,0.978826642036438,True,0.978826642036438,0.0016411517281085253,0.019532250240445137
diagnostic_test,v2_ensemble,Nested Sequence 382,Beginner4,topspin,drive,0.9687440991401672,True,0.9687440991401672,0.0023350080009549856,0.028920898213982582
diagnostic_test,v2_ensemble,Nested Sequence 383,Beginner4,topspin,drive,0.5378928184509277,True,0.5378928184509277,0.004137823358178139,0.4579693675041199
diagnostic_test,v2_ensemble,Nested Sequence 384,Beginner4,topspin,drive,0.5040864944458008,True,0.5040864944458008,0.003975017927587032,0.4919385015964508
diagnostic_test,v2_ensemble,Nested Sequence 385,Beginner4,topspin,drive,0.9681893587112427,True,0.9681893587112427,0.002078740857541561,0.02973189391195774
diagnostic_test,v2_ensemble,Nested Sequence 386,Beginner4,topspin,drive,0.6654875874519348,True,0.6654875874519348,0.004734648857265711,0.3297777473926544
diagnostic_test,v2_ensemble,Nested Sequence 387,Beginner4,topspin,drive,0.9806979298591614,True,0.9806979298591614,0.0011761283967643976,0.018125977367162704
diagnostic_test,v2_ensemble,Nested Sequence 388,Beginner4,topspin,drive,0.6833134889602661,True,0.6833134889602661,0.004239587113261223,0.3124469518661499
diagnostic_test,v2_ensemble,Nested Sequence 389,Beginner4,topspin,drive,0.5827020406723022,True,0.5827020406723022,0.003692897502332926,0.41360506415367126
diagnostic_test,v2_ensemble,Nested Sequence 390,Beginner4,topspin,drive,0.6440016031265259,True,0.6440016031265259,0.005154152866452932,0.35084426403045654
diagnostic_test,v2_ensemble,Nested Sequence 391,Beginner4,topspin,topspin,0.5628775358200073,True,0.4345017969608307,0.0026206630282104015,0.5628775358200073
diagnostic_test,v2_ensemble,Nested Sequence 392,Beginner4,topspin,drive,0.9596482515335083,True,0.9596482515335083,0.0010584562551230192,0.039293285459280014
diagnostic_test,v2_ensemble,Nested Sequence 393,Beginner4,topspin,drive,0.5431176424026489,True,0.5431176424026489,0.005602614488452673,0.45127972960472107
diagnostic_test,v2_ensemble,Nested Sequence 394,Beginner4,topspin,drive,0.882599949836731,True,0.882599949836731,0.004581337329000235,0.11281869560480118
diagnostic_test,v2_ensemble,Nested Sequence 395,Beginner4,topspin,drive,0.6038804054260254,True,0.6038804054260254,0.00346921244636178,0.3926503658294678
diagnostic_test,v2_ensemble,Nested Sequence 396,Beginner4,topspin,drive,0.9706413149833679,True,0.9706413149833679,0.002460072748363018,0.02689865604043007
diagnostic_test,v2_ensemble,Nested Sequence 397,Beginner4,topspin,drive,0.8778106570243835,True,0.8778106570243835,0.008528169244527817,0.11366120725870132
diagnostic_test,v2_ensemble,Nested Sequence 398,Beginner4,topspin,drive,0.9590045809745789,True,0.9590045809745789,0.0028999019414186478,0.038095489144325256
diagnostic_test,v2_ensemble,Nested Sequence 399,Beginner4,topspin,drive,0.6030266880989075,True,0.6030266880989075,0.0075917430222034454,0.3893815279006958
diagnostic_test,v2_ensemble,Nested Sequence 400,Beginner4,topspin,topspin,0.8304006457328796,True,0.16640043258666992,0.003198819700628519,0.8304006457328796
diagnostic_test,v2_single,Beginner3_Drive_001,Beginner3,drive,topspin,0.9626511931419373,True,0.03682386502623558,0.0005248901434242725,0.9626511931419373
diagnostic_test,v2_single,Beginner3_Drive_002,Beginner3,drive,topspin,0.9615302085876465,True,0.03804453834891319,0.00042524628224782646,0.9615302085876465
diagnostic_test,v2_single,Beginner3_Drive_003,Beginner3,drive,topspin,0.8482765555381775,True,0.1512611210346222,0.0004622410633601248,0.8482765555381775
diagnostic_test,v2_single,Beginner3_Drive_004,Beginner3,drive,topspin,0.8348013162612915,True,0.16464905440807343,0.0005496410885825753,0.8348013162612915
diagnostic_test,v2_single,Beginner3_Drive_005,Beginner3,drive,topspin,0.8688559532165527,True,0.13074858486652374,0.00039548511267639697,0.8688559532165527
diagnostic_test,v2_single,Beginner3_Drive_006,Beginner3,drive,topspin,0.9217785596847534,True,0.07732360810041428,0.0008978740661405027,0.9217785596847534
diagnostic_test,v2_single,Beginner3_Drive_007,Beginner3,drive,topspin,0.9396243095397949,True,0.05969330668449402,0.0006824139272794127,0.9396243095397949
diagnostic_test,v2_single,Beginner3_Drive_008,Beginner3,drive,topspin,0.9810036420822144,True,0.018549395725131035,0.00044697639532387257,0.9810036420822144
diagnostic_test,v2_single,Beginner3_Drive_009,Beginner3,drive,topspin,0.9462043642997742,True,0.0533553771674633,0.00044019962660968304,0.9462043642997742
diagnostic_test,v2_single,Beginner3_Drive_010,Beginner3,drive,topspin,0.9550910592079163,True,0.044192634522914886,0.0007162407273426652,0.9550910592079163
diagnostic_test,v2_single,Beginner3_Drive_011,Beginner3,drive,topspin,0.8305920958518982,True,0.16886599361896515,0.0005419119261205196,0.8305920958518982
diagnostic_test,v2_single,Beginner3_Drive_012,Beginner3,drive,topspin,0.9213410019874573,True,0.07755514234304428,0.0011037817457690835,0.9213410019874573
diagnostic_test,v2_single,Beginner3_Drive_013,Beginner3,drive,topspin,0.9745857119560242,True,0.023846164345741272,0.0015682117082178593,0.9745857119560242
diagnostic_test,v2_single,Beginner3_Drive_014,Beginner3,drive,topspin,0.8976370096206665,True,0.10161156207323074,0.000751374289393425,0.8976370096206665
diagnostic_test,v2_single,Beginner3_Drive_015,Beginner3,drive,topspin,0.9527320861816406,True,0.04650210589170456,0.0007658757385797799,0.9527320861816406
diagnostic_test,v2_single,Beginner3_Drive_016,Beginner3,drive,topspin,0.9740703105926514,True,0.02492540143430233,0.0010042489739134908,0.9740703105926514
diagnostic_test,v2_single,Beginner3_Drive_017,Beginner3,drive,topspin,0.9971741437911987,True,0.001988317584618926,0.0008376016048714519,0.9971741437911987
diagnostic_test,v2_single,Beginner3_Drive_018,Beginner3,drive,topspin,0.936690092086792,True,0.06284027546644211,0.00046968081733211875,0.936690092086792
diagnostic_test,v2_single,Beginner3_Drive_019,Beginner3,drive,unavailable,,False,0.017247678712010384,0.0019495744490996003,0.9808027744293213
diagnostic_test,v2_single,Beginner3_Drive_020,Beginner3,drive,topspin,0.9391781687736511,True,0.05864247307181358,0.0021794193889945745,0.9391781687736511
diagnostic_test,v2_single,Beginner3_Drive_021,Beginner3,drive,topspin,0.923648476600647,True,0.0748467892408371,0.0015047001652419567,0.923648476600647
diagnostic_test,v2_single,Beginner3_Drive_022,Beginner3,drive,topspin,0.9292804598808289,True,0.06910687685012817,0.0016127140261232853,0.9292804598808289
diagnostic_test,v2_single,Beginner3_Drive_023,Beginner3,drive,topspin,0.9883584976196289,True,0.01116893533617258,0.00047259830171242356,0.9883584976196289
diagnostic_test,v2_single,Beginner3_Drive_024,Beginner3,drive,topspin,0.9529353380203247,True,0.04532504454255104,0.001739613013342023,0.9529353380203247
diagnostic_test,v2_single,Beginner3_Drive_025,Beginner3,drive,topspin,0.9632564187049866,True,0.03581325709819794,0.0009303336846642196,0.9632564187049866
diagnostic_test,v2_single,Beginner3_Drive_026,Beginner3,drive,topspin,0.9799715876579285,True,0.01835591346025467,0.0016724740853533149,0.9799715876579285
diagnostic_test,v2_single,Beginner3_Drive_027,Beginner3,drive,topspin,0.8091022372245789,True,0.19052445888519287,0.00037326154415495694,0.8091022372245789
diagnostic_test,v2_single,Beginner3_Drive_028,Beginner3,drive,topspin,0.9788197875022888,True,0.02029811404645443,0.0008820764487609267,0.9788197875022888
diagnostic_test,v2_single,Beginner3_Drive_029,Beginner3,drive,topspin,0.9560943245887756,True,0.043361008167266846,0.0005446442519314587,0.9560943245887756
diagnostic_test,v2_single,Beginner3_Drive_030,Beginner3,drive,topspin,0.9708103537559509,True,0.02817707136273384,0.001012636348605156,0.9708103537559509
diagnostic_test,v2_single,Beginner3_Drive_031,Beginner3,drive,topspin,0.9934360980987549,True,0.005372826009988785,0.0011911316541954875,0.9934360980987549
diagnostic_test,v2_single,Beginner3_Lob_001,Beginner3,lob,topspin,0.9081467390060425,True,0.09053090959787369,0.0013222867855802178,0.9081467390060425
diagnostic_test,v2_single,Beginner3_Lob_002,Beginner3,lob,topspin,0.8146612048149109,True,0.18337465822696686,0.0019641537219285965,0.8146612048149109
diagnostic_test,v2_single,Beginner3_Lob_003,Beginner3,lob,topspin,0.9448118209838867,True,0.05361567810177803,0.0015725266421213746,0.9448118209838867
diagnostic_test,v2_single,Beginner3_Lob_004,Beginner3,lob,topspin,0.9916967153549194,True,0.007842258550226688,0.0004611006297636777,0.9916967153549194
diagnostic_test,v2_single,Beginner3_Lob_005,Beginner3,lob,topspin,0.7381962537765503,True,0.25981345772743225,0.001990251475945115,0.7381962537765503
diagnostic_test,v2_single,Beginner3_Lob_006,Beginner3,lob,topspin,0.9403722882270813,True,0.0575098916888237,0.002117855241522193,0.9403722882270813
diagnostic_test,v2_single,Beginner3_Lob_007,Beginner3,lob,topspin,0.8439272046089172,True,0.1544322669506073,0.0016404872294515371,0.8439272046089172
diagnostic_test,v2_single,Beginner3_Lob_008,Beginner3,lob,topspin,0.5022712349891663,True,0.496420294046402,0.0013084341771900654,0.5022712349891663
diagnostic_test,v2_single,Beginner3_Lob_009,Beginner3,lob,topspin,0.9185723066329956,True,0.07960590720176697,0.0018217458855360746,0.9185723066329956
diagnostic_test,v2_single,Beginner3_Lob_010,Beginner3,lob,topspin,0.6203627586364746,True,0.378404825925827,0.0012324103154242039,0.6203627586364746
diagnostic_test,v2_single,Beginner3_Lob_011,Beginner3,lob,topspin,0.965157687664032,True,0.033388927578926086,0.0014533535577356815,0.965157687664032
diagnostic_test,v2_single,Beginner3_Lob_012,Beginner3,lob,topspin,0.9749366044998169,True,0.02298714406788349,0.002076290315017104,0.9749366044998169
diagnostic_test,v2_single,Beginner3_Lob_013,Beginner3,lob,topspin,0.9252257943153381,True,0.07289411872625351,0.001880111638456583,0.9252257943153381
diagnostic_test,v2_single,Beginner3_Lob_014,Beginner3,lob,topspin,0.9834873080253601,True,0.013842178508639336,0.002670468995347619,0.9834873080253601
diagnostic_test,v2_single,Beginner3_Lob_015,Beginner3,lob,topspin,0.9716513156890869,True,0.025860553607344627,0.0024881898425519466,0.9716513156890869
diagnostic_test,v2_single,Beginner3_Lob_016,Beginner3,lob,drive,0.771828830242157,True,0.771828830242157,0.0007621266413480043,0.22740903496742249
diagnostic_test,v2_single,Beginner3_Lob_017,Beginner3,lob,topspin,0.9833673238754272,True,0.013627289794385433,0.0030052894726395607,0.9833673238754272
diagnostic_test,v2_single,Beginner3_Lob_018,Beginner3,lob,topspin,0.9801635146141052,True,0.018798870965838432,0.0010375746060162783,0.9801635146141052
diagnostic_test,v2_single,Beginner3_Lob_019,Beginner3,lob,topspin,0.9887123107910156,True,0.008216030895709991,0.003071674844250083,0.9887123107910156
diagnostic_test,v2_single,Beginner3_Lob_020,Beginner3,lob,topspin,0.9521943926811218,True,0.046181570738554,0.001624008291400969,0.9521943926811218
diagnostic_test,v2_single,Beginner3_Lob_021,Beginner3,lob,topspin,0.8511286377906799,True,0.1468779593706131,0.001993402373045683,0.8511286377906799
diagnostic_test,v2_single,Beginner3_Lob_022,Beginner3,lob,topspin,0.9411911368370056,True,0.058209192007780075,0.0005997147527523339,0.9411911368370056
diagnostic_test,v2_single,Beginner3_Lob_023,Beginner3,lob,topspin,0.978580892086029,True,0.019049091264605522,0.0023700229357928038,0.978580892086029
diagnostic_test,v2_single,Beginner3_Lob_024,Beginner3,lob,topspin,0.6195140480995178,True,0.3790479004383087,0.0014380489010363817,0.6195140480995178
diagnostic_test,v2_single,Beginner3_Lob_025,Beginner3,lob,topspin,0.9716552495956421,True,0.026734549552202225,0.0016101629007607698,0.9716552495956421
diagnostic_test,v2_single,Beginner3_Lob_026,Beginner3,lob,topspin,0.8853811025619507,True,0.11288782954216003,0.0017310039838775992,0.8853811025619507
diagnostic_test,v2_single,Beginner3_Lob_027,Beginner3,lob,topspin,0.9908620119094849,True,0.00843946821987629,0.0006985820946283638,0.9908620119094849
diagnostic_test,v2_single,Beginner3_Lob_028,Beginner3,lob,topspin,0.9021056294441223,True,0.09615271538496017,0.0017417509807273746,0.9021056294441223
diagnostic_test,v2_single,Beginner3_Topsin_001,Beginner3,topspin,topspin,0.9269207715988159,True,0.07262716442346573,0.0004520460788626224,0.9269207715988159
diagnostic_test,v2_single,Beginner3_Topsin_002,Beginner3,topspin,topspin,0.9781973958015442,True,0.01983809471130371,0.0019645134452730417,0.9781973958015442
diagnostic_test,v2_single,Beginner3_Topsin_003,Beginner3,topspin,topspin,0.9202956557273865,True,0.07919780910015106,0.0005064725410193205,0.9202956557273865
diagnostic_test,v2_single,Beginner3_Topsin_004,Beginner3,topspin,topspin,0.9736878275871277,True,0.025973394513130188,0.00033878287649713457,0.9736878275871277
diagnostic_test,v2_single,Beginner3_Topsin_005,Beginner3,topspin,topspin,0.9821572303771973,True,0.017250098288059235,0.0005926634767092764,0.9821572303771973
diagnostic_test,v2_single,Beginner3_Topsin_006,Beginner3,topspin,topspin,0.9874864816665649,True,0.012046493589878082,0.00046701481915079057,0.9874864816665649
diagnostic_test,v2_single,Beginner3_Topsin_007,Beginner3,topspin,topspin,0.9919514656066895,True,0.0076898811385035515,0.00035863969242200255,0.9919514656066895
diagnostic_test,v2_single,Beginner3_Topsin_008,Beginner3,topspin,topspin,0.8321151733398438,True,0.16685202717781067,0.0010328356875106692,0.8321151733398438
diagnostic_test,v2_single,Beginner3_Topsin_009,Beginner3,topspin,topspin,0.8483771085739136,True,0.15089698135852814,0.00072581967106089,0.8483771085739136
diagnostic_test,v2_single,Beginner3_Topsin_010,Beginner3,topspin,topspin,0.8957857489585876,True,0.10302571952342987,0.0011885128915309906,0.8957857489585876
diagnostic_test,v2_single,Beginner3_Topsin_011,Beginner3,topspin,topspin,0.720331609249115,True,0.27907493710517883,0.0005934803048148751,0.720331609249115
diagnostic_test,v2_single,Beginner3_Topsin_012,Beginner3,topspin,topspin,0.9753628373146057,True,0.02207113616168499,0.0025660262908786535,0.9753628373146057
diagnostic_test,v2_single,Beginner3_Topsin_013,Beginner3,topspin,topspin,0.8736255168914795,True,0.12574052810668945,0.0006339261890389025,0.8736255168914795
diagnostic_test,v2_single,Beginner3_Topsin_014,Beginner3,topspin,drive,0.5553445816040039,True,0.5553445816040039,0.0013565364060923457,0.4432988166809082
diagnostic_test,v2_single,Beginner3_Topsin_015,Beginner3,topspin,topspin,0.8497601747512817,True,0.14886929094791412,0.001370560610666871,0.8497601747512817
diagnostic_test,v2_single,Beginner3_Topsin_016,Beginner3,topspin,topspin,0.9557409286499023,True,0.04216410592198372,0.0020949547179043293,0.9557409286499023
diagnostic_test,v2_single,Beginner3_Topsin_017,Beginner3,topspin,topspin,0.9942787885665894,True,0.004821296781301498,0.0008998292614705861,0.9942787885665894
diagnostic_test,v2_single,Beginner3_Topsin_018,Beginner3,topspin,topspin,0.9794100522994995,True,0.017412004992365837,0.0031779564451426268,0.9794100522994995
diagnostic_test,v2_single,Beginner3_Topsin_019,Beginner3,topspin,topspin,0.9806453585624695,True,0.017634963616728783,0.0017196987755596638,0.9806453585624695
diagnostic_test,v2_single,Beginner3_Topsin_020,Beginner3,topspin,topspin,0.9467318058013916,True,0.05157068744301796,0.0016975421458482742,0.9467318058013916
diagnostic_test,v2_single,Beginner3_Topsin_021,Beginner3,topspin,topspin,0.9800575971603394,True,0.019113361835479736,0.0008290298283100128,0.9800575971603394
diagnostic_test,v2_single,Beginner3_Topsin_022,Beginner3,topspin,topspin,0.9925742149353027,True,0.00640980526804924,0.0010158787481486797,0.9925742149353027
diagnostic_test,v2_single,Beginner3_Topsin_023,Beginner3,topspin,topspin,0.9514734745025635,True,0.0470677986741066,0.0014587630284950137,0.9514734745025635
diagnostic_test,v2_single,Beginner3_Topsin_024,Beginner3,topspin,topspin,0.9894790053367615,True,0.007488093338906765,0.0030329017899930477,0.9894790053367615
diagnostic_test,v2_single,Beginner3_Topsin_025,Beginner3,topspin,topspin,0.9780948758125305,True,0.021100778132677078,0.0008043980342335999,0.9780948758125305
diagnostic_test,v2_single,Beginner3_Topsin_026,Beginner3,topspin,topspin,0.9878600239753723,True,0.0069015249609947205,0.005238431040197611,0.9878600239753723
diagnostic_test,v2_single,Nested Sequence 341,Beginner4,drive,topspin,0.5638468861579895,True,0.4355579614639282,0.0005951988277956843,0.5638468861579895
diagnostic_test,v2_single,Nested Sequence 342,Beginner4,drive,topspin,0.8135149478912354,True,0.1855236142873764,0.0009614863665774465,0.8135149478912354
diagnostic_test,v2_single,Nested Sequence 343,Beginner4,drive,topspin,0.9134430885314941,True,0.08517107367515564,0.001385812764056027,0.9134430885314941
diagnostic_test,v2_single,Nested Sequence 344,Beginner4,drive,topspin,0.7072808742523193,True,0.29038217663764954,0.0023369421251118183,0.7072808742523193
diagnostic_test,v2_single,Nested Sequence 345,Beginner4,drive,topspin,0.9657409191131592,True,0.031760599464178085,0.002498441142961383,0.9657409191131592
diagnostic_test,v2_single,Nested Sequence 346,Beginner4,drive,topspin,0.9896053075790405,True,0.009338346309959888,0.0010563601972535253,0.9896053075790405
diagnostic_test,v2_single,Nested Sequence 347,Beginner4,drive,topspin,0.947912335395813,True,0.05080456659197807,0.0012831272324547172,0.947912335395813
diagnostic_test,v2_single,Nested Sequence 348,Beginner4,drive,topspin,0.9397110342979431,True,0.059289950877428055,0.000999053823761642,0.9397110342979431
diagnostic_test,v2_single,Nested Sequence 349,Beginner4,drive,topspin,0.9245293736457825,True,0.07424573600292206,0.0012249478604644537,0.9245293736457825
diagnostic_test,v2_single,Nested Sequence 350,Beginner4,drive,topspin,0.9816460013389587,True,0.016700811684131622,0.001653146930038929,0.9816460013389587
diagnostic_test,v2_single,Nested Sequence 351,Beginner4,drive,topspin,0.8877770304679871,True,0.11093742400407791,0.001285579870454967,0.8877770304679871
diagnostic_test,v2_single,Nested Sequence 352,Beginner4,drive,topspin,0.8578311204910278,True,0.14112506806850433,0.0010438095778226852,0.8578311204910278
diagnostic_test,v2_single,Nested Sequence 353,Beginner4,drive,topspin,0.9499531388282776,True,0.04893680661916733,0.0011099859839305282,0.9499531388282776
diagnostic_test,v2_single,Nested Sequence 354,Beginner4,drive,topspin,0.965057373046875,True,0.03296470642089844,0.0019779447466135025,0.965057373046875
diagnostic_test,v2_single,Nested Sequence 355,Beginner4,drive,topspin,0.9432056546211243,True,0.05457945540547371,0.002214954700320959,0.9432056546211243
diagnostic_test,v2_single,Nested Sequence 356,Beginner4,drive,topspin,0.8237552642822266,True,0.17515817284584045,0.0010866184020414948,0.8237552642822266
diagnostic_test,v2_single,Nested Sequence 357,Beginner4,drive,drive,0.620296061038971,True,0.620296061038971,0.000974235765170306,0.3787297010421753
diagnostic_test,v2_single,Nested Sequence 358,Beginner4,drive,topspin,0.9863798022270203,True,0.012281232513487339,0.0013389314990490675,0.9863798022270203
diagnostic_test,v2_single,Nested Sequence 359,Beginner4,drive,topspin,0.7436164617538452,True,0.25534293055534363,0.0010406041983515024,0.7436164617538452
diagnostic_test,v2_single,Nested Sequence 360,Beginner4,drive,topspin,0.806818962097168,True,0.19191241264343262,0.0012685786932706833,0.806818962097168
diagnostic_test,v2_single,Nested Sequence 361,Beginner4,drive,topspin,0.8613338470458984,True,0.13729634881019592,0.0013697872636839747,0.8613338470458984
diagnostic_test,v2_single,Nested Sequence 362,Beginner4,drive,topspin,0.9643691182136536,True,0.03392208367586136,0.0017088160384446383,0.9643691182136536
diagnostic_test,v2_single,Nested Sequence 363,Beginner4,drive,topspin,0.9488259553909302,True,0.049472808837890625,0.00170125812292099,0.9488259553909302
diagnostic_test,v2_single,Nested Sequence 364,Beginner4,drive,topspin,0.8686989545822144,True,0.12955495715141296,0.0017460318049415946,0.8686989545822144
diagnostic_test,v2_single,Nested Sequence 365,Beginner4,drive,topspin,0.8327938318252563,True,0.16628874838352203,0.0009173901635222137,0.8327938318252563
diagnostic_test,v2_single,Nested Sequence 366,Beginner4,drive,topspin,0.6507430076599121,True,0.34843143820762634,0.0008254685672000051,0.6507430076599121
diagnostic_test,v2_single,Nested Sequence 367,Beginner4,drive,topspin,0.8455775380134583,True,0.15339453518390656,0.0010278456611558795,0.8455775380134583
diagnostic_test,v2_single,Nested Sequence 368,Beginner4,drive,drive,0.5184054970741272,True,0.5184054970741272,0.0007902173092588782,0.48080432415008545
diagnostic_test,v2_single,Nested Sequence 369,Beginner4,drive,topspin,0.9486790299415588,True,0.04924384504556656,0.0020771105773746967,0.9486790299415588
diagnostic_test,v2_single,Nested Sequence 370,Beginner4,drive,topspin,0.8966871500015259,True,0.10210812836885452,0.0012046553893014789,0.8966871500015259
diagnostic_test,v2_single,Nested Sequence 311,Beginner4,lob,lob,0.9935397505760193,True,0.0006659816135652363,0.9935397505760193,0.005794282536953688
diagnostic_test,v2_single,Nested Sequence 312,Beginner4,lob,topspin,0.9138575196266174,True,0.08221980929374695,0.003922653384506702,0.9138575196266174
diagnostic_test,v2_single,Nested Sequence 313,Beginner4,lob,topspin,0.7939919829368591,True,0.017730548977851868,0.1882774978876114,0.7939919829368591
diagnostic_test,v2_single,Nested Sequence 314,Beginner4,lob,drive,0.9775795340538025,True,0.9775795340538025,0.0007921810611151159,0.021628204733133316
diagnostic_test,v2_single,Nested Sequence 315,Beginner4,lob,topspin,0.9785980582237244,True,0.0074998303316533566,0.013902156613767147,0.9785980582237244
diagnostic_test,v2_single,Nested Sequence 316,Beginner4,lob,drive,0.9298689365386963,True,0.9298689365386963,0.0014829157153144479,0.06864813715219498
diagnostic_test,v2_single,Nested Sequence 317,Beginner4,lob,lob,0.9626731872558594,True,0.007113554049283266,0.9626731872558594,0.030213259160518646
diagnostic_test,v2_single,Nested Sequence 318,Beginner4,lob,lob,0.6020538806915283,True,0.002023737644776702,0.6020538806915283,0.39592239260673523
diagnostic_test,v2_single,Nested Sequence 319,Beginner4,lob,topspin,0.9617443084716797,True,0.03605935350060463,0.0021962819155305624,0.9617443084716797
diagnostic_test,v2_single,Nested Sequence 320,Beginner4,lob,drive,0.6429989337921143,True,0.6429989337921143,0.0015233563026413321,0.3554776608943939
diagnostic_test,v2_single,Nested Sequence 321,Beginner4,lob,drive,0.5456281304359436,True,0.5456281304359436,0.0015611605485901237,0.45281070470809937
diagnostic_test,v2_single,Nested Sequence 322,Beginner4,lob,topspin,0.7813178896903992,True,0.2183220088481903,0.0003600392956286669,0.7813178896903992
diagnostic_test,v2_single,Nested Sequence 323,Beginner4,lob,topspin,0.9481611251831055,True,0.012942706234753132,0.03889625146985054,0.9481611251831055
diagnostic_test,v2_single,Nested Sequence 324,Beginner4,lob,topspin,0.8749209046363831,True,0.121812604367733,0.0032664653845131397,0.8749209046363831
diagnostic_test,v2_single,Nested Sequence 325,Beginner4,lob,drive,0.9491642117500305,True,0.9491642117500305,0.000581860076636076,0.050254009664058685
diagnostic_test,v2_single,Nested Sequence 326,Beginner4,lob,topspin,0.7095790505409241,True,0.288877934217453,0.0015430683270096779,0.7095790505409241
diagnostic_test,v2_single,Nested Sequence 327,Beginner4,lob,topspin,0.9886356592178345,True,0.004940682556480169,0.006423634942620993,0.9886356592178345
diagnostic_test,v2_single,Nested Sequence 328,Beginner4,lob,drive,0.7363852262496948,True,0.7363852262496948,0.0005116949323564768,0.2631031274795532
diagnostic_test,v2_single,Nested Sequence 329,Beginner4,lob,drive,0.9555166959762573,True,0.9555166959762573,0.0001790756796253845,0.04430422559380531
diagnostic_test,v2_single,Nested Sequence 330,Beginner4,lob,topspin,0.5226250886917114,True,0.2686977684497833,0.20867711305618286,0.5226250886917114
diagnostic_test,v2_single,Nested Sequence 331,Beginner4,lob,topspin,0.8682142496109009,True,0.1300150752067566,0.0017706434009596705,0.8682142496109009
diagnostic_test,v2_single,Nested Sequence 332,Beginner4,lob,drive,0.6251749992370605,True,0.6251749992370605,0.0009821397252380848,0.3738429546356201
diagnostic_test,v2_single,Nested Sequence 333,Beginner4,lob,topspin,0.8062149882316589,True,0.19242249429225922,0.001362559967674315,0.8062149882316589
diagnostic_test,v2_single,Nested Sequence 334,Beginner4,lob,topspin,0.9902218580245972,True,0.007068317383527756,0.0027098238933831453,0.9902218580245972
diagnostic_test,v2_single,Nested Sequence 335,Beginner4,lob,drive,0.8669613599777222,True,0.8669613599777222,0.00019361362501513213,0.13284501433372498
diagnostic_test,v2_single,Nested Sequence 336,Beginner4,lob,drive,0.9457634687423706,True,0.9457634687423706,0.0002958151453640312,0.05394065007567406
diagnostic_test,v2_single,Nested Sequence 337,Beginner4,lob,drive,0.962259829044342,True,0.962259829044342,0.00015908283239696175,0.03758103400468826
diagnostic_test,v2_single,Nested Sequence 338,Beginner4,lob,drive,0.9852407574653625,True,0.9852407574653625,6.713953189319e-05,0.014691989868879318
diagnostic_test,v2_single,Nested Sequence 339,Beginner4,lob,drive,0.7213738560676575,True,0.7213738560676575,0.0006034474936313927,0.2780226767063141
diagnostic_test,v2_single,Nested Sequence 340,Beginner4,lob,topspin,0.9466289281845093,True,0.05198346823453903,0.0013875896111130714,0.9466289281845093
diagnostic_test,v2_single,Nested Sequence 371,Beginner4,topspin,topspin,0.7283467054367065,True,0.2707121670246124,0.0009410753846168518,0.7283467054367065
diagnostic_test,v2_single,Nested Sequence 372,Beginner4,topspin,topspin,0.9480282664299011,True,0.04933181405067444,0.0026398927439004183,0.9480282664299011
diagnostic_test,v2_single,Nested Sequence 373,Beginner4,topspin,drive,0.567234456539154,True,0.567234456539154,0.000804619281552732,0.43196094036102295
diagnostic_test,v2_single,Nested Sequence 374,Beginner4,topspin,topspin,0.9878165125846863,True,0.010191664099693298,0.0019918230827897787,0.9878165125846863
diagnostic_test,v2_single,Nested Sequence 375,Beginner4,topspin,topspin,0.9876495003700256,True,0.00856813881546259,0.0037823119200766087,0.9876495003700256
diagnostic_test,v2_single,Nested Sequence 376,Beginner4,topspin,topspin,0.8373185396194458,True,0.161500483751297,0.0011809305287897587,0.8373185396194458
diagnostic_test,v2_single,Nested Sequence 377,Beginner4,topspin,topspin,0.9905750751495361,True,0.008983605541288853,0.00044123383122496307,0.9905750751495361
diagnostic_test,v2_single,Nested Sequence 378,Beginner4,topspin,topspin,0.982479453086853,True,0.015019775368273258,0.0025007452350109816,0.982479453086853
diagnostic_test,v2_single,Nested Sequence 379,Beginner4,topspin,topspin,0.9773516058921814,True,0.02159198746085167,0.001056340173818171,0.9773516058921814
diagnostic_test,v2_single,Nested Sequence 380,Beginner4,topspin,topspin,0.9900218844413757,True,0.00928604044020176,0.0006920462474226952,0.9900218844413757
diagnostic_test,v2_single,Nested Sequence 381,Beginner4,topspin,topspin,0.933503270149231,True,0.06531883776187897,0.0011778684565797448,0.933503270149231
diagnostic_test,v2_single,Nested Sequence 382,Beginner4,topspin,topspin,0.8848576545715332,True,0.11403198540210724,0.001110346638597548,0.8848576545715332
diagnostic_test,v2_single,Nested Sequence 383,Beginner4,topspin,topspin,0.9466257095336914,True,0.05205618217587471,0.0013181092217564583,0.9466257095336914
diagnostic_test,v2_single,Nested Sequence 384,Beginner4,topspin,topspin,0.9783825278282166,True,0.02024717815220356,0.0013703270815312862,0.9783825278282166
diagnostic_test,v2_single,Nested Sequence 385,Beginner4,topspin,topspin,0.9126213192939758,True,0.08590524643659592,0.0014734241412952542,0.9126213192939758
diagnostic_test,v2_single,Nested Sequence 386,Beginner4,topspin,topspin,0.988223671913147,True,0.010176834650337696,0.0015994737623259425,0.988223671913147
diagnostic_test,v2_single,Nested Sequence 387,Beginner4,topspin,topspin,0.9383403658866882,True,0.0605102963745594,0.0011493294732645154,0.9383403658866882
diagnostic_test,v2_single,Nested Sequence 388,Beginner4,topspin,topspin,0.9686284065246582,True,0.03018108755350113,0.001190505805425346,0.9686284065246582
diagnostic_test,v2_single,Nested Sequence 389,Beginner4,topspin,topspin,0.9928019046783447,True,0.006035486236214638,0.00116264377720654,0.9928019046783447
diagnostic_test,v2_single,Nested Sequence 390,Beginner4,topspin,topspin,0.9615036845207214,True,0.03714759275317192,0.001348778954707086,0.9615036845207214
diagnostic_test,v2_single,Nested Sequence 391,Beginner4,topspin,topspin,0.9776018857955933,True,0.02141784504055977,0.000980315380729735,0.9776018857955933
diagnostic_test,v2_single,Nested Sequence 392,Beginner4,topspin,topspin,0.5893702507019043,True,0.4094561040401459,0.0011736333835870028,0.5893702507019043
diagnostic_test,v2_single,Nested Sequence 393,Beginner4,topspin,topspin,0.9893226027488708,True,0.008844989351928234,0.0018323749536648393,0.9893226027488708
diagnostic_test,v2_single,Nested Sequence 394,Beginner4,topspin,topspin,0.9852443933486938,True,0.0133259491994977,0.0014297299785539508,0.9852443933486938
diagnostic_test,v2_single,Nested Sequence 395,Beginner4,topspin,topspin,0.9881029725074768,True,0.010748888365924358,0.0011481093242764473,0.9881029725074768
diagnostic_test,v2_single,Nested Sequence 396,Beginner4,topspin,topspin,0.9525004625320435,True,0.04630725085735321,0.0011922770645469427,0.9525004625320435
diagnostic_test,v2_single,Nested Sequence 397,Beginner4,topspin,topspin,0.967699408531189,True,0.030217399820685387,0.0020831150468438864,0.967699408531189
diagnostic_test,v2_single,Nested Sequence 398,Beginner4,topspin,topspin,0.7440022826194763,True,0.2550804018974304,0.0009172288700938225,0.7440022826194763
diagnostic_test,v2_single,Nested Sequence 399,Beginner4,topspin,topspin,0.9790804982185364,True,0.019473103806376457,0.001446499372832477,0.9790804982185364
diagnostic_test,v2_single,Nested Sequence 400,Beginner4,topspin,topspin,0.9705169796943665,True,0.02917759120464325,0.0003054433618672192,0.9705169796943665
diagnostic_test,legacy_desktop_ensemble,Beginner3_Drive_001,Beginner3,drive,topspin,0.819927990436554,True,0.12495042383670807,0.05512166768312454,0.819927990436554
diagnostic_test,legacy_desktop_ensemble,Beginner3_Drive_002,Beginner3,drive,topspin,0.5904089212417603,True,0.28942617774009705,0.12016484886407852,0.5904089212417603
diagnostic_test,legacy_desktop_ensemble,Beginner3_Drive_003,Beginner3,drive,lob,0.539293110370636,True,0.012402060441672802,0.539293110370636,0.44830483198165894
diagnostic_test,legacy_desktop_ensemble,Beginner3_Drive_004,Beginner3,drive,topspin,0.7903145551681519,True,0.04792465642094612,0.16176076233386993,0.7903145551681519
diagnostic_test,legacy_desktop_ensemble,Beginner3_Drive_005,Beginner3,drive,lob,0.861301600933075,True,0.044106073677539825,0.861301600933075,0.09459228813648224
diagnostic_test,legacy_desktop_ensemble,Beginner3_Drive_006,Beginner3,drive,drive,0.47832003235816956,True,0.47832003235816956,0.1765359789133072,0.34514400362968445
diagnostic_test,legacy_desktop_ensemble,Beginner3_Drive_007,Beginner3,drive,topspin,0.501585841178894,True,0.19405338168144226,0.3043607175350189,0.501585841178894
diagnostic_test,legacy_desktop_ensemble,Beginner3_Drive_008,Beginner3,drive,topspin,0.8100741505622864,True,0.1596178561449051,0.030308043584227562,0.8100741505622864
diagnostic_test,legacy_desktop_ensemble,Beginner3_Drive_009,Beginner3,drive,topspin,0.5196766257286072,True,0.39684516191482544,0.08347815275192261,0.5196766257286072
diagnostic_test,legacy_desktop_ensemble,Beginner3_Drive_010,Beginner3,drive,lob,0.7210017442703247,True,0.018212681636214256,0.7210017442703247,0.2607855200767517
diagnostic_test,legacy_desktop_ensemble,Beginner3_Drive_011,Beginner3,drive,topspin,0.7635122537612915,True,0.0633653774857521,0.17312242090702057,0.7635122537612915
diagnostic_test,legacy_desktop_ensemble,Beginner3_Drive_012,Beginner3,drive,topspin,0.44426798820495605,True,0.12201754748821259,0.43371444940567017,0.44426798820495605
diagnostic_test,legacy_desktop_ensemble,Beginner3_Drive_013,Beginner3,drive,topspin,0.6163994669914246,True,0.17273613810539246,0.2108643800020218,0.6163994669914246
diagnostic_test,legacy_desktop_ensemble,Beginner3_Drive_014,Beginner3,drive,topspin,0.5325466990470886,True,0.3145081400871277,0.1529451608657837,0.5325466990470886
diagnostic_test,legacy_desktop_ensemble,Beginner3_Drive_015,Beginner3,drive,topspin,0.8552392721176147,True,0.03715268522500992,0.10760805755853653,0.8552392721176147
diagnostic_test,legacy_desktop_ensemble,Beginner3_Drive_016,Beginner3,drive,drive,0.7124440670013428,True,0.7124440670013428,0.040505312383174896,0.24705059826374054
diagnostic_test,legacy_desktop_ensemble,Beginner3_Drive_017,Beginner3,drive,topspin,0.7616626620292664,True,0.20546230673789978,0.03287491202354431,0.7616626620292664
diagnostic_test,legacy_desktop_ensemble,Beginner3_Drive_018,Beginner3,drive,topspin,0.6896626949310303,True,0.2979387640953064,0.01239852886646986,0.6896626949310303
diagnostic_test,legacy_desktop_ensemble,Beginner3_Drive_019,Beginner3,drive,topspin,0.8015880584716797,True,0.021491175517439842,0.17692072689533234,0.8015880584716797
diagnostic_test,legacy_desktop_ensemble,Beginner3_Drive_020,Beginner3,drive,drive,0.36405810713768005,True,0.36405810713768005,0.27222323417663574,0.3637186884880066
diagnostic_test,legacy_desktop_ensemble,Beginner3_Drive_021,Beginner3,drive,drive,0.7318102121353149,True,0.7318102121353149,0.05924670770764351,0.20894312858581543
diagnostic_test,legacy_desktop_ensemble,Beginner3_Drive_022,Beginner3,drive,topspin,0.9732125997543335,True,0.009534693323075771,0.01725267991423607,0.9732125997543335
diagnostic_test,legacy_desktop_ensemble,Beginner3_Drive_023,Beginner3,drive,topspin,0.8439264297485352,True,0.08314614742994308,0.07292743027210236,0.8439264297485352
diagnostic_test,legacy_desktop_ensemble,Beginner3_Drive_024,Beginner3,drive,topspin,0.6258872151374817,True,0.07031800597906113,0.3037947416305542,0.6258872151374817
diagnostic_test,legacy_desktop_ensemble,Beginner3_Drive_025,Beginner3,drive,lob,0.7871586680412292,True,0.09935514628887177,0.7871586680412292,0.11348621547222137
diagnostic_test,legacy_desktop_ensemble,Beginner3_Drive_026,Beginner3,drive,topspin,0.977954089641571,True,0.015823127701878548,0.006222742609679699,0.977954089641571
diagnostic_test,legacy_desktop_ensemble,Beginner3_Drive_027,Beginner3,drive,drive,0.48312807083129883,True,0.48312807083129883,0.04620756953954697,0.4706644117832184
diagnostic_test,legacy_desktop_ensemble,Beginner3_Drive_028,Beginner3,drive,topspin,0.971966564655304,True,0.005751446355134249,0.02228200063109398,0.971966564655304
diagnostic_test,legacy_desktop_ensemble,Beginner3_Drive_029,Beginner3,drive,topspin,0.6703402400016785,True,0.14086483418941498,0.18879491090774536,0.6703402400016785
diagnostic_test,legacy_desktop_ensemble,Beginner3_Drive_030,Beginner3,drive,drive,0.4925314784049988,True,0.4925314784049988,0.119063600897789,0.388404905796051
diagnostic_test,legacy_desktop_ensemble,Beginner3_Drive_031,Beginner3,drive,topspin,0.865473747253418,True,0.01667020469903946,0.11785607039928436,0.865473747253418
diagnostic_test,legacy_desktop_ensemble,Beginner3_Lob_001,Beginner3,lob,drive,0.4355688989162445,True,0.4355688989162445,0.22048506140708923,0.34394600987434387
diagnostic_test,legacy_desktop_ensemble,Beginner3_Lob_002,Beginner3,lob,lob,0.4559501111507416,True,0.23487615585327148,0.4559501111507416,0.3091737627983093
diagnostic_test,legacy_desktop_ensemble,Beginner3_Lob_003,Beginner3,lob,drive,0.6464290022850037,True,0.6464290022850037,0.06265805661678314,0.2909128963947296
diagnostic_test,legacy_desktop_ensemble,Beginner3_Lob_004,Beginner3,lob,drive,0.6911479830741882,True,0.6911479830741882,0.01702364906668663,0.29182833433151245
diagnostic_test,legacy_desktop_ensemble,Beginner3_Lob_005,Beginner3,lob,drive,0.7744852304458618,True,0.7744852304458618,0.03072563372552395,0.19478915631771088
diagnostic_test,legacy_desktop_ensemble,Beginner3_Lob_006,Beginner3,lob,drive,0.750733494758606,True,0.750733494758606,0.023374266922473907,0.22589223086833954
diagnostic_test,legacy_desktop_ensemble,Beginner3_Lob_007,Beginner3,lob,drive,0.7209429144859314,True,0.7209429144859314,0.03527306392788887,0.24378398060798645
diagnostic_test,legacy_desktop_ensemble,Beginner3_Lob_008,Beginner3,lob,drive,0.5712625980377197,True,0.5712625980377197,0.0823594257235527,0.34637802839279175
diagnostic_test,legacy_desktop_ensemble,Beginner3_Lob_009,Beginner3,lob,drive,0.6616319417953491,True,0.6616319417953491,0.06248015910387039,0.2758879065513611
diagnostic_test,legacy_desktop_ensemble,Beginner3_Lob_010,Beginner3,lob,topspin,0.8690659403800964,True,0.0074540129862725735,0.12348004430532455,0.8690659403800964
diagnostic_test,legacy_desktop_ensemble,Beginner3_Lob_011,Beginner3,lob,topspin,0.5555330514907837,True,0.15465109050273895,0.28981587290763855,0.5555330514907837
diagnostic_test,legacy_desktop_ensemble,Beginner3_Lob_012,Beginner3,lob,lob,0.6539182662963867,True,0.0047374204732477665,0.6539182662963867,0.34134429693222046
diagnostic_test,legacy_desktop_ensemble,Beginner3_Lob_013,Beginner3,lob,drive,0.4788625240325928,True,0.4788625240325928,0.19482199847698212,0.3263154625892639
diagnostic_test,legacy_desktop_ensemble,Beginner3_Lob_014,Beginner3,lob,lob,0.6008397936820984,True,0.003633081214502454,0.6008397936820984,0.39552706480026245
diagnostic_test,legacy_desktop_ensemble,Beginner3_Lob_015,Beginner3,lob,lob,0.5029517412185669,True,0.003689947072416544,0.5029517412185669,0.4933582842350006
diagnostic_test,legacy_desktop_ensemble,Beginner3_Lob_016,Beginner3,lob,lob,0.4516919255256653,True,0.2120819091796875,0.4516919255256653,0.336226224899292
diagnostic_test,legacy_desktop_ensemble,Beginner3_Lob_017,Beginner3,lob,lob,0.7248287796974182,True,0.00706902053207159,0.7248287796974182,0.26810222864151
diagnostic_test,legacy_desktop_ensemble,Beginner3_Lob_018,Beginner3,lob,topspin,0.5518159866333008,True,0.26357796788215637,0.18460606038570404,0.5518159866333008
diagnostic_test,legacy_desktop_ensemble,Beginner3_Lob_019,Beginner3,lob,lob,0.9502537846565247,True,0.004118393175303936,0.9502537846565247,0.04562780261039734
diagnostic_test,legacy_desktop_ensemble,Beginner3_Lob_020,Beginner3,lob,lob,0.6998839378356934,True,0.003690125420689583,0.6998839378356934,0.2964259386062622
diagnostic_test,legacy_desktop_ensemble,Beginner3_Lob_021,Beginner3,lob,lob,0.49880996346473694,True,0.004613602999597788,0.49880996346473694,0.4965764880180359
diagnostic_test,legacy_desktop_ensemble,Beginner3_Lob_022,Beginner3,lob,lob,0.7030100226402283,True,0.0048820702359080315,0.7030100226402283,0.2921079099178314
diagnostic_test,legacy_desktop_ensemble,Beginner3_Lob_023,Beginner3,lob,drive,0.6700502634048462,True,0.6700502634048462,0.051263224333524704,0.2786864638328552
diagnostic_test,legacy_desktop_ensemble,Beginner3_Lob_024,Beginner3,lob,drive,0.650539755821228,True,0.650539755821228,0.07362713664770126,0.2758331000804901
diagnostic_test,legacy_desktop_ensemble,Beginner3_Lob_025,Beginner3,lob,drive,0.7298291325569153,True,0.7298291325569153,0.038128919899463654,0.23204198479652405
diagnostic_test,legacy_desktop_ensemble,Beginner3_Lob_026,Beginner3,lob,topspin,0.3554394245147705,True,0.3055585026741028,0.3390020430088043,0.3554394245147705
diagnostic_test,legacy_desktop_ensemble,Beginner3_Lob_027,Beginner3,lob,lob,0.5816012620925903,True,0.006644849665462971,0.5816012620925903,0.4117538332939148
diagnostic_test,legacy_desktop_ensemble,Beginner3_Lob_028,Beginner3,lob,lob,0.5325113534927368,True,0.0031525101512670517,0.5325113534927368,0.46433621644973755
diagnostic_test,legacy_desktop_ensemble,Beginner3_Topsin_001,Beginner3,topspin,drive,0.8158169984817505,True,0.8158169984817505,0.014443621039390564,0.16973945498466492
diagnostic_test,legacy_desktop_ensemble,Beginner3_Topsin_002,Beginner3,topspin,topspin,0.6761514544487,True,0.03695036843419075,0.286898136138916,0.6761514544487
diagnostic_test,legacy_desktop_ensemble,Beginner3_Topsin_003,Beginner3,topspin,drive,0.5816667675971985,True,0.5816667675971985,0.06337349116802216,0.35495978593826294
diagnostic_test,legacy_desktop_ensemble,Beginner3_Topsin_004,Beginner3,topspin,topspin,0.9059426188468933,True,0.065581776201725,0.028475528582930565,0.9059426188468933
diagnostic_test,legacy_desktop_ensemble,Beginner3_Topsin_005,Beginner3,topspin,topspin,0.8218180537223816,True,0.12998363375663757,0.04819830134510994,0.8218180537223816
diagnostic_test,legacy_desktop_ensemble,Beginner3_Topsin_006,Beginner3,topspin,topspin,0.9261139631271362,True,0.044147688895463943,0.02973833680152893,0.9261139631271362
diagnostic_test,legacy_desktop_ensemble,Beginner3_Topsin_007,Beginner3,topspin,topspin,0.8866055607795715,True,0.026264047250151634,0.08713040500879288,0.8866055607795715
diagnostic_test,legacy_desktop_ensemble,Beginner3_Topsin_008,Beginner3,topspin,topspin,0.9241036176681519,True,0.0034866915084421635,0.07240965217351913,0.9241036176681519
diagnostic_test,legacy_desktop_ensemble,Beginner3_Topsin_009,Beginner3,topspin,topspin,0.6266385912895203,True,0.004518589470535517,0.3688427805900574,0.6266385912895203
diagnostic_test,legacy_desktop_ensemble,Beginner3_Topsin_010,Beginner3,topspin,topspin,0.5515393614768982,True,0.00427416805177927,0.4441864490509033,0.5515393614768982
diagnostic_test,legacy_desktop_ensemble,Beginner3_Topsin_011,Beginner3,topspin,topspin,0.6262906789779663,True,0.00277883792296052,0.37093040347099304,0.6262906789779663
diagnostic_test,legacy_desktop_ensemble,Beginner3_Topsin_012,Beginner3,topspin,lob,0.975398063659668,True,0.006305444985628128,0.975398063659668,0.01829652488231659
diagnostic_test,legacy_desktop_ensemble,Beginner3_Topsin_013,Beginner3,topspin,topspin,0.945202648639679,True,0.006338175386190414,0.048459164798259735,0.945202648639679
diagnostic_test,legacy_desktop_ensemble,Beginner3_Topsin_014,Beginner3,topspin,topspin,0.5310136079788208,True,0.003707290394231677,0.46527910232543945,0.5310136079788208
diagnostic_test,legacy_desktop_ensemble,Beginner3_Topsin_015,Beginner3,topspin,lob,0.5213885307312012,True,0.009275341406464577,0.5213885307312012,0.4693361818790436
diagnostic_test,legacy_desktop_ensemble,Beginner3_Topsin_016,Beginner3,topspin,topspin,0.9263036847114563,True,0.003784551750868559,0.06991171836853027,0.9263036847114563
diagnostic_test,legacy_desktop_ensemble,Beginner3_Topsin_017,Beginner3,topspin,topspin,0.9656745791435242,True,0.014496937394142151,0.019828464835882187,0.9656745791435242
diagnostic_test,legacy_desktop_ensemble,Beginner3_Topsin_018,Beginner3,topspin,topspin,0.6998804211616516,True,0.008199403062462807,0.29192018508911133,0.6998804211616516
diagnostic_test,legacy_desktop_ensemble,Beginner3_Topsin_019,Beginner3,topspin,topspin,0.9291723966598511,True,0.006186062004417181,0.0646415650844574,0.9291723966598511
diagnostic_test,legacy_desktop_ensemble,Beginner3_Topsin_020,Beginner3,topspin,topspin,0.7284420132637024,True,0.0499424934387207,0.22161558270454407,0.7284420132637024
diagnostic_test,legacy_desktop_ensemble,Beginner3_Topsin_021,Beginner3,topspin,drive,0.5024898648262024,True,0.5024898648262024,0.07679063081741333,0.42071956396102905
diagnostic_test,legacy_desktop_ensemble,Beginner3_Topsin_022,Beginner3,topspin,topspin,0.5107468366622925,True,0.31011444330215454,0.17913876473903656,0.5107468366622925
diagnostic_test,legacy_desktop_ensemble,Beginner3_Topsin_023,Beginner3,topspin,topspin,0.5715581178665161,True,0.10609501600265503,0.32234683632850647,0.5715581178665161
diagnostic_test,legacy_desktop_ensemble,Beginner3_Topsin_024,Beginner3,topspin,drive,0.49653515219688416,True,0.49653515219688416,0.10812773555517197,0.39533713459968567
diagnostic_test,legacy_desktop_ensemble,Beginner3_Topsin_025,Beginner3,topspin,topspin,0.8751910924911499,True,0.005470565520226955,0.11933821439743042,0.8751910924911499
diagnostic_test,legacy_desktop_ensemble,Beginner3_Topsin_026,Beginner3,topspin,drive,0.7469297647476196,True,0.7469297647476196,0.10788444429636002,0.1451859176158905
diagnostic_test,legacy_desktop_ensemble,Nested Sequence 341,Beginner4,drive,topspin,0.8015815615653992,True,0.08851344883441925,0.10990498214960098,0.8015815615653992
diagnostic_test,legacy_desktop_ensemble,Nested Sequence 342,Beginner4,drive,topspin,0.7779390811920166,True,0.10742039978504181,0.11464057117700577,0.7779390811920166
diagnostic_test,legacy_desktop_ensemble,Nested Sequence 343,Beginner4,drive,topspin,0.7668476104736328,True,0.09556373208761215,0.1375887393951416,0.7668476104736328
diagnostic_test,legacy_desktop_ensemble,Nested Sequence 344,Beginner4,drive,topspin,0.6147143840789795,True,0.08852379769086838,0.29676178097724915,0.6147143840789795
diagnostic_test,legacy_desktop_ensemble,Nested Sequence 345,Beginner4,drive,topspin,0.6666901111602783,True,0.18486103415489197,0.1484488844871521,0.6666901111602783
diagnostic_test,legacy_desktop_ensemble,Nested Sequence 346,Beginner4,drive,topspin,0.85204017162323,True,0.11400282382965088,0.033957015722990036,0.85204017162323
diagnostic_test,legacy_desktop_ensemble,Nested Sequence 347,Beginner4,drive,topspin,0.8727676272392273,True,0.10106263309717178,0.026169663295149803,0.8727676272392273
diagnostic_test,legacy_desktop_ensemble,Nested Sequence 348,Beginner4,drive,topspin,0.9297744631767273,True,0.03791137784719467,0.03231419250369072,0.9297744631767273
diagnostic_test,legacy_desktop_ensemble,Nested Sequence 349,Beginner4,drive,topspin,0.9133790135383606,True,0.05713462829589844,0.029486363753676414,0.9133790135383606
diagnostic_test,legacy_desktop_ensemble,Nested Sequence 350,Beginner4,drive,topspin,0.900927722454071,True,0.07489877194166183,0.024173494428396225,0.900927722454071
diagnostic_test,legacy_desktop_ensemble,Nested Sequence 351,Beginner4,drive,topspin,0.815409779548645,True,0.15295235812664032,0.03163788467645645,0.815409779548645
diagnostic_test,legacy_desktop_ensemble,Nested Sequence 352,Beginner4,drive,topspin,0.6044739484786987,True,0.36589741706848145,0.029628675431013107,0.6044739484786987
diagnostic_test,legacy_desktop_ensemble,Nested Sequence 353,Beginner4,drive,topspin,0.7305833101272583,True,0.20427434146404266,0.06514235585927963,0.7305833101272583
diagnostic_test,legacy_desktop_ensemble,Nested Sequence 354,Beginner4,drive,topspin,0.8754581212997437,True,0.06377100944519043,0.06077082082629204,0.8754581212997437
diagnostic_test,legacy_desktop_ensemble,Nested Sequence 355,Beginner4,drive,topspin,0.7100898027420044,True,0.23959438502788544,0.05031578615307808,0.7100898027420044
diagnostic_test,legacy_desktop_ensemble,Nested Sequence 356,Beginner4,drive,topspin,0.839713454246521,True,0.09911273419857025,0.061173807829618454,0.839713454246521
diagnostic_test,legacy_desktop_ensemble,Nested Sequence 357,Beginner4,drive,topspin,0.8107318878173828,True,0.13057570159435272,0.05869244411587715,0.8107318878173828
diagnostic_test,legacy_desktop_ensemble,Nested Sequence 358,Beginner4,drive,topspin,0.5284239053726196,True,0.44947806000709534,0.022098004817962646,0.5284239053726196
diagnostic_test,legacy_desktop_ensemble,Nested Sequence 359,Beginner4,drive,topspin,0.9359055757522583,True,0.04053899645805359,0.023555418476462364,0.9359055757522583
diagnostic_test,legacy_desktop_ensemble,Nested Sequence 360,Beginner4,drive,topspin,0.7239745259284973,True,0.26005271077156067,0.015972811728715897,0.7239745259284973
diagnostic_test,legacy_desktop_ensemble,Nested Sequence 361,Beginner4,drive,topspin,0.8824360966682434,True,0.09012104570865631,0.02744288742542267,0.8824360966682434
diagnostic_test,legacy_desktop_ensemble,Nested Sequence 362,Beginner4,drive,topspin,0.7489245533943176,True,0.23849451541900635,0.012580960988998413,0.7489245533943176
diagnostic_test,legacy_desktop_ensemble,Nested Sequence 363,Beginner4,drive,topspin,0.901171863079071,True,0.07207406312227249,0.026754075661301613,0.901171863079071
diagnostic_test,legacy_desktop_ensemble,Nested Sequence 364,Beginner4,drive,topspin,0.7048584222793579,True,0.23153743147850037,0.0636041909456253,0.7048584222793579
diagnostic_test,legacy_desktop_ensemble,Nested Sequence 365,Beginner4,drive,topspin,0.9418279528617859,True,0.03403644636273384,0.024135533720254898,0.9418279528617859
diagnostic_test,legacy_desktop_ensemble,Nested Sequence 366,Beginner4,drive,topspin,0.575471043586731,True,0.4040171205997467,0.02051187865436077,0.575471043586731
diagnostic_test,legacy_desktop_ensemble,Nested Sequence 367,Beginner4,drive,topspin,0.5592824816703796,True,0.42539334297180176,0.01532425545156002,0.5592824816703796
diagnostic_test,legacy_desktop_ensemble,Nested Sequence 368,Beginner4,drive,topspin,0.7561090588569641,True,0.1834961175918579,0.06039482355117798,0.7561090588569641
diagnostic_test,legacy_desktop_ensemble,Nested Sequence 369,Beginner4,drive,topspin,0.8911739587783813,True,0.0744858905673027,0.03434010222554207,0.8911739587783813
diagnostic_test,legacy_desktop_ensemble,Nested Sequence 370,Beginner4,drive,topspin,0.6270707249641418,True,0.35092344880104065,0.022005798295140266,0.6270707249641418
diagnostic_test,legacy_desktop_ensemble,Nested Sequence 311,Beginner4,lob,lob,0.7440119385719299,True,0.005308029241859913,0.7440119385719299,0.2506800889968872
diagnostic_test,legacy_desktop_ensemble,Nested Sequence 312,Beginner4,lob,lob,0.6108445525169373,True,0.006118853110820055,0.6108445525169373,0.3830365538597107
diagnostic_test,legacy_desktop_ensemble,Nested Sequence 313,Beginner4,lob,lob,0.5047868490219116,True,0.008899311535060406,0.5047868490219116,0.4863138794898987
diagnostic_test,legacy_desktop_ensemble,Nested Sequence 314,Beginner4,lob,lob,0.8179596066474915,True,0.006681190337985754,0.8179596066474915,0.17535923421382904
diagnostic_test,legacy_desktop_ensemble,Nested Sequence 315,Beginner4,lob,lob,0.7946425676345825,True,0.005636598914861679,0.7946425676345825,0.1997208297252655
diagnostic_test,legacy_desktop_ensemble,Nested Sequence 316,Beginner4,lob,lob,0.5246962904930115,True,0.00738717895001173,0.5246962904930115,0.46791648864746094
diagnostic_test,legacy_desktop_ensemble,Nested Sequence 317,Beginner4,lob,lob,0.5340055227279663,True,0.008733285591006279,0.5340055227279663,0.45726117491722107
diagnostic_test,legacy_desktop_ensemble,Nested Sequence 318,Beginner4,lob,lob,0.8962739706039429,True,0.006576597690582275,0.8962739706039429,0.09714938700199127
diagnostic_test,legacy_desktop_ensemble,Nested Sequence 319,Beginner4,lob,lob,0.7718278169631958,True,0.0028188591822981834,0.7718278169631958,0.22535331547260284
diagnostic_test,legacy_desktop_ensemble,Nested Sequence 320,Beginner4,lob,lob,0.8030428886413574,True,0.003452454460784793,0.8030428886413574,0.19350461661815643
diagnostic_test,legacy_desktop_ensemble,Nested Sequence 321,Beginner4,lob,lob,0.7426913380622864,True,0.007144479546695948,0.7426913380622864,0.2501641809940338
diagnostic_test,legacy_desktop_ensemble,Nested Sequence 322,Beginner4,lob,lob,0.8725899457931519,True,0.0033630162943154573,0.8725899457931519,0.12404705584049225
diagnostic_test,legacy_desktop_ensemble,Nested Sequence 323,Beginner4,lob,lob,0.5057882070541382,True,0.00963839702308178,0.5057882070541382,0.4845734238624573
diagnostic_test,legacy_desktop_ensemble,Nested Sequence 324,Beginner4,lob,lob,0.8094738125801086,True,0.008706601336598396,0.8094738125801086,0.18181970715522766
diagnostic_test,legacy_desktop_ensemble,Nested Sequence 325,Beginner4,lob,topspin,0.6546750664710999,True,0.01179441250860691,0.33353057503700256,0.6546750664710999
diagnostic_test,legacy_desktop_ensemble,Nested Sequence 326,Beginner4,lob,lob,0.5324073433876038,True,0.01247725635766983,0.5324073433876038,0.455115407705307
diagnostic_test,legacy_desktop_ensemble,Nested Sequence 327,Beginner4,lob,lob,0.8619016408920288,True,0.009325308725237846,0.8619016408920288,0.12877297401428223
diagnostic_test,legacy_desktop_ensemble,Nested Sequence 328,Beginner4,lob,lob,0.4811875820159912,True,0.05146249011158943,0.4811875820159912,0.46734991669654846
diagnostic_test,legacy_desktop_ensemble,Nested Sequence 329,Beginner4,lob,lob,0.5644263029098511,True,0.06878463178873062,0.5644263029098511,0.3667890429496765
diagnostic_test,legacy_desktop_ensemble,Nested Sequence 330,Beginner4,lob,lob,0.9767797589302063,True,0.0028020981699228287,0.9767797589302063,0.020418142899870872
diagnostic_test,legacy_desktop_ensemble,Nested Sequence 331,Beginner4,lob,lob,0.5362216234207153,True,0.05703619122505188,0.5362216234207153,0.40674224495887756
diagnostic_test,legacy_desktop_ensemble,Nested Sequence 332,Beginner4,lob,lob,0.7914267778396606,True,0.04091575741767883,0.7914267778396606,0.16765746474266052
diagnostic_test,legacy_desktop_ensemble,Nested Sequence 333,Beginner4,lob,lob,0.6271443963050842,True,0.09701575338840485,0.6271443963050842,0.2758398652076721
diagnostic_test,legacy_desktop_ensemble,Nested Sequence 334,Beginner4,lob,topspin,0.7823512554168701,True,0.024822479113936424,0.19282624125480652,0.7823512554168701
diagnostic_test,legacy_desktop_ensemble,Nested Sequence 335,Beginner4,lob,lob,0.5961270928382874,True,0.004600209183990955,0.5961270928382874,0.39927273988723755
diagnostic_test,legacy_desktop_ensemble,Nested Sequence 336,Beginner4,lob,topspin,0.5674148201942444,True,0.04465209320187569,0.3879331052303314,0.5674148201942444
diagnostic_test,legacy_desktop_ensemble,Nested Sequence 337,Beginner4,lob,topspin,0.5935443639755249,True,0.04857080429792404,0.35788482427597046,0.5935443639755249
diagnostic_test,legacy_desktop_ensemble,Nested Sequence 338,Beginner4,lob,topspin,0.7496558427810669,True,0.0216070506721735,0.22873711585998535,0.7496558427810669
diagnostic_test,legacy_desktop_ensemble,Nested Sequence 339,Beginner4,lob,topspin,0.5276352167129517,True,0.010648651979863644,0.4617161750793457,0.5276352167129517
diagnostic_test,legacy_desktop_ensemble,Nested Sequence 340,Beginner4,lob,topspin,0.9214493036270142,True,0.013047141954302788,0.0655035525560379,0.9214493036270142
diagnostic_test,legacy_desktop_ensemble,Nested Sequence 371,Beginner4,topspin,topspin,0.8166128396987915,True,0.01585187390446663,0.16753527522087097,0.8166128396987915
diagnostic_test,legacy_desktop_ensemble,Nested Sequence 372,Beginner4,topspin,topspin,0.6722842454910278,True,0.02002744935452938,0.30768829584121704,0.6722842454910278
diagnostic_test,legacy_desktop_ensemble,Nested Sequence 373,Beginner4,topspin,topspin,0.862329363822937,True,0.09020254015922546,0.047468069940805435,0.862329363822937
diagnostic_test,legacy_desktop_ensemble,Nested Sequence 374,Beginner4,topspin,topspin,0.6895410418510437,True,0.2201661765575409,0.09029275923967361,0.6895410418510437
diagnostic_test,legacy_desktop_ensemble,Nested Sequence 375,Beginner4,topspin,topspin,0.6587436199188232,True,0.27688974142074585,0.0643666535615921,0.6587436199188232
diagnostic_test,legacy_desktop_ensemble,Nested Sequence 376,Beginner4,topspin,topspin,0.7451992034912109,True,0.19777701795101166,0.05702376365661621,0.7451992034912109
diagnostic_test,legacy_desktop_ensemble,Nested Sequence 377,Beginner4,topspin,topspin,0.8553959727287292,True,0.03492109850049019,0.10968299210071564,0.8553959727287292
diagnostic_test,legacy_desktop_ensemble,Nested Sequence 378,Beginner4,topspin,topspin,0.6454547643661499,True,0.3353230059146881,0.019222240895032883,0.6454547643661499
diagnostic_test,legacy_desktop_ensemble,Nested Sequence 379,Beginner4,topspin,topspin,0.9450212717056274,True,0.02681216597557068,0.028166601434350014,0.9450212717056274
diagnostic_test,legacy_desktop_ensemble,Nested Sequence 380,Beginner4,topspin,topspin,0.9418207406997681,True,0.02833489514887333,0.029844343662261963,0.9418207406997681
diagnostic_test,legacy_desktop_ensemble,Nested Sequence 381,Beginner4,topspin,topspin,0.9377585649490356,True,0.04516633227467537,0.01707511767745018,0.9377585649490356
diagnostic_test,legacy_desktop_ensemble,Nested Sequence 382,Beginner4,topspin,topspin,0.9511414766311646,True,0.018675047904253006,0.030183425173163414,0.9511414766311646
diagnostic_test,legacy_desktop_ensemble,Nested Sequence 383,Beginner4,topspin,topspin,0.7523743510246277,True,0.13890406489372253,0.10872157663106918,0.7523743510246277
diagnostic_test,legacy_desktop_ensemble,Nested Sequence 384,Beginner4,topspin,topspin,0.9600641131401062,True,0.02243318036198616,0.01750265434384346,0.9600641131401062
diagnostic_test,legacy_desktop_ensemble,Nested Sequence 385,Beginner4,topspin,topspin,0.9109569787979126,True,0.06010441109538078,0.02893863618373871,0.9109569787979126
diagnostic_test,legacy_desktop_ensemble,Nested Sequence 386,Beginner4,topspin,topspin,0.6638410687446594,True,0.3107268214225769,0.025432128459215164,0.6638410687446594
diagnostic_test,legacy_desktop_ensemble,Nested Sequence 387,Beginner4,topspin,topspin,0.8564162254333496,True,0.11134228855371475,0.03224150091409683,0.8564162254333496
diagnostic_test,legacy_desktop_ensemble,Nested Sequence 388,Beginner4,topspin,topspin,0.6875482797622681,True,0.2971211373806,0.015330582857131958,0.6875482797622681
diagnostic_test,legacy_desktop_ensemble,Nested Sequence 389,Beginner4,topspin,topspin,0.952130138874054,True,0.025771265849471092,0.02209864743053913,0.952130138874054
diagnostic_test,legacy_desktop_ensemble,Nested Sequence 390,Beginner4,topspin,topspin,0.8718082308769226,True,0.0879117101430893,0.040280040353536606,0.8718082308769226
diagnostic_test,legacy_desktop_ensemble,Nested Sequence 391,Beginner4,topspin,topspin,0.9077510833740234,True,0.040611445903778076,0.051637470722198486,0.9077510833740234
diagnostic_test,legacy_desktop_ensemble,Nested Sequence 392,Beginner4,topspin,topspin,0.8658725619316101,True,0.058576811105012894,0.0755506157875061,0.8658725619316101
diagnostic_test,legacy_desktop_ensemble,Nested Sequence 393,Beginner4,topspin,topspin,0.7137333750724792,True,0.22000403702259064,0.06626260280609131,0.7137333750724792
diagnostic_test,legacy_desktop_ensemble,Nested Sequence 394,Beginner4,topspin,topspin,0.9623470306396484,True,0.01606965996325016,0.02158331498503685,0.9623470306396484
diagnostic_test,legacy_desktop_ensemble,Nested Sequence 395,Beginner4,topspin,topspin,0.7652804255485535,True,0.2161162793636322,0.018603280186653137,0.7652804255485535
diagnostic_test,legacy_desktop_ensemble,Nested Sequence 396,Beginner4,topspin,topspin,0.9656257629394531,True,0.013781907968223095,0.0205923430621624,0.9656257629394531
diagnostic_test,legacy_desktop_ensemble,Nested Sequence 397,Beginner4,topspin,topspin,0.9723272323608398,True,0.0146989356726408,0.012973787263035774,0.9723272323608398
diagnostic_test,legacy_desktop_ensemble,Nested Sequence 398,Beginner4,topspin,topspin,0.9302186965942383,True,0.046712715178728104,0.023068638518452644,0.9302186965942383
diagnostic_test,legacy_desktop_ensemble,Nested Sequence 399,Beginner4,topspin,topspin,0.9524323344230652,True,0.018802370876073837,0.028765279799699783,0.9524323344230652
diagnostic_test,legacy_desktop_ensemble,Nested Sequence 400,Beginner4,topspin,topspin,0.96099454164505,True,0.0158387478441,0.023166745901107788,0.96099454164505
